output,category,line,col,legacy_kind,legacy_id,legacy_message,new_kind,new_message,tags
test/ASTGenParity/Parse/missing/COM.swift,message-differs,42,16,error,attr_expected_colon_after_label,expected ':' after label 'interface',error,"unexpected code '""""' in attribute",
test/ASTGenParity/Parse/missing/COM.swift,message-differs,46,17,error,attr_expected_string_literal,expected string literal in 'com' attribute,error,expected string literal,
test/ASTGenParity/Parse/missing/COM.swift,message-differs,54,22,error,attr_expected_string_literal,expected string literal in 'com' attribute,error,expected string literal,
test/ASTGenParity/Parse/missing/COM.swift,missing,38,6,error,attr_com_expected_label,"expected 'interface:', 'implementation:', or 'threading:' in '@com' attribute",,,
test/ASTGenParity/Parse/missing/COM.swift,missing,50,6,error,attr_com_unknown_label,"unknown label 'label' in '@com' attribute; expected 'interface:', 'implementation:', or 'threading:'",,,
test/ASTGenParity/Parse/missing/COM.swift,missing,58,73,error,attr_com_expected_threading_model,"expected threading model (.single, .apartment, .free, .both, or .neutral)",,,
test/ASTGenParity/Parse/missing/COM.swift,missing,62,74,error,attr_com_unknown_threading_model,"unknown threading model 'unknown'; expected 'single', 'apartment', 'free', 'both', or 'neutral'",,,
test/ASTGenParity/Parse/passing/ConditionalCompilation/aarch64AndroidTarget.swift,matched,0,0,warning,libc_not_found,libc not found for 'aarch64-unknown-linux-android'; C stdlib may be unavailable,warning,libc not found for 'aarch64-unknown-linux-android'; C stdlib may be unavailable,unknown_loc
test/ASTGenParity/Parse/passing/ConditionalCompilation/armAndroidTarget.swift,matched,0,0,warning,libc_not_found,libc not found for 'armv7-unknown-linux-androideabi'; C stdlib may be unavailable,warning,libc not found for 'armv7-unknown-linux-androideabi'; C stdlib may be unavailable,unknown_loc
test/ASTGenParity/Parse/passing/ConditionalCompilation/avrTarget.swift,matched,0,0,warning,warning_from_clang,"no target microcontroller specified, please pass -mmcu=<mcu name>",warning,"no target microcontroller specified, please pass -mmcu=<mcu name>",unknown_loc
test/ASTGenParity/Parse/ifconfig/ConditionalCompilation/basicParseErrors.swift,matched,3,9,error,bridged_error,expected '&&' or '||' expression,error,expected '&&' or '||' expression,ifconfig_condition
test/ASTGenParity/Parse/ifconfig/ConditionalCompilation/basicParseErrors.swift,matched,17,8,error,extra_tokens_conditional_compilation_directive,extra tokens following conditional compilation directive,error,extra tokens following conditional compilation directive,ifconfig_condition
test/ASTGenParity/Parse/ifconfig/ConditionalCompilation/basicParseErrors.swift,matched,21,7,error,extra_tokens_conditional_compilation_directive,extra tokens following conditional compilation directive,error,extra tokens following conditional compilation directive,ifconfig_condition
test/ASTGenParity/Parse/ifconfig/ConditionalCompilation/basicParseErrors.swift,wrong-column,37,4,error,incomplete_conditional_compilation_directive,incomplete condition in conditional compilation directive,error,invalid conditional compilation expression,ifconfig_condition
test/ASTGenParity/Parse/ifconfig/ConditionalCompilation/basicParseErrors.swift,missing,38,9,error,incomplete_conditional_compilation_directive,incomplete condition in conditional compilation directive,,,ifconfig_condition
test/ASTGenParity/Parse/ifconfig/ConditionalCompilation/basicParseErrors.swift,missing,39,6,error,lex_unary_equal,'=' must have consistent whitespace on both sides,,,ifconfig_condition
test/ASTGenParity/Parse/ifconfig/ConditionalCompilation/basicParseErrors.swift,missing,39,7,error,incomplete_conditional_compilation_directive,incomplete condition in conditional compilation directive,,,ifconfig_condition
test/ASTGenParity/Parse/ifconfig/ConditionalCompilation/basicParseErrors.swift,missing,41,6,error,incomplete_conditional_compilation_directive,incomplete condition in conditional compilation directive,,,ifconfig_condition
test/ASTGenParity/Parse/ifconfig/ConditionalCompilation/basicParseErrors.swift,missing,42,11,error,incomplete_conditional_compilation_directive,incomplete condition in conditional compilation directive,,,ifconfig_condition
test/ASTGenParity/Parse/ifconfig/ConditionalCompilation/basicParseErrors.swift,missing,43,8,error,lex_unary_equal,'=' must have consistent whitespace on both sides,,,ifconfig_condition
test/ASTGenParity/Parse/ifconfig/ConditionalCompilation/basicParseErrors.swift,missing,43,9,error,incomplete_conditional_compilation_directive,incomplete condition in conditional compilation directive,,,ifconfig_condition
test/ASTGenParity/Parse/ifconfig/ConditionalCompilation/basicParseErrors.swift,missing,49,3,error,expected_close_after_else_directive,further conditions after #else are unreachable,,,ifconfig_condition
test/ASTGenParity/Parse/ifconfig/ConditionalCompilation/basicParseErrors.swift,missing,61,1,error,expected_close_after_else_directive,further conditions after #else are unreachable,,,ifconfig_condition
test/ASTGenParity/Parse/ifconfig/ConditionalCompilation/basicParseErrors.swift,missing,92,8,error,expected_stmt,expected statement,,,in_ifconfig_clause
test/ASTGenParity/Parse/ifconfig/ConditionalCompilation/basicParseErrors.swift,missing,97,5,error,expected_expr,expected expression,,,in_ifconfig_clause
test/ASTGenParity/Parse/ifconfig/ConditionalCompilation/basicParseErrors.swift,missing,152,7,error,unexpected_if_following_else_compilation_directive,unexpected 'if' keyword following '#else' conditional compilation directive; did you mean '#elseif'?,,,ifconfig_condition
test/ASTGenParity/Parse/ifconfig/ConditionalCompilation/basicParseErrors.swift,extra,7,5,,,,error,expected unary '!' expression,ifconfig_condition
test/ASTGenParity/Parse/ifconfig/ConditionalCompilation/basicParseErrors.swift,extra,11,5,,,,error,invalid conditional compilation expression,ifconfig_condition
test/ASTGenParity/Parse/ifconfig/ConditionalCompilation/basicParseErrors.swift,extra,30,5,,,,error,invalid conditional compilation expression,ifconfig_condition
test/ASTGenParity/Parse/ifconfig/ConditionalCompilation/can_import_options.swift,extra,12,15,,,,warning,cannot find user version number for module 'Foo'; version number ignored,ifconfig_condition
test/ASTGenParity/Parse/ifconfig/ConditionalCompilation/can_import_options.swift,extra,75,30,,,,warning,trailing components of version '113.330.1.2.0' are ignored,ifconfig_condition
test/ASTGenParity/Parse/ifconfig/ConditionalCompilation/can_import_options.swift,extra,79,15,,,,warning,cannot find user version number for Clang module 'Bar'; version number ignored,ifconfig_condition
test/ASTGenParity/Parse/ifconfig/ConditionalCompilation/can_import_options.swift,extra,146,40,,,,warning,trailing components of version '113.330.1.2.0' are ignored,ifconfig_condition
test/ASTGenParity/Parse/ifconfig/ConditionalCompilation/can_import_submodule.swift,extra,6,8,,,,error,should can import A,in_ifconfig_clause
test/ASTGenParity/Parse/ifconfig/ConditionalCompilation/can_import_submodule.swift,extra,12,8,,,,error,should can import A.B,in_ifconfig_clause
test/ASTGenParity/Parse/ifconfig/ConditionalCompilation/can_import_submodule.swift,extra,18,8,,,,error,should can import A.B.C,in_ifconfig_clause
test/ASTGenParity/Parse/ifconfig/ConditionalCompilation/can_import_submodule.swift,extra,51,15,,,,error,expected module name,ifconfig_condition
test/ASTGenParity/Parse/ifconfig/ConditionalCompilation/can_import_submodule.swift,extra,54,15,,,,error,expected module name,ifconfig_condition
test/ASTGenParity/Parse/ifconfig/ConditionalCompilation/can_import_submodule.swift,extra,57,15,,,,error,expected module name,ifconfig_condition
test/ASTGenParity/Parse/ifconfig/ConditionalCompilation/can_import_submodule.swift,extra,60,15,,,,error,expected module name,ifconfig_condition
test/ASTGenParity/Parse/ifconfig/ConditionalCompilation/can_import_submodule.swift,extra,63,15,,,,error,expected module name,ifconfig_condition
test/ASTGenParity/Parse/ifconfig/ConditionalCompilation/can_import_submodule_private.swift,extra,4,8,,,,error,should can import A.Private,in_ifconfig_clause
test/ASTGenParity/Parse/ifconfig/ConditionalCompilation/can_import_submodule_private.swift,extra,10,8,,,,error,should can import A_Private,in_ifconfig_clause
test/ASTGenParity/Parse/ifconfig/ConditionalCompilation/can_import_submodule_private.swift,extra,16,8,,,,error,should can import A_Private.BP,in_ifconfig_clause
test/ASTGenParity/Parse/ifconfig/ConditionalCompilation/can_import_submodule_private.swift,extra,22,8,,,,error,should can import A_Private.BP.CP,in_ifconfig_clause
test/ASTGenParity/Parse/ifconfig/ConditionalCompilation/can_import_version.swift,extra,18,15,,,,warning,cannot find module 'Foo' for canImport check; the directive will evaluate to false,ifconfig_condition
test/ASTGenParity/Parse/ifconfig/ConditionalCompilation/can_import_version.swift,extra,22,15,,,,warning,cannot find module 'Foo' for canImport check; the directive will evaluate to false,ifconfig_condition
test/ASTGenParity/Parse/ifconfig/ConditionalCompilation/can_import_version.swift,extra,26,15,,,,warning,cannot find module 'Foo' for canImport check; the directive will evaluate to false,ifconfig_condition
test/ASTGenParity/Parse/ifconfig/ConditionalCompilation/can_import_version.swift,extra,30,15,,,,warning,cannot find module 'Foo' for canImport check; the directive will evaluate to false,ifconfig_condition
test/ASTGenParity/Parse/ifconfig/ConditionalCompilation/can_import_version.swift,extra,34,15,,,,warning,cannot find module 'Foo' for canImport check; the directive will evaluate to false,ifconfig_condition
test/ASTGenParity/Parse/ifconfig/ConditionalCompilation/can_import_version.swift,extra,38,15,,,,warning,cannot find module 'Foo' for canImport check; the directive will evaluate to false,ifconfig_condition
test/ASTGenParity/Parse/ifconfig/ConditionalCompilation/can_import_version.swift,extra,42,15,,,,warning,cannot find module 'Foo' for canImport check; the directive will evaluate to false,ifconfig_condition
test/ASTGenParity/Parse/ifconfig/ConditionalCompilation/can_import_version.swift,extra,46,15,,,,warning,cannot find module 'Foo' for canImport check; the directive will evaluate to false,ifconfig_condition
test/ASTGenParity/Parse/ifconfig/ConditionalCompilation/can_import_version.swift,extra,50,15,,,,warning,cannot find module 'Foo' for canImport check; the directive will evaluate to false,ifconfig_condition
test/ASTGenParity/Parse/ifconfig/ConditionalCompilation/can_import_version.swift,extra,54,15,,,,warning,cannot find module 'Foo' for canImport check; the directive will evaluate to false,ifconfig_condition
test/ASTGenParity/Parse/ifconfig/ConditionalCompilation/can_import_version.swift,extra,58,15,,,,warning,cannot find module 'Foo' for canImport check; the directive will evaluate to false,ifconfig_condition
test/ASTGenParity/Parse/ifconfig/ConditionalCompilation/can_import_version.swift,extra,62,15,,,,warning,cannot find module 'Foo' for canImport check; the directive will evaluate to false,ifconfig_condition
test/ASTGenParity/Parse/ifconfig/ConditionalCompilation/can_import_version.swift,extra,66,15,,,,warning,cannot find module 'Foo' for canImport check; the directive will evaluate to false,ifconfig_condition
test/ASTGenParity/Parse/ifconfig/ConditionalCompilation/can_import_version.swift,extra,70,15,,,,warning,cannot find module 'Foo' for canImport check; the directive will evaluate to false,ifconfig_condition
test/ASTGenParity/Parse/ifconfig/ConditionalCompilation/can_import_version.swift,extra,70,30,,,,warning,trailing components of version '113.330.1.2.0' are ignored,ifconfig_condition
test/ASTGenParity/Parse/ifconfig/ConditionalCompilation/can_import_version.swift,extra,74,15,,,,warning,cannot find module 'Foo' for canImport check; the directive will evaluate to false,ifconfig_condition
test/ASTGenParity/Parse/ifconfig/ConditionalCompilation/can_import_version.swift,extra,90,15,,,,warning,cannot find module 'Foo' for canImport check; the directive will evaluate to false,ifconfig_condition
test/ASTGenParity/Parse/ifconfig/ConditionalCompilation/can_import_version.swift,extra,94,15,,,,warning,cannot find module 'Foo' for canImport check; the directive will evaluate to false,ifconfig_condition
test/ASTGenParity/Parse/ifconfig/ConditionalCompilation/can_import_version.swift,extra,98,15,,,,warning,cannot find module 'Foo' for canImport check; the directive will evaluate to false,ifconfig_condition
test/ASTGenParity/Parse/ifconfig/ConditionalCompilation/can_import_version.swift,extra,102,15,,,,warning,cannot find module 'Foo' for canImport check; the directive will evaluate to false,ifconfig_condition
test/ASTGenParity/Parse/ifconfig/ConditionalCompilation/can_import_version.swift,extra,106,15,,,,warning,cannot find module 'Foo' for canImport check; the directive will evaluate to false,ifconfig_condition
test/ASTGenParity/Parse/ifconfig/ConditionalCompilation/can_import_version.swift,extra,110,15,,,,warning,cannot find module 'Foo' for canImport check; the directive will evaluate to false,ifconfig_condition
test/ASTGenParity/Parse/ifconfig/ConditionalCompilation/can_import_version.swift,extra,114,15,,,,warning,cannot find module 'Foo' for canImport check; the directive will evaluate to false,ifconfig_condition
test/ASTGenParity/Parse/ifconfig/ConditionalCompilation/can_import_version.swift,extra,118,15,,,,warning,cannot find module 'Foo' for canImport check; the directive will evaluate to false,ifconfig_condition
test/ASTGenParity/Parse/ifconfig/ConditionalCompilation/can_import_version.swift,extra,122,15,,,,warning,cannot find module 'Foo' for canImport check; the directive will evaluate to false,ifconfig_condition
test/ASTGenParity/Parse/ifconfig/ConditionalCompilation/can_import_version.swift,extra,126,15,,,,warning,cannot find module 'Foo' for canImport check; the directive will evaluate to false,ifconfig_condition
test/ASTGenParity/Parse/ifconfig/ConditionalCompilation/can_import_version.swift,extra,130,15,,,,warning,cannot find module 'Foo' for canImport check; the directive will evaluate to false,ifconfig_condition
test/ASTGenParity/Parse/ifconfig/ConditionalCompilation/can_import_version.swift,extra,134,15,,,,warning,cannot find module 'Foo' for canImport check; the directive will evaluate to false,ifconfig_condition
test/ASTGenParity/Parse/ifconfig/ConditionalCompilation/can_import_version.swift,extra,138,15,,,,warning,cannot find module 'Foo' for canImport check; the directive will evaluate to false,ifconfig_condition
test/ASTGenParity/Parse/ifconfig/ConditionalCompilation/can_import_version.swift,extra,142,15,,,,warning,cannot find module 'Foo' for canImport check; the directive will evaluate to false,ifconfig_condition
test/ASTGenParity/Parse/ifconfig/ConditionalCompilation/can_import_version.swift,extra,142,30,,,,warning,trailing components of version '113.330.1.2.0' are ignored,ifconfig_condition
test/ASTGenParity/Parse/ifconfig/ConditionalCompilation/can_import_version.swift,extra,146,15,,,,warning,cannot find module 'Foo' for canImport check; the directive will evaluate to false,ifconfig_condition
test/ASTGenParity/Parse/ifconfig/ConditionalCompilation/can_import_version.swift,extra,153,15,,,,warning,cannot find module 'NoSuchModule' for canImport check; the directive will evaluate to false,ifconfig_condition
test/ASTGenParity/Parse/ifconfig/ConditionalCompilation/can_import_version.swift,extra,158,15,,,,warning,cannot find module 'NoSuchModule' for canImport check; the directive will evaluate to false,ifconfig_condition
test/ASTGenParity/Parse/ifconfig/ConditionalCompilation/can_import_version.swift,extra,173,15,,,,warning,cannot find module 'AnotherMissingModule' for canImport check; the directive will evaluate to false,ifconfig_condition
test/ASTGenParity/Parse/ifconfig/ConditionalCompilation/can_import_version_astgen.swift,extra,28,15,,,,warning,cannot find module 'NoUserModuleVersion' for canImport check; the directive will evaluate to false,ifconfig_condition
test/ASTGenParity/Parse/ifconfig/ConditionalCompilation/can_import_version_bad_binary_module.swift,extra,17,15,,,,warning,cannot find module 'BadBinaryModule' for canImport check; the directive will evaluate to false,ifconfig_condition
test/ASTGenParity/Parse/ifconfig/ConditionalCompilation/can_import_version_bad_binary_module.swift,extra,21,15,,,,warning,cannot find module 'BadBinaryModule' for canImport check; the directive will evaluate to false,ifconfig_condition
test/ASTGenParity/Parse/ifconfig/ConditionalCompilation/can_import_version_emitted_once.swift,extra,28,15,,,,warning,cannot find module 'NoUserModuleVersion' for canImport check; the directive will evaluate to false,ifconfig_condition
test/ASTGenParity/Parse/ifconfig/ConditionalCompilation/can_import_version_missing_user_module_version.swift,extra,16,15,,,,warning,cannot find module 'NoUserModuleVersion' for canImport check; the directive will evaluate to false,ifconfig_condition
test/ASTGenParity/Parse/ifconfig/ConditionalCompilation/can_import_version_missing_user_module_version.swift,extra,20,15,,,,warning,cannot find module 'NoUserModuleVersion' for canImport check; the directive will evaluate to false,ifconfig_condition
test/ASTGenParity/Parse/ifconfig/ConditionalCompilation/compiler.cfg1.swift,extra,57,16,,,,warning,trailing components of version '4.1.0.0.0' are ignored,ifconfig_condition
test/ASTGenParity/Parse/ifconfig/ConditionalCompilation/compiler.cfg2.swift,extra,57,16,,,,warning,trailing components of version '4.1.0.0.0' are ignored,ifconfig_condition
test/ASTGenParity/Parse/ifconfig/ConditionalCompilation/compiler_version.swift,extra,37,24,,,,error,"'_compiler_version' version check has invalid version '""700a.*.10""'",ifconfig_condition
test/ASTGenParity/Parse/ifconfig/ConditionalCompilation/compiler_version.swift,extra,40,24,,,,error,found empty version component,ifconfig_condition
test/ASTGenParity/Parse/ifconfig/ConditionalCompilation/compiler_version.swift,extra,43,24,,,,error,found empty version component,ifconfig_condition
test/ASTGenParity/Parse/ifconfig/ConditionalCompilation/compiler_version.swift,extra,49,23,,,,warning,the second version component is not used for comparison in legacy compiler versions,ifconfig_condition
test/ASTGenParity/Parse/ifconfig/ConditionalCompilation/compiler_version.swift,extra,52,23,,,,warning,the second version component is not used for comparison in legacy compiler versions,ifconfig_condition
test/ASTGenParity/Parse/ifconfig/ConditionalCompilation/compiler_version.swift,extra,55,23,,,,warning,trailing components of version '700.0.1.1.1' are ignored,ifconfig_condition
test/ASTGenParity/Parse/ifconfig/ConditionalCompilation/compiler_version.swift,extra,58,24,,,,error,compiler version component '9223372' is not in the allowed range 0...9223371,ifconfig_condition
test/ASTGenParity/Parse/ifconfig/ConditionalCompilation/compiler_version.swift,extra,61,24,,,,error,compiler version component '1000' is not in the allowed range 0...999,ifconfig_condition
test/ASTGenParity/Parse/ifconfig/ConditionalCompilation/compiler_version.swift,extra,64,24,,,,error,compiler version component '1000' is not in the allowed range 0...999,ifconfig_condition
test/ASTGenParity/Parse/ifconfig/ConditionalCompilation/compiler_version.swift,extra,67,24,,,,error,compiler version component '1000' is not in the allowed range 0...999,ifconfig_condition
test/ASTGenParity/Parse/ifconfig/ConditionalCompilation/compoundName_swift4.swift,extra,4,5,,,,error,invalid conditional compilation expression,ifconfig_condition
test/ASTGenParity/Parse/ifconfig/ConditionalCompilation/compoundName_swift4.swift,extra,5,9,,,,error,invalid conditional compilation expression,ifconfig_condition
test/ASTGenParity/Parse/ifconfig/ConditionalCompilation/compoundName_swift4.swift,extra,6,9,,,,error,'os' requires a single unlabeled argument for the operating system,ifconfig_condition
test/ASTGenParity/Parse/ifconfig/ConditionalCompilation/decl_parse_errors-2.swift,matched,3,10,note,opening_brace,to match this opening '{',note,to match this opening '{',
test/ASTGenParity/Parse/ifconfig/ConditionalCompilation/decl_parse_errors-2.swift,missing,17,1,error,expected_close_to_if_directive,expected #else or #endif at end of conditional compilation block,,,at_eof
test/ASTGenParity/Parse/ifconfig/ConditionalCompilation/decl_parse_errors-2.swift,missing,17,1,error,expected_rbrace_class,expected '}' in class,,,at_eof
test/ASTGenParity/Parse/ifconfig/ConditionalCompilation/decl_parse_errors-2.swift,extra,5,16,,,,error,expected '#endif' in conditional compilation block,in_ifconfig_clause
test/ASTGenParity/Parse/ifconfig/ConditionalCompilation/decl_parse_errors-2.swift,extra,5,16,,,,note,insert '#endif',in_ifconfig_clause
test/ASTGenParity/Parse/ifconfig/ConditionalCompilation/decl_parse_errors-2.swift,extra,5,16,,,,error,expected '}' to end class,in_ifconfig_clause
test/ASTGenParity/Parse/ifconfig/ConditionalCompilation/decl_parse_errors-2.swift,extra,5,16,,,,note,insert '}',in_ifconfig_clause
test/ASTGenParity/Parse/mixed/ConditionalCompilation/decl_parse_errors.swift,message-differs,19,1,error,expected_decl,expected declaration,error,"unexpected code '#sourceLocation(file: ""test.swift"", line: 1)' in variable",
test/ASTGenParity/Parse/mixed/ConditionalCompilation/decl_parse_errors.swift,matched,30,9,note,opening_brace,to match this opening '{',note,to match this opening '{',
test/ASTGenParity/Parse/mixed/ConditionalCompilation/decl_parse_errors.swift,message-differs,34,1,error,unexpected_rbrace_in_conditional_compilation_block,unexpected '}' in conditional compilation block,error,unexpected brace in conditional compilation clause,in_ifconfig_clause
test/ASTGenParity/Parse/mixed/ConditionalCompilation/decl_parse_errors.swift,message-differs,38,1,error,unexpected_rbrace_in_conditional_compilation_block,unexpected '}' in conditional compilation block,error,unexpected brace in conditional compilation clause,in_ifconfig_clause
test/ASTGenParity/Parse/mixed/ConditionalCompilation/decl_parse_errors.swift,wrong-column,26,1,error,expected_decl,expected declaration,error,consecutive statements on a line must be separated by newline or ';',
test/ASTGenParity/Parse/mixed/ConditionalCompilation/decl_parse_errors.swift,wrong-column,26,1,error,line_directive_style_deprecated,#line directive was renamed to #sourceLocation,error,consecutive statements on a line must be separated by newline or ';',
test/ASTGenParity/Parse/mixed/ConditionalCompilation/decl_parse_errors.swift,missing,4,1,error,expected_decl,expected declaration,,,ifconfig_condition
test/ASTGenParity/Parse/mixed/ConditionalCompilation/decl_parse_errors.swift,missing,10,8,note,note_in_decl_of,in declaration of 'S2',,,
test/ASTGenParity/Parse/mixed/ConditionalCompilation/decl_parse_errors.swift,missing,12,1,error,expected_decl,expected declaration,,,ifconfig_condition
test/ASTGenParity/Parse/mixed/ConditionalCompilation/decl_parse_errors.swift,missing,28,1,error,line_directive_style_deprecated,#line directive was renamed to #sourceLocation,,,
test/ASTGenParity/Parse/mixed/ConditionalCompilation/decl_parse_errors.swift,missing,58,1,error,expected_rbrace_class,expected '}' in class,,,at_eof
test/ASTGenParity/Parse/mixed/ConditionalCompilation/decl_parse_errors.swift,extra,3,7,,,,error,expected declaration after 'public' modifier,
test/ASTGenParity/Parse/mixed/ConditionalCompilation/decl_parse_errors.swift,extra,3,7,,,,note,insert declaration,
test/ASTGenParity/Parse/mixed/ConditionalCompilation/decl_parse_errors.swift,extra,11,28,,,,error,expected declaration after attribute,
test/ASTGenParity/Parse/mixed/ConditionalCompilation/decl_parse_errors.swift,extra,11,28,,,,note,insert declaration,
test/ASTGenParity/Parse/mixed/ConditionalCompilation/decl_parse_errors.swift,extra,26,6,,,,note,insert newline,
test/ASTGenParity/Parse/mixed/ConditionalCompilation/decl_parse_errors.swift,extra,26,6,,,,note,insert ';',
test/ASTGenParity/Parse/mixed/ConditionalCompilation/decl_parse_errors.swift,extra,26,9,,,,note,insert newline,
test/ASTGenParity/Parse/mixed/ConditionalCompilation/decl_parse_errors.swift,extra,26,9,,,,note,insert ';',
test/ASTGenParity/Parse/mixed/ConditionalCompilation/decl_parse_errors.swift,extra,39,7,,,,error,expected '}' to end class,ifconfig_condition
test/ASTGenParity/Parse/mixed/ConditionalCompilation/decl_parse_errors.swift,extra,39,7,,,,note,insert '}',ifconfig_condition
test/ASTGenParity/Parse/passing/ConditionalCompilation/endif-on-end-of-file.swift,matched,6,8,error,extra_tokens_conditional_compilation_directive,extra tokens following conditional compilation directive,error,extra tokens following conditional compilation directive,ifconfig_condition
test/ASTGenParity/Parse/ifconfig/ConditionalCompilation/invalid-runtime-name.swift,extra,9,14,,,,error,unexpected argument for the '_runtime' condition; expected '_Native' or '_ObjC',ifconfig_condition
test/ASTGenParity/Parse/ifconfig/ConditionalCompilation/invalid-runtime-name.swift,extra,12,14,,,,error,unexpected argument for the '_runtime' condition; expected '_Native' or '_ObjC',ifconfig_condition
test/ASTGenParity/Parse/ifconfig/ConditionalCompilation/invalid-runtime-name.swift,extra,15,14,,,,error,unexpected argument for the '_runtime' condition; expected '_Native' or '_ObjC',ifconfig_condition
test/ASTGenParity/Parse/ifconfig/ConditionalCompilation/language_version.swift,extra,56,5,,,,error,'swift' requires a single unlabeled argument for the version comparison (>= or < a version),ifconfig_condition
test/ASTGenParity/Parse/ifconfig/ConditionalCompilation/language_version.swift,extra,59,5,,,,error,'swift' requires a single unlabeled argument for the version comparison (>= or < a version),ifconfig_condition
test/ASTGenParity/Parse/ifconfig/ConditionalCompilation/language_version.swift,extra,62,5,,,,error,'swift' requires a single unlabeled argument for the version comparison (>= or < a version),ifconfig_condition
test/ASTGenParity/Parse/ifconfig/ConditionalCompilation/language_version.swift,extra,65,5,,,,error,'swift' requires a single unlabeled argument for the version comparison (>= or < a version),ifconfig_condition
test/ASTGenParity/Parse/ifconfig/ConditionalCompilation/language_version.swift,extra,78,5,,,,error,'swift' requires a single unlabeled argument for the version comparison (>= or < a version),ifconfig_condition
test/ASTGenParity/Parse/ifconfig/ConditionalCompilation/language_version.swift,extra,81,5,,,,error,'swift' requires a single unlabeled argument for the version comparison (>= or < a version),ifconfig_condition
test/ASTGenParity/Parse/ifconfig/ConditionalCompilation/language_version.swift,extra,84,5,,,,error,'swift' requires a single unlabeled argument for the version comparison (>= or < a version),ifconfig_condition
test/ASTGenParity/Parse/ifconfig/ConditionalCompilation/macabiTargetEnv.swift,matched,0,0,error,error_from_clang,invalid version number in '-target arm64-apple-ios12.0-macabi',error,invalid version number in '-target arm64-apple-ios12.0-macabi',unknown_loc
test/ASTGenParity/Parse/ifconfig/ConditionalCompilation/macabiTargetEnv.swift,extra,8,23,,,,warning,'macabi' has been renamed to 'macCatalyst',ifconfig_condition
test/ASTGenParity/Parse/ifconfig/ConditionalCompilation/macabiTargetEnv.swift,extra,8,23,,,,note,replace with 'macCatalyst',ifconfig_condition
test/ASTGenParity/Parse/ifconfig/ConditionalCompilation/macabiTargetEnv.swift,extra,15,24,,,,warning,'macabi' has been renamed to 'macCatalyst',ifconfig_condition
test/ASTGenParity/Parse/ifconfig/ConditionalCompilation/macabiTargetEnv.swift,extra,15,24,,,,note,replace with 'macCatalyst',ifconfig_condition
test/ASTGenParity/Parse/ifconfig/ConditionalCompilation/no_configuration_error1.swift,wrong-column,4,4,error,incomplete_conditional_compilation_directive,incomplete condition in conditional compilation directive,error,invalid conditional compilation expression,ifconfig_condition
test/ASTGenParity/Parse/ifconfig/ConditionalCompilation/no_configuration_error1.swift,missing,7,1,error,unexpected_conditional_compilation_block_terminator,unexpected conditional compilation block terminator,,,ifconfig_condition
test/ASTGenParity/Parse/ifconfig/ConditionalCompilation/no_configuration_error2.swift,message-differs,5,4,error,incomplete_conditional_compilation_directive,incomplete condition in conditional compilation directive,error,invalid conditional compilation expression,ifconfig_condition
test/ASTGenParity/Parse/ifconfig/ConditionalCompilation/no_configuration_error2.swift,missing,8,1,error,unexpected_conditional_compilation_block_terminator,unexpected conditional compilation block terminator,,,ifconfig_condition
test/ASTGenParity/Parse/ifconfig/ConditionalCompilation/object_file_format.cfg1.swift,extra,7,10,,,,warning,I'm MachO,in_ifconfig_clause
test/ASTGenParity/Parse/ifconfig/ConditionalCompilation/object_file_format.cfg1.swift,extra,15,10,,,,warning,I'm not ELF,in_ifconfig_clause
test/ASTGenParity/Parse/ifconfig/ConditionalCompilation/object_file_format.cfg1.swift,extra,21,10,,,,warning,I'm not Wasm,in_ifconfig_clause
test/ASTGenParity/Parse/ifconfig/ConditionalCompilation/object_file_format.cfg1.swift,extra,27,10,,,,warning,I'm not COFF,in_ifconfig_clause
test/ASTGenParity/Parse/ifconfig/ConditionalCompilation/object_file_format.cfg2.swift,extra,9,10,,,,warning,I'm not MachO,in_ifconfig_clause
test/ASTGenParity/Parse/ifconfig/ConditionalCompilation/object_file_format.cfg2.swift,extra,13,10,,,,warning,I'm ELF,in_ifconfig_clause
test/ASTGenParity/Parse/ifconfig/ConditionalCompilation/object_file_format.cfg2.swift,extra,21,10,,,,warning,I'm not Wasm,in_ifconfig_clause
test/ASTGenParity/Parse/ifconfig/ConditionalCompilation/object_file_format.cfg2.swift,extra,27,10,,,,warning,I'm not COFF,in_ifconfig_clause
test/ASTGenParity/Parse/ifconfig/ConditionalCompilation/object_file_format.cfg3.swift,matched,0,0,warning,libc_not_found,libc not found for 'wasm32-unknown-wasi'; C stdlib may be unavailable,warning,libc not found for 'wasm32-unknown-wasi'; C stdlib may be unavailable,unknown_loc
test/ASTGenParity/Parse/ifconfig/ConditionalCompilation/object_file_format.cfg3.swift,matched,0,0,warning,warning_from_clang,"argument '--target=wasm32-wasi' is deprecated, use --target=wasm32-wasip1 instead",warning,"argument '--target=wasm32-wasi' is deprecated, use --target=wasm32-wasip1 instead",unknown_loc
test/ASTGenParity/Parse/ifconfig/ConditionalCompilation/object_file_format.cfg3.swift,extra,9,10,,,,warning,I'm not MachO,in_ifconfig_clause
test/ASTGenParity/Parse/ifconfig/ConditionalCompilation/object_file_format.cfg3.swift,extra,15,10,,,,warning,I'm not ELF,in_ifconfig_clause
test/ASTGenParity/Parse/ifconfig/ConditionalCompilation/object_file_format.cfg3.swift,extra,19,10,,,,warning,I'm Wasm,in_ifconfig_clause
test/ASTGenParity/Parse/ifconfig/ConditionalCompilation/object_file_format.cfg3.swift,extra,27,10,,,,warning,I'm not COFF,in_ifconfig_clause
test/ASTGenParity/Parse/ifconfig/ConditionalCompilation/object_file_format.cfg4.swift,extra,9,10,,,,warning,I'm not MachO,in_ifconfig_clause
test/ASTGenParity/Parse/ifconfig/ConditionalCompilation/object_file_format.cfg4.swift,extra,15,10,,,,warning,I'm not ELF,in_ifconfig_clause
test/ASTGenParity/Parse/ifconfig/ConditionalCompilation/object_file_format.cfg4.swift,extra,21,10,,,,warning,I'm not Wasm,in_ifconfig_clause
test/ASTGenParity/Parse/ifconfig/ConditionalCompilation/object_file_format.cfg4.swift,extra,25,10,,,,warning,I'm COFF,in_ifconfig_clause
test/ASTGenParity/Parse/ifconfig/ConditionalCompilation/pound-if-inside-function-2.swift,matched,6,12,note,opening_brace,to match this opening '{',note,to match this opening '{',
test/ASTGenParity/Parse/ifconfig/ConditionalCompilation/pound-if-inside-function-2.swift,missing,20,1,error,expected_close_to_if_directive,expected #else or #endif at end of conditional compilation block,,,at_eof
test/ASTGenParity/Parse/ifconfig/ConditionalCompilation/pound-if-inside-function-2.swift,missing,20,1,error,expected_rbrace_in_brace_stmt,expected '}' at end of brace statement,,,at_eof
test/ASTGenParity/Parse/ifconfig/ConditionalCompilation/pound-if-inside-function-2.swift,extra,8,14,,,,error,expected '#endif' in conditional compilation block,ifconfig_condition
test/ASTGenParity/Parse/ifconfig/ConditionalCompilation/pound-if-inside-function-2.swift,extra,8,14,,,,note,insert '#endif',ifconfig_condition
test/ASTGenParity/Parse/ifconfig/ConditionalCompilation/pound-if-inside-function-2.swift,extra,8,14,,,,error,expected '}' to end function,ifconfig_condition
test/ASTGenParity/Parse/ifconfig/ConditionalCompilation/pound-if-inside-function-2.swift,extra,8,14,,,,note,insert '}',ifconfig_condition
test/ASTGenParity/Parse/ifconfig/ConditionalCompilation/pound-if-inside-function-3.swift,matched,6,12,note,opening_brace,to match this opening '{',note,to match this opening '{',
test/ASTGenParity/Parse/ifconfig/ConditionalCompilation/pound-if-inside-function-3.swift,missing,22,1,error,expected_close_to_if_directive,expected #else or #endif at end of conditional compilation block,,,at_eof
test/ASTGenParity/Parse/ifconfig/ConditionalCompilation/pound-if-inside-function-3.swift,missing,22,1,error,expected_rbrace_in_brace_stmt,expected '}' at end of brace statement,,,at_eof
test/ASTGenParity/Parse/ifconfig/ConditionalCompilation/pound-if-inside-function-3.swift,extra,10,6,,,,error,expected '#endif' in conditional compilation block,ifconfig_condition
test/ASTGenParity/Parse/ifconfig/ConditionalCompilation/pound-if-inside-function-3.swift,extra,10,6,,,,note,insert '#endif',ifconfig_condition
test/ASTGenParity/Parse/ifconfig/ConditionalCompilation/pound-if-inside-function-3.swift,extra,10,6,,,,error,expected '}' to end function,ifconfig_condition
test/ASTGenParity/Parse/ifconfig/ConditionalCompilation/pound-if-inside-function-3.swift,extra,10,6,,,,note,insert '}',ifconfig_condition
test/ASTGenParity/Parse/ifconfig/ConditionalCompilation/pound-if-inside-function-4.swift,matched,6,12,note,opening_brace,to match this opening '{',note,to match this opening '{',
test/ASTGenParity/Parse/ifconfig/ConditionalCompilation/pound-if-inside-function-4.swift,wrong-column,11,1,error,expected_close_after_else_directive,further conditions after #else are unreachable,error,expected '#endif' in conditional compilation block,ifconfig_condition
test/ASTGenParity/Parse/ifconfig/ConditionalCompilation/pound-if-inside-function-4.swift,missing,24,1,error,expected_close_to_if_directive,expected #else or #endif at end of conditional compilation block,,,at_eof
test/ASTGenParity/Parse/ifconfig/ConditionalCompilation/pound-if-inside-function-4.swift,missing,24,1,error,expected_rbrace_in_brace_stmt,expected '}' at end of brace statement,,,at_eof
test/ASTGenParity/Parse/ifconfig/ConditionalCompilation/pound-if-inside-function-4.swift,extra,11,74,,,,note,insert '#endif',ifconfig_condition
test/ASTGenParity/Parse/ifconfig/ConditionalCompilation/pound-if-inside-function-4.swift,extra,11,74,,,,error,expected '}' to end function,ifconfig_condition
test/ASTGenParity/Parse/ifconfig/ConditionalCompilation/pound-if-inside-function-4.swift,extra,11,74,,,,note,insert '}',ifconfig_condition
test/ASTGenParity/Parse/passing/ConditionalCompilation/pound-if-inside-function-5.swift,message-differs,7,3,error,unexpected_rbrace_in_conditional_compilation_block,unexpected '}' in conditional compilation block,error,unexpected brace in conditional compilation clause,in_ifconfig_clause
test/ASTGenParity/Parse/passing/ConditionalCompilation/pound-if-inside-function-5.swift,message-differs,12,3,error,unexpected_rbrace_in_conditional_compilation_block,unexpected '}' in conditional compilation block,error,unexpected brace in conditional compilation clause,in_ifconfig_clause
test/ASTGenParity/Parse/ifconfig/ConditionalCompilation/pound-if-inside-function.swift,matched,6,12,note,opening_brace,to match this opening '{',note,to match this opening '{',
test/ASTGenParity/Parse/ifconfig/ConditionalCompilation/pound-if-inside-function.swift,missing,19,1,error,expected_close_to_if_directive,expected #else or #endif at end of conditional compilation block,,,at_eof
test/ASTGenParity/Parse/ifconfig/ConditionalCompilation/pound-if-inside-function.swift,missing,19,1,error,expected_rbrace_in_brace_stmt,expected '}' at end of brace statement,,,at_eof
test/ASTGenParity/Parse/ifconfig/ConditionalCompilation/pound-if-inside-function.swift,extra,7,9,,,,error,expected '#endif' in conditional compilation block,ifconfig_condition
test/ASTGenParity/Parse/ifconfig/ConditionalCompilation/pound-if-inside-function.swift,extra,7,9,,,,note,insert '#endif',ifconfig_condition
test/ASTGenParity/Parse/ifconfig/ConditionalCompilation/pound-if-inside-function.swift,extra,7,9,,,,error,expected '}' to end function,ifconfig_condition
test/ASTGenParity/Parse/ifconfig/ConditionalCompilation/pound-if-inside-function.swift,extra,7,9,,,,note,insert '}',ifconfig_condition
test/ASTGenParity/Parse/ifconfig/ConditionalCompilation/pound-if-inside-statement-2.swift,matched,3,12,note,opening_brace,to match this opening '{',note,to match this opening '{',
test/ASTGenParity/Parse/ifconfig/ConditionalCompilation/pound-if-inside-statement-2.swift,matched,5,10,note,opening_brace,to match this opening '{',note,to match this opening '{',
test/ASTGenParity/Parse/ifconfig/ConditionalCompilation/pound-if-inside-statement-2.swift,missing,20,1,error,expected_close_to_if_directive,expected #else or #endif at end of conditional compilation block,,,at_eof
test/ASTGenParity/Parse/ifconfig/ConditionalCompilation/pound-if-inside-statement-2.swift,missing,20,1,error,expected_rbrace_in_brace_stmt,expected '}' at end of brace statement,,,at_eof
test/ASTGenParity/Parse/ifconfig/ConditionalCompilation/pound-if-inside-statement-2.swift,missing,20,1,error,expected_rbrace_in_brace_stmt,expected '}' at end of brace statement,,,at_eof
test/ASTGenParity/Parse/ifconfig/ConditionalCompilation/pound-if-inside-statement-2.swift,extra,6,9,,,,error,expected '#endif' in conditional compilation block,ifconfig_condition
test/ASTGenParity/Parse/ifconfig/ConditionalCompilation/pound-if-inside-statement-2.swift,extra,6,9,,,,note,insert '#endif',ifconfig_condition
test/ASTGenParity/Parse/ifconfig/ConditionalCompilation/pound-if-inside-statement-2.swift,extra,6,9,,,,error,expected '}' to end 'if' statement,ifconfig_condition
test/ASTGenParity/Parse/ifconfig/ConditionalCompilation/pound-if-inside-statement-2.swift,extra,6,9,,,,note,insert '}',ifconfig_condition
test/ASTGenParity/Parse/ifconfig/ConditionalCompilation/pound-if-inside-statement-2.swift,extra,6,9,,,,error,expected '}' to end function,ifconfig_condition
test/ASTGenParity/Parse/ifconfig/ConditionalCompilation/pound-if-inside-statement-2.swift,extra,6,9,,,,note,insert '}',ifconfig_condition
test/ASTGenParity/Parse/ifconfig/ConditionalCompilation/pound-if-inside-statement.swift,matched,3,12,note,opening_brace,to match this opening '{',note,to match this opening '{',
test/ASTGenParity/Parse/ifconfig/ConditionalCompilation/pound-if-inside-statement.swift,matched,5,10,note,opening_brace,to match this opening '{',note,to match this opening '{',
test/ASTGenParity/Parse/ifconfig/ConditionalCompilation/pound-if-inside-statement.swift,missing,20,1,error,expected_close_to_if_directive,expected #else or #endif at end of conditional compilation block,,,at_eof
test/ASTGenParity/Parse/ifconfig/ConditionalCompilation/pound-if-inside-statement.swift,missing,20,1,error,expected_rbrace_in_brace_stmt,expected '}' at end of brace statement,,,at_eof
test/ASTGenParity/Parse/ifconfig/ConditionalCompilation/pound-if-inside-statement.swift,missing,20,1,error,expected_rbrace_in_brace_stmt,expected '}' at end of brace statement,,,at_eof
test/ASTGenParity/Parse/ifconfig/ConditionalCompilation/pound-if-inside-statement.swift,extra,6,9,,,,error,expected '#endif' in conditional compilation block,ifconfig_condition
test/ASTGenParity/Parse/ifconfig/ConditionalCompilation/pound-if-inside-statement.swift,extra,6,9,,,,note,insert '#endif',ifconfig_condition
test/ASTGenParity/Parse/ifconfig/ConditionalCompilation/pound-if-inside-statement.swift,extra,6,9,,,,error,expected '}' to end 'if' statement,ifconfig_condition
test/ASTGenParity/Parse/ifconfig/ConditionalCompilation/pound-if-inside-statement.swift,extra,6,9,,,,note,insert '}',ifconfig_condition
test/ASTGenParity/Parse/ifconfig/ConditionalCompilation/pound-if-inside-statement.swift,extra,6,9,,,,error,expected '}' to end function,ifconfig_condition
test/ASTGenParity/Parse/ifconfig/ConditionalCompilation/pound-if-inside-statement.swift,extra,6,9,,,,note,insert '}',ifconfig_condition
test/ASTGenParity/Parse/ifconfig/ConditionalCompilation/pound-if-top-level-2.swift,missing,27,1,error,expected_close_to_if_directive,expected #else or #endif at end of conditional compilation block,,,at_eof
test/ASTGenParity/Parse/ifconfig/ConditionalCompilation/pound-if-top-level-2.swift,extra,3,5,,,,error,"'0' is not a valid conditional compilation expression, use 'false'",ifconfig_condition
test/ASTGenParity/Parse/ifconfig/ConditionalCompilation/pound-if-top-level-2.swift,extra,3,5,,,,note,replace with Boolean literal 'false',ifconfig_condition
test/ASTGenParity/Parse/ifconfig/ConditionalCompilation/pound-if-top-level-2.swift,extra,8,5,,,,error,"'1' is not a valid conditional compilation expression, use 'true'",ifconfig_condition
test/ASTGenParity/Parse/ifconfig/ConditionalCompilation/pound-if-top-level-2.swift,extra,8,5,,,,note,replace with Boolean literal 'true',ifconfig_condition
test/ASTGenParity/Parse/ifconfig/ConditionalCompilation/pound-if-top-level-2.swift,extra,15,5,,,,error,invalid conditional compilation expression,ifconfig_condition
test/ASTGenParity/Parse/ifconfig/ConditionalCompilation/pound-if-top-level-3.swift,message-differs,6,19,error,expected_lbrace_protocol,expected '{' in protocol type,error,expected '{' in protocol,in_ifconfig_clause
test/ASTGenParity/Parse/ifconfig/ConditionalCompilation/pound-if-top-level-3.swift,wrong-column,6,19,error,extra_rbrace,extraneous '}' at top level,error,expected '#endif' in conditional compilation block,in_ifconfig_clause
test/ASTGenParity/Parse/ifconfig/ConditionalCompilation/pound-if-top-level-3.swift,missing,17,1,error,expected_close_to_if_directive,expected #else or #endif at end of conditional compilation block,,,at_eof
test/ASTGenParity/Parse/ifconfig/ConditionalCompilation/pound-if-top-level-3.swift,extra,6,19,,,,note,insert '{',in_ifconfig_clause
test/ASTGenParity/Parse/ifconfig/ConditionalCompilation/pound-if-top-level-3.swift,extra,6,20,,,,note,insert '#endif',in_ifconfig_clause
test/ASTGenParity/Parse/ifconfig/ConditionalCompilation/pound-if-top-level-nested.swift,missing,16,1,error,expected_close_to_if_directive,expected #else or #endif at end of conditional compilation block,,,at_eof
test/ASTGenParity/Parse/ifconfig/ConditionalCompilation/pound-if-top-level-nested.swift,missing,16,1,error,expected_close_to_if_directive,expected #else or #endif at end of conditional compilation block,,,at_eof
test/ASTGenParity/Parse/ifconfig/ConditionalCompilation/pound-if-top-level-nested.swift,extra,4,17,,,,error,expected '#endif' in conditional compilation block,ifconfig_condition
test/ASTGenParity/Parse/ifconfig/ConditionalCompilation/pound-if-top-level-nested.swift,extra,4,17,,,,note,insert '#endif',ifconfig_condition
test/ASTGenParity/Parse/ifconfig/ConditionalCompilation/pound-if-top-level-nested.swift,extra,4,17,,,,error,expected '#endif' in conditional compilation block,ifconfig_condition
test/ASTGenParity/Parse/ifconfig/ConditionalCompilation/pound-if-top-level-nested.swift,extra,4,17,,,,note,insert '#endif',ifconfig_condition
test/ASTGenParity/Parse/ifconfig/ConditionalCompilation/pound-if-top-level.swift,missing,16,1,error,expected_close_to_if_directive,expected #else or #endif at end of conditional compilation block,,,at_eof
test/ASTGenParity/Parse/ifconfig/ConditionalCompilation/pound-if-top-level.swift,extra,6,9,,,,error,expected '#endif' in conditional compilation block,ifconfig_condition
test/ASTGenParity/Parse/ifconfig/ConditionalCompilation/pound-if-top-level.swift,extra,6,9,,,,note,insert '#endif',ifconfig_condition
test/ASTGenParity/Parse/passing/ConditionalCompilation/powerpc64LinuxTarget.swift,matched,0,0,warning,libc_not_found,libc not found for 'powerpc64-unknown-linux-gnu'; C stdlib may be unavailable,warning,libc not found for 'powerpc64-unknown-linux-gnu'; C stdlib may be unavailable,unknown_loc
test/ASTGenParity/Parse/passing/ConditionalCompilation/powerpc64leLinuxTarget.swift,matched,0,0,warning,libc_not_found,libc not found for 'powerpc64le-unknown-linux-gnu'; C stdlib may be unavailable,warning,libc not found for 'powerpc64le-unknown-linux-gnu'; C stdlib may be unavailable,unknown_loc
test/ASTGenParity/Parse/passing/ConditionalCompilation/s390xLinuxTarget.swift,matched,0,0,warning,libc_not_found,libc not found for 's390x-unknown-linux-gnu'; C stdlib may be unavailable,warning,libc not found for 's390x-unknown-linux-gnu'; C stdlib may be unavailable,unknown_loc
test/ASTGenParity/Parse/ifconfig/ConditionalCompilation/sequence.swift,extra,22,22,,,,error,invalid conditional compilation expression,ifconfig_condition
test/ASTGenParity/Parse/ifconfig/ConditionalCompilation/simulatorTargetEnv.cfg1.swift,extra,18,5,,,,warning,platform condition appears to be testing for simulator environment; use 'targetEnvironment(simulator)' instead,ifconfig_condition
test/ASTGenParity/Parse/ifconfig/ConditionalCompilation/simulatorTargetEnv.cfg1.swift,extra,18,5,,,,note,replace with 'targetEnvironment(simulator)',ifconfig_condition
test/ASTGenParity/Parse/ifconfig/ConditionalCompilation/simulatorTargetEnv.cfg1.swift,extra,24,5,,,,warning,platform condition appears to be testing for simulator environment; use 'targetEnvironment(simulator)' instead,ifconfig_condition
test/ASTGenParity/Parse/ifconfig/ConditionalCompilation/simulatorTargetEnv.cfg1.swift,extra,24,5,,,,note,replace with 'targetEnvironment(simulator)',ifconfig_condition
test/ASTGenParity/Parse/ifconfig/ConditionalCompilation/simulatorTargetEnv.cfg1.swift,extra,30,5,,,,warning,platform condition appears to be testing for simulator environment; use 'targetEnvironment(simulator)' instead,ifconfig_condition
test/ASTGenParity/Parse/ifconfig/ConditionalCompilation/simulatorTargetEnv.cfg1.swift,extra,30,5,,,,note,replace with 'targetEnvironment(simulator)',ifconfig_condition
test/ASTGenParity/Parse/ifconfig/ConditionalCompilation/simulatorTargetEnv.cfg1.swift,extra,36,5,,,,warning,platform condition appears to be testing for simulator environment; use 'targetEnvironment(simulator)' instead,ifconfig_condition
test/ASTGenParity/Parse/ifconfig/ConditionalCompilation/simulatorTargetEnv.cfg1.swift,extra,36,5,,,,note,replace with 'targetEnvironment(simulator)',ifconfig_condition
test/ASTGenParity/Parse/ifconfig/ConditionalCompilation/simulatorTargetEnv.cfg1.swift,extra,42,7,,,,warning,platform condition appears to be testing for simulator environment; use 'targetEnvironment(simulator)' instead,ifconfig_condition
test/ASTGenParity/Parse/ifconfig/ConditionalCompilation/simulatorTargetEnv.cfg1.swift,extra,42,7,,,,note,replace with 'targetEnvironment(simulator)',ifconfig_condition
test/ASTGenParity/Parse/ifconfig/ConditionalCompilation/simulatorTargetEnv.cfg2.swift,matched,0,0,warning,libc_not_found,libc not found for 'x86_64-unknown-linux-simulator'; C stdlib may be unavailable,warning,libc not found for 'x86_64-unknown-linux-simulator'; C stdlib may be unavailable,unknown_loc
test/ASTGenParity/Parse/ifconfig/ConditionalCompilation/simulatorTargetEnv.cfg2.swift,extra,18,5,,,,warning,platform condition appears to be testing for simulator environment; use 'targetEnvironment(simulator)' instead,ifconfig_condition
test/ASTGenParity/Parse/ifconfig/ConditionalCompilation/simulatorTargetEnv.cfg2.swift,extra,18,5,,,,note,replace with 'targetEnvironment(simulator)',ifconfig_condition
test/ASTGenParity/Parse/ifconfig/ConditionalCompilation/simulatorTargetEnv.cfg2.swift,extra,24,5,,,,warning,platform condition appears to be testing for simulator environment; use 'targetEnvironment(simulator)' instead,ifconfig_condition
test/ASTGenParity/Parse/ifconfig/ConditionalCompilation/simulatorTargetEnv.cfg2.swift,extra,24,5,,,,note,replace with 'targetEnvironment(simulator)',ifconfig_condition
test/ASTGenParity/Parse/ifconfig/ConditionalCompilation/simulatorTargetEnv.cfg2.swift,extra,30,5,,,,warning,platform condition appears to be testing for simulator environment; use 'targetEnvironment(simulator)' instead,ifconfig_condition
test/ASTGenParity/Parse/ifconfig/ConditionalCompilation/simulatorTargetEnv.cfg2.swift,extra,30,5,,,,note,replace with 'targetEnvironment(simulator)',ifconfig_condition
test/ASTGenParity/Parse/ifconfig/ConditionalCompilation/simulatorTargetEnv.cfg2.swift,extra,36,5,,,,warning,platform condition appears to be testing for simulator environment; use 'targetEnvironment(simulator)' instead,ifconfig_condition
test/ASTGenParity/Parse/ifconfig/ConditionalCompilation/simulatorTargetEnv.cfg2.swift,extra,36,5,,,,note,replace with 'targetEnvironment(simulator)',ifconfig_condition
test/ASTGenParity/Parse/ifconfig/ConditionalCompilation/simulatorTargetEnv.cfg2.swift,extra,42,7,,,,warning,platform condition appears to be testing for simulator environment; use 'targetEnvironment(simulator)' instead,ifconfig_condition
test/ASTGenParity/Parse/ifconfig/ConditionalCompilation/simulatorTargetEnv.cfg2.swift,extra,42,7,,,,note,replace with 'targetEnvironment(simulator)',ifconfig_condition
test/ASTGenParity/Parse/mixed/ConditionalCompilation/stmt_in_type.swift,message-differs,9,3,error,expected_decl,expected declaration,error,unexpected code 'return 1' in conditional compilation clause,in_ifconfig_clause
test/ASTGenParity/Parse/mixed/ConditionalCompilation/stmt_in_type.swift,message-differs,11,3,error,expected_keyword_in_decl,expected 'func' keyword in instance method declaration,error,expected 'func' in function,in_ifconfig_clause
test/ASTGenParity/Parse/mixed/ConditionalCompilation/stmt_in_type.swift,missing,7,8,note,note_in_decl_of,in declaration of 'S1',,,
test/ASTGenParity/Parse/mixed/ConditionalCompilation/stmt_in_type.swift,extra,11,3,,,,note,insert 'func',in_ifconfig_clause
test/ASTGenParity/Parse/ifconfig/ConditionalCompilation/switch_case.swift,message-differs,161,7,error,stmt_in_switch_not_covered_by_case,all statements inside a switch must be covered by a 'case' or 'default',error,all statements inside a switch must be covered by a 'case' or 'default' label,in_ifconfig_clause
test/ASTGenParity/Parse/ifconfig/ConditionalCompilation/switch_case.swift,message-differs,174,5,error,case_outside_of_switch,'case' label can only appear inside a 'switch' statement,error,'case' can only appear inside a 'switch' statement or 'enum' declaration,in_ifconfig_clause
test/ASTGenParity/Parse/ifconfig/ConditionalCompilation/switch_case.swift,message-differs,181,5,error,stmt_in_switch_not_covered_by_case,all statements inside a switch must be covered by a 'case' or 'default',error,unexpected code 'print()' before conditional compilation clause,
test/ASTGenParity/Parse/ifconfig/ConditionalCompilation/switch_case.swift,message-differs,194,5,error,stmt_in_switch_not_covered_by_case,all statements inside a switch must be covered by a 'case' or 'default',error,unexpected code 'print()' before conditional compilation clause,
test/ASTGenParity/Parse/ifconfig/ConditionalCompilation/switch_case.swift,extra,161,7,,,,note,insert label,in_ifconfig_clause
test/ASTGenParity/Parse/ifconfig/ConditionalCompilation/switch_case.swift,extra,196,5,,,,error,all statements inside a switch must be covered by a 'case' or 'default' label,in_ifconfig_clause
test/ASTGenParity/Parse/ifconfig/ConditionalCompilation/switch_case.swift,extra,196,5,,,,note,insert label,in_ifconfig_clause
test/ASTGenParity/Parse/ifconfig/ConditionalCompilation/toplevel_parseaslibrary.swift,matched,8,3,error,illegal_top_level_expr,expressions are not allowed at the top level,error,expressions are not allowed at the top level,in_ifconfig_clause
test/ASTGenParity/Parse/ifconfig/ConditionalCompilation/toplevel_parseaslibrary.swift,missing,10,3,error,illegal_top_level_stmt,statements are not allowed at the top level,,,in_ifconfig_clause
test/ASTGenParity/Parse/passing/ConditionalCompilation/wasm32EmscriptenTarget.swift,matched,0,0,warning,libc_not_found,libc not found for 'wasm32-unknown-emscripten'; C stdlib may be unavailable,warning,libc not found for 'wasm32-unknown-emscripten'; C stdlib may be unavailable,unknown_loc
test/ASTGenParity/Parse/passing/ConditionalCompilation/wasm32Target.swift,matched,0,0,warning,libc_not_found,libc not found for 'wasm32-unknown-wasi'; C stdlib may be unavailable,warning,libc not found for 'wasm32-unknown-wasi'; C stdlib may be unavailable,unknown_loc
test/ASTGenParity/Parse/passing/ConditionalCompilation/wasm32Target.swift,matched,0,0,warning,warning_from_clang,"argument '--target=wasm32-wasi' is deprecated, use --target=wasm32-wasip1 instead",warning,"argument '--target=wasm32-wasi' is deprecated, use --target=wasm32-wasip1 instead",unknown_loc
test/ASTGenParity/Parse/passing/ConditionalCompilation/wasm32ThreadsTarget.swift,matched,0,0,warning,libc_not_found,libc not found for 'wasm32-unknown-wasip1-threads'; C stdlib may be unavailable,warning,libc not found for 'wasm32-unknown-wasip1-threads'; C stdlib may be unavailable,unknown_loc
test/ASTGenParity/Parse/passing/ConditionalCompilation/x64FreeBSDTarget.swift,matched,0,0,warning,libc_not_found,libc not found for 'x86_64-unknown-freebsd10'; C stdlib may be unavailable,warning,libc not found for 'x86_64-unknown-freebsd10'; C stdlib may be unavailable,unknown_loc
test/ASTGenParity/Parse/passing/ConditionalCompilation/x64LinuxTarget.swift,matched,0,0,warning,libc_not_found,libc not found for 'x86_64-unknown-linux-gnu'; C stdlib may be unavailable,warning,libc not found for 'x86_64-unknown-linux-gnu'; C stdlib may be unavailable,unknown_loc
test/ASTGenParity/Parse/mixed/EOF/block-comment-missing-newline.swift,wrong-severity,4,1,note,lex_comment_start,comment started here,error,unterminated '/*' comment,
test/ASTGenParity/Parse/mixed/EOF/block-comment-missing-newline.swift,missing,13,31,error,lex_unterminated_block_comment,unterminated '/*' comment,,,at_eof
test/ASTGenParity/Parse/mixed/EOF/block-comment-nested.swift,wrong-severity,3,1,note,lex_comment_start,comment started here,error,unterminated '/*' comment,
test/ASTGenParity/Parse/mixed/EOF/block-comment-nested.swift,missing,19,31,error,lex_unterminated_block_comment,unterminated '/*' comment,,,at_eof
test/ASTGenParity/Parse/mixed/EOF/block-comment.swift,wrong-severity,3,1,note,lex_comment_start,comment started here,error,unterminated '/*' comment,
test/ASTGenParity/Parse/mixed/EOF/block-comment.swift,missing,13,31,error,lex_unterminated_block_comment,unterminated '/*' comment,,,at_eof
test/ASTGenParity/Parse/mixed/EOF/unfinished-for-at-eof.swift,matched,3,13,note,opening_brace,to match this opening '{',note,to match this opening '{',
test/ASTGenParity/Parse/mixed/EOF/unfinished-for-at-eof.swift,message-differs,3,24,error,expected_foreach_in,expected 'in' after for-each pattern,error,"expected 'in', expression, and body in 'for' statement",
test/ASTGenParity/Parse/mixed/EOF/unfinished-for-at-eof.swift,message-differs,3,24,error,expected_foreach_container,expected Sequence expression for for-each loop,error,expected '}' to end function,
test/ASTGenParity/Parse/mixed/EOF/unfinished-for-at-eof.swift,wrong-severity,3,24,error,expected_foreach_lbrace,expected '{' to start the body of for-each loop,note,"insert 'in', expression, and body",
test/ASTGenParity/Parse/mixed/EOF/unfinished-for-at-eof.swift,missing,19,1,error,expected_rbrace_in_brace_stmt,expected '}' at end of brace statement,,,at_eof
test/ASTGenParity/Parse/mixed/EOF/unfinished-for-at-eof.swift,extra,3,24,,,,note,insert '}',
test/ASTGenParity/Parse/extra/EOF/unterminated-string-literal-missing-newline.swift,wrong-column,7,54,error,lex_unterminated_string,unterminated string literal,error,"expected '""' to end string literal",
test/ASTGenParity/Parse/extra/EOF/unterminated-string-literal-missing-newline.swift,extra,7,54,,,,note,"to match this opening '""'",
test/ASTGenParity/Parse/extra/EOF/unterminated-string-literal-missing-newline.swift,extra,7,55,,,,note,"insert '""'",
test/ASTGenParity/Parse/extra/actor.swift,matched,9,16,note,opening_brace,to match this opening '{',note,to match this opening '{',
test/ASTGenParity/Parse/extra/actor.swift,missing,7,15,error,expected_lbrace_actor,expected '{' in actor,,,
test/ASTGenParity/Parse/extra/actor.swift,missing,24,1,error,expected_rbrace_actor,expected '}' in actor,,,at_eof
test/ASTGenParity/Parse/extra/actor.swift,extra,9,1,,,,error,found an unexpected second identifier in actor; is there an accidental break?,
test/ASTGenParity/Parse/extra/actor.swift,extra,9,1,,,,note,join the identifiers together,
test/ASTGenParity/Parse/extra/actor.swift,extra,9,1,,,,note,join the identifiers together with camel-case,
test/ASTGenParity/Parse/extra/actor.swift,extra,12,64,,,,error,expected '}' to end actor,
test/ASTGenParity/Parse/extra/actor.swift,extra,12,64,,,,note,insert '}',
test/ASTGenParity/Parse/missing/async.swift,missing,9,28,error,async_after_throws,'async' must precede 'throws',,,
test/ASTGenParity/Parse/missing/async.swift,missing,11,50,error,async_after_throws,'async' must precede 'rethrows',,,
test/ASTGenParity/Parse/missing/async.swift,missing,13,28,error,async_or_throws_in_wrong_position,'async' may only occur before '->',,,
test/ASTGenParity/Parse/missing/async.swift,missing,15,28,error,async_or_throws_in_wrong_position,'async' may only occur before '->',,,
test/ASTGenParity/Parse/missing/async.swift,missing,15,34,error,async_or_throws_in_wrong_position,'throws' may only occur before '->',,,
test/ASTGenParity/Parse/missing/async.swift,missing,19,28,error,async_or_throws_in_wrong_position,'throws' may only occur before '->',,,
test/ASTGenParity/Parse/missing/async.swift,missing,19,35,error,async_or_throws_in_wrong_position,'async' may only occur before '->',,,
test/ASTGenParity/Parse/missing/async.swift,missing,23,35,error,async_or_throws_in_wrong_position,'async' may only occur before '->',,,
test/ASTGenParity/Parse/missing/async.swift,missing,25,34,error,duplicate_effects_specifier,'async' has already been specified,,,
test/ASTGenParity/Parse/missing/async.swift,missing,25,43,error,duplicate_effects_specifier,'async' has already been specified,,,
test/ASTGenParity/Parse/missing/async.swift,missing,25,53,error,duplicate_effects_specifier,'async' has already been specified,,,
test/ASTGenParity/Parse/missing/async.swift,missing,33,10,error,destructor_has_name,deinitializers cannot have a name,,,
test/ASTGenParity/Parse/missing/async.swift,missing,37,21,error,expected_arrow_subscript,expected '->' for subscript element type,,,
test/ASTGenParity/Parse/missing/async.swift,missing,37,21,error,function_type_no_parens,single argument function types require parentheses,,,
test/ASTGenParity/Parse/missing/async.swift,missing,45,9,error,invalid_accessor_specifier,'set' accessor cannot have specifier 'async',,,
test/ASTGenParity/Parse/missing/async.swift,missing,53,34,error,async_after_throws,'async' must precede 'throws',,,
test/ASTGenParity/Parse/missing/async.swift,missing,59,22,error,async_after_throws,'async' must precede 'throws',,,
test/ASTGenParity/Parse/missing/async.swift,missing,61,18,error,async_or_throws_in_wrong_position,'async' may only occur before '->',,,
test/ASTGenParity/Parse/missing/async.swift,missing,82,1,error,async_func_modifier,'async' must be written after the parameter list of a function,,,
test/ASTGenParity/Parse/extra/attribute_spacing.swift,message-differs,3,2,warning,attr_extra_whitespace_after_at,extraneous whitespace between '@' and attribute name; this is an error in the Swift 6 language mode,warning,extraneous whitespace after '@' is not permitted; this is an error in Swift 6,
test/ASTGenParity/Parse/extra/attribute_spacing.swift,message-differs,8,11,warning,attr_extra_whitespace_before_lparen,extraneous whitespace between attribute name and '('; this is an error in the Swift 6 language mode,warning,extraneous whitespace before '(' is not permitted; this is an error in Swift 6,
test/ASTGenParity/Parse/extra/attribute_spacing.swift,message-differs,19,21,warning,attr_extra_whitespace_before_lparen,extraneous whitespace between attribute name and '('; this is an error in the Swift 6 language mode,warning,extraneous whitespace before '(' is not permitted; this is an error in Swift 6,
test/ASTGenParity/Parse/extra/attribute_spacing.swift,message-differs,23,3,error,expected_keyword_in_decl,expected 'var' keyword in property declaration,error,unexpected code '(param: 2)' in variable,
test/ASTGenParity/Parse/extra/attribute_spacing.swift,message-differs,27,28,warning,attr_extra_whitespace_before_lparen,extraneous whitespace between attribute name and '('; this is an error in the Swift 6 language mode,warning,extraneous whitespace before '(' is not permitted; this is an error in Swift 6,
test/ASTGenParity/Parse/extra/attribute_spacing.swift,message-differs,35,2,warning,attr_extra_whitespace_after_at,extraneous whitespace between '@' and attribute name; this is an error in the Swift 6 language mode,warning,extraneous whitespace after '@' is not permitted; this is an error in Swift 6,
test/ASTGenParity/Parse/extra/attribute_spacing.swift,message-differs,41,1,error,expected_decl,expected declaration,error,unexpected code '(never)' in function,
test/ASTGenParity/Parse/extra/attribute_spacing.swift,message-differs,44,1,error,expected_decl,expected declaration,error,unexpected code '(whatever)' in function,
test/ASTGenParity/Parse/extra/attribute_spacing.swift,wrong-column,40,2,error,attr_expected_lparen,expected '(' in 'inline' attribute,error,expected arguments for 'inline' attribute,
test/ASTGenParity/Parse/extra/attribute_spacing.swift,missing,5,38,warning,attr_extra_whitespace_after_at,extraneous whitespace between '@' and attribute name; this is an error in the Swift 6 language mode,,,
test/ASTGenParity/Parse/extra/attribute_spacing.swift,missing,23,11,error,expected_pattern,expected pattern,,,
test/ASTGenParity/Parse/extra/attribute_spacing.swift,extra,3,2,,,,note,remove whitespace,
test/ASTGenParity/Parse/extra/attribute_spacing.swift,extra,8,11,,,,note,remove whitespace,
test/ASTGenParity/Parse/extra/attribute_spacing.swift,extra,19,21,,,,note,remove whitespace,
test/ASTGenParity/Parse/extra/attribute_spacing.swift,extra,27,28,,,,note,remove whitespace,
test/ASTGenParity/Parse/extra/attribute_spacing.swift,extra,35,2,,,,note,remove whitespace,
test/ASTGenParity/Parse/extra/attribute_spacing_swift6.swift,message-differs,3,2,error,attr_extra_whitespace_after_at,extraneous whitespace between '@' and attribute name,error,extraneous whitespace after '@' is not permitted,
test/ASTGenParity/Parse/extra/attribute_spacing_swift6.swift,message-differs,8,11,error,attr_extra_whitespace_before_lparen,extraneous whitespace between attribute name and '(',error,extraneous whitespace before '(' is not permitted,
test/ASTGenParity/Parse/extra/attribute_spacing_swift6.swift,message-differs,19,21,error,attr_extra_whitespace_before_lparen,extraneous whitespace between attribute name and '(',error,extraneous whitespace before '(' is not permitted,
test/ASTGenParity/Parse/extra/attribute_spacing_swift6.swift,message-differs,23,3,error,expected_keyword_in_decl,expected 'var' keyword in property declaration,error,unexpected code '(param: 2)' in variable,
test/ASTGenParity/Parse/extra/attribute_spacing_swift6.swift,message-differs,38,2,error,attr_extra_whitespace_after_at,extraneous whitespace between '@' and attribute name,error,extraneous whitespace after '@' is not permitted,
test/ASTGenParity/Parse/extra/attribute_spacing_swift6.swift,message-differs,44,1,error,expected_decl,expected declaration,error,unexpected code '(never)' in function,
test/ASTGenParity/Parse/extra/attribute_spacing_swift6.swift,message-differs,47,1,error,expected_decl,expected declaration,error,unexpected code '(whatever)' in function,
test/ASTGenParity/Parse/extra/attribute_spacing_swift6.swift,wrong-column,43,2,error,attr_expected_lparen,expected '(' in 'inline' attribute,error,expected arguments for 'inline' attribute,
test/ASTGenParity/Parse/extra/attribute_spacing_swift6.swift,missing,5,38,error,attr_extra_whitespace_after_at,extraneous whitespace between '@' and attribute name,,,
test/ASTGenParity/Parse/extra/attribute_spacing_swift6.swift,missing,23,11,error,expected_pattern,expected pattern,,,
test/ASTGenParity/Parse/extra/attribute_spacing_swift6.swift,extra,3,2,,,,note,remove whitespace,
test/ASTGenParity/Parse/extra/attribute_spacing_swift6.swift,extra,8,11,,,,note,remove whitespace,
test/ASTGenParity/Parse/extra/attribute_spacing_swift6.swift,extra,19,21,,,,note,remove whitespace,
test/ASTGenParity/Parse/extra/attribute_spacing_swift6.swift,extra,38,2,,,,note,remove whitespace,
test/ASTGenParity/Parse/missing/availability_query.swift,missing,9,5,error,special_condition_outside_if_stmt_guard,"#available may only be used as condition of an 'if', 'guard' or 'while' statement",,,
test/ASTGenParity/Parse/missing/availability_query.swift,missing,11,9,error,special_condition_outside_if_stmt_guard,"#available may only be used as condition of an 'if', 'guard' or 'while' statement",,,
test/ASTGenParity/Parse/missing/availability_query.swift,missing,13,2,error,special_condition_outside_if_stmt_guard,"#available may only be used as condition of an 'if', 'guard' or 'while' statement",,,
test/ASTGenParity/Parse/missing/availability_query.swift,missing,15,4,error,false_available_is_called_unavailable,"#available cannot be used as an expression, did you mean to use '#unavailable'?",,,
test/ASTGenParity/Parse/missing/availability_query.swift,missing,17,25,error,false_available_is_called_unavailable,"#available cannot be used as an expression, did you mean to use '#unavailable'?",,,
test/ASTGenParity/Parse/missing/availability_query.swift,missing,20,26,error,expected_comma_stmtcondition,"expected ',' joining parts of a multi-clause condition",,,
test/ASTGenParity/Parse/missing/availability_query.swift,missing,24,15,error,avail_query_expected_condition,expected availability condition,,,
test/ASTGenParity/Parse/missing/availability_query.swift,missing,27,14,note,opening_paren,to match this opening '(',,,
test/ASTGenParity/Parse/missing/availability_query.swift,missing,27,16,error,avail_query_expected_platform_name,expected platform name,,,
test/ASTGenParity/Parse/missing/availability_query.swift,missing,27,16,error,avail_query_expected_rparen,expected ')' in availability query,,,
test/ASTGenParity/Parse/missing/availability_query.swift,missing,30,15,error,avail_query_expected_platform_name,expected platform name,,,
test/ASTGenParity/Parse/missing/availability_query.swift,missing,33,14,note,opening_paren,to match this opening '(',,,
test/ASTGenParity/Parse/missing/availability_query.swift,missing,33,19,error,avail_query_expected_rparen,expected ')' in availability query,,,
test/ASTGenParity/Parse/missing/availability_query.swift,missing,39,19,warning,avail_query_expected_version_number,expected version number; this is an error in the Swift 6 language mode,,,
test/ASTGenParity/Parse/missing/availability_query.swift,missing,42,19,warning,avail_query_expected_version_number,expected version number; this is an error in the Swift 6 language mode,,,
test/ASTGenParity/Parse/missing/availability_query.swift,missing,45,14,note,opening_paren,to match this opening '(',,,
test/ASTGenParity/Parse/missing/availability_query.swift,missing,45,22,error,avail_query_expected_rparen,expected ')' in availability query,,,
test/ASTGenParity/Parse/missing/availability_query.swift,missing,48,29,warning,avail_query_expected_version_number,expected version number; this is an error in the Swift 6 language mode,,,
test/ASTGenParity/Parse/missing/availability_query.swift,missing,80,15,note,avail_query_meant_introduced,did you mean to specify an introduction version?,,,
test/ASTGenParity/Parse/missing/availability_query.swift,missing,80,40,error,avail_query_argument_and_shorthand_mix_not_allowed,'unavailable' can't be combined with shorthand specification 'iOSApplicationExtension',,,
test/ASTGenParity/Parse/missing/availability_query.swift,missing,89,14,note,opening_paren,to match this opening '(',,,
test/ASTGenParity/Parse/missing/availability_query.swift,missing,89,17,error,avail_query_expected_rparen,expected ')' in availability query,,,
test/ASTGenParity/Parse/missing/availability_query.swift,missing,97,14,note,opening_paren,to match this opening '(',,,
test/ASTGenParity/Parse/missing/availability_query.swift,missing,97,23,error,avail_query_expected_platform_name,expected platform name,,,
test/ASTGenParity/Parse/missing/availability_query.swift,missing,97,23,error,avail_query_expected_rparen,expected ')' in availability query,,,
test/ASTGenParity/Parse/missing/availability_query.swift,missing,100,22,error,avail_query_expected_platform_name,expected platform name,,,
test/ASTGenParity/Parse/missing/availability_query.swift,missing,103,14,note,opening_paren,to match this opening '(',,,
test/ASTGenParity/Parse/missing/availability_query.swift,missing,103,27,error,avail_query_expected_rparen,expected ')' in availability query,,,
test/ASTGenParity/Parse/missing/availability_query.swift,missing,114,22,error,avail_query_disallowed_operator,'||' cannot be used in an availability condition,,,
test/ASTGenParity/Parse/missing/availability_query.swift,missing,119,19,error,avail_query_version_comparison_not_needed,version comparison not needed,,,
test/ASTGenParity/Parse/missing/availability_query_unavailability.swift,missing,10,5,error,special_condition_outside_if_stmt_guard,"#unavailable may only be used as condition of an 'if', 'guard' or 'while' statement",,,
test/ASTGenParity/Parse/missing/availability_query_unavailability.swift,missing,11,9,error,special_condition_outside_if_stmt_guard,"#unavailable may only be used as condition of an 'if', 'guard' or 'while' statement",,,
test/ASTGenParity/Parse/missing/availability_query_unavailability.swift,missing,12,2,error,special_condition_outside_if_stmt_guard,"#unavailable may only be used as condition of an 'if', 'guard' or 'while' statement",,,
test/ASTGenParity/Parse/missing/availability_query_unavailability.swift,missing,13,5,error,special_condition_outside_if_stmt_guard,"#unavailable may only be used as condition of an 'if', 'guard' or 'while' statement",,,
test/ASTGenParity/Parse/missing/availability_query_unavailability.swift,missing,15,26,error,special_condition_outside_if_stmt_guard,"#unavailable may only be used as condition of an 'if', 'guard' or 'while' statement",,,
test/ASTGenParity/Parse/missing/availability_query_unavailability.swift,missing,18,25,error,expected_comma_stmtcondition,"expected ',' joining parts of a multi-clause condition",,,
test/ASTGenParity/Parse/missing/availability_query_unavailability.swift,missing,22,17,error,avail_query_expected_condition,expected availability condition,,,
test/ASTGenParity/Parse/missing/availability_query_unavailability.swift,missing,25,16,note,opening_paren,to match this opening '(',,,
test/ASTGenParity/Parse/missing/availability_query_unavailability.swift,missing,25,18,error,avail_query_expected_platform_name,expected platform name,,,
test/ASTGenParity/Parse/missing/availability_query_unavailability.swift,missing,25,18,error,avail_query_expected_rparen,expected ')' in availability query,,,
test/ASTGenParity/Parse/missing/availability_query_unavailability.swift,missing,28,17,error,avail_query_expected_platform_name,expected platform name,,,
test/ASTGenParity/Parse/missing/availability_query_unavailability.swift,missing,31,16,note,opening_paren,to match this opening '(',,,
test/ASTGenParity/Parse/missing/availability_query_unavailability.swift,missing,31,21,error,avail_query_expected_rparen,expected ')' in availability query,,,
test/ASTGenParity/Parse/missing/availability_query_unavailability.swift,missing,37,16,note,opening_paren,to match this opening '(',,,
test/ASTGenParity/Parse/missing/availability_query_unavailability.swift,missing,37,24,error,avail_query_expected_rparen,expected ')' in availability query,,,
test/ASTGenParity/Parse/missing/availability_query_unavailability.swift,missing,65,17,note,avail_query_meant_introduced,did you mean to specify an introduction version?,,,
test/ASTGenParity/Parse/missing/availability_query_unavailability.swift,missing,65,42,error,avail_query_argument_and_shorthand_mix_not_allowed,'unavailable' can't be combined with shorthand specification 'iOSApplicationExtension',,,
test/ASTGenParity/Parse/missing/availability_query_unavailability.swift,missing,70,17,error,avail_query_expected_platform_name,expected platform name,,,
test/ASTGenParity/Parse/missing/availability_query_unavailability.swift,missing,73,16,note,opening_paren,to match this opening '(',,,
test/ASTGenParity/Parse/missing/availability_query_unavailability.swift,missing,73,24,error,avail_query_expected_rparen,expected ')' in availability query,,,
test/ASTGenParity/Parse/missing/availability_query_unavailability.swift,missing,81,16,note,opening_paren,to match this opening '(',,,
test/ASTGenParity/Parse/missing/availability_query_unavailability.swift,missing,81,25,error,avail_query_expected_platform_name,expected platform name,,,
test/ASTGenParity/Parse/missing/availability_query_unavailability.swift,missing,81,25,error,avail_query_expected_rparen,expected ')' in availability query,,,
test/ASTGenParity/Parse/missing/availability_query_unavailability.swift,missing,84,16,note,opening_paren,to match this opening '(',,,
test/ASTGenParity/Parse/missing/availability_query_unavailability.swift,missing,84,29,error,avail_query_expected_rparen,expected ')' in availability query,,,
test/ASTGenParity/Parse/missing/availability_query_unavailability.swift,missing,93,24,error,avail_query_disallowed_operator,'||' cannot be used in an availability condition,,,
test/ASTGenParity/Parse/missing/availability_query_unavailability.swift,missing,97,21,error,avail_query_version_comparison_not_needed,version comparison not needed,,,
test/ASTGenParity/Parse/missing/availability_query_unavailability.swift,missing,134,18,error,false_available_is_called_unavailable,"#available cannot be used as an expression, did you mean to use '#unavailable'?",,,
test/ASTGenParity/Parse/missing/availability_query_unavailability.swift,missing,136,4,error,false_available_is_called_unavailable,"#available cannot be used as an expression, did you mean to use '#unavailable'?",,,
test/ASTGenParity/Parse/missing/borrow_and_mutate_accessors.swift,missing,17,5,error,conflicting_accessor,variable cannot provide both a 'borrow' accessor and a getter,,,
test/ASTGenParity/Parse/missing/borrow_and_mutate_accessors.swift,missing,20,5,note,previous_accessor,getter defined here,,,
test/ASTGenParity/Parse/missing/borrow_and_mutate_accessors.swift,missing,25,5,error,conflicting_accessor,variable cannot provide both a 'borrow' accessor and a '_read' accessor,,,
test/ASTGenParity/Parse/missing/borrow_and_mutate_accessors.swift,missing,28,5,note,previous_accessor,'_read' accessor defined here,,,
test/ASTGenParity/Parse/missing/borrow_and_mutate_accessors.swift,missing,33,5,error,conflicting_accessor,variable cannot provide both a 'borrow' accessor and a 'yielding borrow' accessor,,,
test/ASTGenParity/Parse/missing/borrow_and_mutate_accessors.swift,missing,37,5,warning,old_coroutine_accessor,'read' is deprecated; please use 'yielding borrow' instead,,,
test/ASTGenParity/Parse/missing/borrow_and_mutate_accessors.swift,missing,37,5,note,previous_accessor,'yielding borrow' accessor defined here,,,
test/ASTGenParity/Parse/missing/borrow_and_mutate_accessors.swift,missing,42,5,error,missing_borrow_accessor,variable with a 'mutate' accessor must also have a 'borrow' accessor,,,
test/ASTGenParity/Parse/missing/borrow_and_mutate_accessors.swift,missing,47,5,error,borrow_mutate_pair_restrict,A 'borrow' accessor can only be defined along with a 'mutate' accessor,,,
test/ASTGenParity/Parse/missing/borrow_and_mutate_accessors.swift,missing,50,5,error,conflicting_accessor,variable cannot provide both a 'mutate' accessor and a setter,,,
test/ASTGenParity/Parse/missing/borrow_and_mutate_accessors.swift,missing,56,5,note,previous_accessor,setter defined here,,,
test/ASTGenParity/Parse/missing/borrow_and_mutate_accessors.swift,missing,61,5,error,borrow_mutate_pair_restrict,A 'borrow' accessor can only be defined along with a 'mutate' accessor,,,
test/ASTGenParity/Parse/missing/borrow_and_mutate_accessors.swift,missing,64,5,note,previous_accessor,mutate accessor defined here,,,
test/ASTGenParity/Parse/missing/borrow_and_mutate_accessors.swift,missing,67,5,error,conflicting_accessor,variable cannot provide both a mutable addressor and a 'mutate' accessor,,,
test/ASTGenParity/Parse/missing/borrow_and_mutate_accessors.swift,missing,71,12,error,invalid_accessor_specifier,'borrow' accessor cannot have specifier 'async',,,
test/ASTGenParity/Parse/missing/borrow_and_mutate_accessors.swift,missing,71,18,error,invalid_accessor_specifier,'borrow' accessor cannot have specifier 'throws',,,
test/ASTGenParity/Parse/missing/borrow_and_mutate_accessors.swift,missing,74,12,error,invalid_accessor_specifier,'mutate' accessor cannot have specifier 'async',,,
test/ASTGenParity/Parse/missing/borrow_and_mutate_accessors.swift,missing,74,18,error,invalid_accessor_specifier,'mutate' accessor cannot have specifier 'throws',,,
test/ASTGenParity/Parse/missing/borrow_and_mutate_accessors.swift,missing,79,5,error,borrow_mutate_pair_restrict,A 'borrow' accessor can only be defined along with a 'mutate' accessor,,,
test/ASTGenParity/Parse/missing/borrow_and_mutate_accessors.swift,missing,87,5,error,borrow_mutate_pair_restrict,A 'borrow' accessor can only be defined along with a 'mutate' accessor,,,
test/ASTGenParity/Parse/missing/borrow_and_mutate_accessors.swift,missing,95,5,error,borrow_mutate_pair_restrict,A 'borrow' accessor can only be defined along with a 'mutate' accessor,,,
test/ASTGenParity/Parse/missing/borrow_and_mutate_accessors.swift,missing,106,5,error,borrow_mutate_pair_restrict,A 'mutate' accessor can only be defined along with a 'borrow' accessor,,,
test/ASTGenParity/Parse/missing/borrow_and_mutate_accessors.swift,missing,115,10,error,borrow_mutate_accessor_not_supported_in_decl,a 'borrow' accessor is unsupported here,,,
test/ASTGenParity/Parse/missing/borrow_and_mutate_accessors.swift,missing,118,10,error,borrow_mutate_accessor_not_supported_in_decl,a 'mutate' accessor is unsupported here,,,
test/ASTGenParity/Parse/extra/brace_recovery_eof.swift,matched,4,19,note,opening_brace,to match this opening '{',note,to match this opening '{',
test/ASTGenParity/Parse/extra/brace_recovery_eof.swift,missing,16,1,error,expected_rbrace_in_brace_stmt,expected '}' at end of brace statement,,,at_eof
test/ASTGenParity/Parse/extra/brace_recovery_eof.swift,extra,5,10,,,,error,expected '}' to end 'for' statement,
test/ASTGenParity/Parse/extra/brace_recovery_eof.swift,extra,5,10,,,,note,insert '}',
test/ASTGenParity/Parse/extra/c_function_pointers.swift,message-differs,54,55,error,expected_type,expected type,error,expected type in type,
test/ASTGenParity/Parse/extra/c_function_pointers.swift,message-differs,57,37,error,convention_attribute_ctype_expected_string,expected string literal containing clang type for 'cType' in 'convention' attribute,error,expected value in attribute,
test/ASTGenParity/Parse/extra/c_function_pointers.swift,missing,55,30,error,convention_attribute_ctype_expected_label,expected 'cType' label in 'convention' attribute,,,
test/ASTGenParity/Parse/extra/c_function_pointers.swift,missing,56,35,error,convention_attribute_ctype_expected_colon,expected ':' after 'cType' for 'convention' attribute,,,
test/ASTGenParity/Parse/extra/c_function_pointers.swift,extra,54,55,,,,note,insert type,
test/ASTGenParity/Parse/extra/c_function_pointers.swift,extra,57,37,,,,note,insert value,
test/ASTGenParity/Parse/extra/c_function_pointers.swift,extra,57,37,,,,error,expected string literal,
test/ASTGenParity/Parse/missing/called_attr.cfg1.swift,missing,73,38,error,attr_called_expected_semantics,expected 'exactlyOnce' or 'atMostOnce' as the '@called' execution semantics,,,
test/ASTGenParity/Parse/missing/called_attr.cfg1.swift,missing,76,38,error,attr_called_expected_semantics,expected 'exactlyOnce' or 'atMostOnce' as the '@called' execution semantics,,,
test/ASTGenParity/Parse/missing/called_attr.cfg1.swift,missing,94,10,error,attr_unknown_option,unknown option 'twice' for attribute 'called',,,
test/ASTGenParity/Parse/mixed/called_attr.cfg2.swift,wrong-column,114,34,error,expected_capture_specifier,"expected 'weak', 'unowned', or no specifier in capture list",error,unexpected 'self' keyword in closure capture clause,
test/ASTGenParity/Parse/mixed/called_attr.cfg2.swift,wrong-column,123,30,error,expected_capture_specifier,"expected 'weak', 'unowned', or no specifier in capture list",error,unexpected code 'ns' in closure capture clause,
test/ASTGenParity/Parse/mixed/called_attr.cfg2.swift,wrong-column,128,38,error,expected_capture_specifier,"expected 'weak', 'unowned', or no specifier in capture list",error,unexpected code 'ns = NS()' in closure capture clause,
test/ASTGenParity/Parse/mixed/called_attr.cfg2.swift,missing,73,38,error,attr_called_expected_semantics,expected 'exactlyOnce' or 'atMostOnce' as the '@called' execution semantics,,,
test/ASTGenParity/Parse/mixed/called_attr.cfg2.swift,missing,76,38,error,attr_called_expected_semantics,expected 'exactlyOnce' or 'atMostOnce' as the '@called' execution semantics,,,
test/ASTGenParity/Parse/mixed/called_attr.cfg2.swift,missing,94,10,error,attr_unknown_option,unknown option 'twice' for attribute 'called',,,
test/ASTGenParity/Parse/extra/closure-missing-in.swift,message-differs,15,5,error,unexpected_tokens_before_closure_in,unexpected tokens prior to 'in',error,unexpected code '0' in closure signature,
test/ASTGenParity/Parse/extra/closure-missing-in.swift,missing,7,5,error,expected_closure_in,expected 'in' after the closure signature,,,
test/ASTGenParity/Parse/extra/closure-missing-in.swift,missing,23,5,error,expected_closure_in,expected 'in' after the closure signature,,,
test/ASTGenParity/Parse/extra/closure-missing-in.swift,extra,6,94,,,,error,expected 'in' in closure signature,
test/ASTGenParity/Parse/extra/closure-missing-in.swift,extra,6,94,,,,note,insert 'in',
test/ASTGenParity/Parse/extra/closure-missing-in.swift,extra,22,20,,,,error,expected 'in' in closure signature,
test/ASTGenParity/Parse/extra/closure-missing-in.swift,extra,22,20,,,,note,insert 'in',
test/ASTGenParity/Parse/missing/comment_operator.swift,missing,17,28,error,expected_colon_after_ternary_question,expected ':' after '? ...' in ternary expression,,,
test/ASTGenParity/Parse/missing/comment_operator.swift,missing,18,30,error,expected_expr_after_operator,expected expression after operator,,,
test/ASTGenParity/Parse/missing/comment_operator.swift,missing,19,21,error,statement_same_line_without_semi,consecutive statements on a line must be separated by ';',,,
test/ASTGenParity/Parse/missing/comment_operator.swift,missing,20,22,error,statement_same_line_without_semi,consecutive statements on a line must be separated by ';',,,
test/ASTGenParity/Parse/missing/comment_operator.swift,missing,23,20,error,expected_prefix_operator,unary operator cannot be separated from its operand,,,
test/ASTGenParity/Parse/missing/comment_operator.swift,missing,24,22,error,statement_same_line_without_semi,consecutive statements on a line must be separated by ';',,,
test/ASTGenParity/Parse/missing/comment_operator.swift,missing,35,27,error,expected_member_name,expected member name following '.',,,
test/ASTGenParity/Parse/wrong-column/conflict_markers.swift,wrong-column,19,2,error,lex_conflict_marker_in_file,source control conflict marker in source file,error,source control conflict marker in source file,
test/ASTGenParity/Parse/wrong-column/conflict_markers.swift,wrong-column,28,2,error,lex_conflict_marker_in_file,source control conflict marker in source file,error,source control conflict marker in source file,
test/ASTGenParity/Parse/wrong-column/conflict_markers.swift,wrong-column,37,2,error,lex_conflict_marker_in_file,source control conflict marker in source file,error,source control conflict marker in source file,
test/ASTGenParity/Parse/wrong-column/conflict_markers.swift,wrong-column,56,2,error,lex_conflict_marker_in_file,source control conflict marker in source file,error,source control conflict marker in source file,
test/ASTGenParity/Parse/wrong-column/conflict_markers.swift,wrong-column,82,2,error,lex_conflict_marker_in_file,source control conflict marker in source file,error,source control conflict marker in source file,
test/ASTGenParity/Parse/wrong-column/conflict_markers.swift,missing,70,2,error,lex_conflict_marker_in_file,source control conflict marker in source file,,,
test/ASTGenParity/Parse/mixed/confusables.swift,message-differs,7,11,error,statement_same_line_without_semi,consecutive statements on a line must be separated by ';',error,unexpected code '⁚ Int' in source file,
test/ASTGenParity/Parse/mixed/confusables.swift,matched,12,3,error,lex_invalid_character,invalid character in source file,error,invalid character in source file,
test/ASTGenParity/Parse/mixed/confusables.swift,message-differs,17,10,error,expected_separator,"expected ',' separator",error,unexpected code 'ꝸꝸꝸ false' in tuple,
test/ASTGenParity/Parse/mixed/confusables.swift,matched,22,7,error,lex_invalid_character,invalid character in source file,error,invalid character in source file,
test/ASTGenParity/Parse/mixed/confusables.swift,message-differs,22,11,error,expected_separator,"expected ',' separator",error,unexpected code '5' in tuple,
test/ASTGenParity/Parse/mixed/confusables.swift,message-differs,25,11,error,statement_same_line_without_semi,consecutive statements on a line must be separated by ';',error,consecutive statements on a line must be separated by newline or ';',
test/ASTGenParity/Parse/mixed/confusables.swift,message-differs,25,13,error,statement_same_line_without_semi,consecutive statements on a line must be separated by ';',error,consecutive statements on a line must be separated by newline or ';',
test/ASTGenParity/Parse/mixed/confusables.swift,missing,7,11,error,invalid_postfix_operator,operator with postfix spacing cannot start a subexpression,,,
test/ASTGenParity/Parse/mixed/confusables.swift,missing,12,2,error,statement_same_line_without_semi,consecutive statements on a line must be separated by ';',,,
test/ASTGenParity/Parse/mixed/confusables.swift,missing,12,3,note,lex_confusable_character,unicode character '‒' (Figure Dash) looks similar to '-' (Hyphen Minus); did you mean to use '-' (Hyphen Minus)?,,,
test/ASTGenParity/Parse/mixed/confusables.swift,missing,22,7,note,lex_confusable_character,unicode character '‒' (Figure Dash) looks similar to '-' (Hyphen Minus); did you mean to use '-' (Hyphen Minus)?,,,
test/ASTGenParity/Parse/mixed/confusables.swift,extra,25,11,,,,note,insert newline,
test/ASTGenParity/Parse/mixed/confusables.swift,extra,25,11,,,,note,insert ';',
test/ASTGenParity/Parse/mixed/confusables.swift,extra,25,13,,,,note,insert newline,
test/ASTGenParity/Parse/mixed/confusables.swift,extra,25,13,,,,note,insert ';',
test/ASTGenParity/Parse/extra/consecutive_statements.swift,message-differs,27,8,error,statement_same_line_without_semi,consecutive statements on a line must be separated by ';',error,consecutive statements on a line must be separated by newline or ';',
test/ASTGenParity/Parse/extra/consecutive_statements.swift,message-differs,29,14,error,statement_same_line_without_semi,consecutive statements on a line must be separated by ';',error,consecutive statements on a line must be separated by newline or ';',
test/ASTGenParity/Parse/extra/consecutive_statements.swift,message-differs,35,17,error,declaration_same_line_without_semi,consecutive declarations on a line must be separated by ';',error,consecutive declarations on a line must be separated by newline or ';',
test/ASTGenParity/Parse/extra/consecutive_statements.swift,message-differs,38,4,error,declaration_same_line_without_semi,consecutive declarations on a line must be separated by ';',error,consecutive declarations on a line must be separated by newline or ';',
test/ASTGenParity/Parse/extra/consecutive_statements.swift,message-differs,43,16,error,statement_same_line_without_semi,consecutive statements on a line must be separated by ';',error,consecutive statements on a line must be separated by newline or ';',
test/ASTGenParity/Parse/extra/consecutive_statements.swift,message-differs,43,26,error,statement_same_line_without_semi,consecutive statements on a line must be separated by ';',error,consecutive statements on a line must be separated by newline or ';',
test/ASTGenParity/Parse/extra/consecutive_statements.swift,message-differs,46,16,error,statement_same_line_without_semi,consecutive statements on a line must be separated by ';',error,consecutive statements on a line must be separated by newline or ';',
test/ASTGenParity/Parse/extra/consecutive_statements.swift,message-differs,54,17,error,declaration_same_line_without_semi,consecutive declarations on a line must be separated by ';',error,consecutive declarations on a line must be separated by newline or ';',
test/ASTGenParity/Parse/extra/consecutive_statements.swift,message-differs,62,11,error,declaration_same_line_without_semi,consecutive declarations on a line must be separated by ';',error,consecutive declarations on a line must be separated by newline or ';',
test/ASTGenParity/Parse/extra/consecutive_statements.swift,message-differs,66,11,error,declaration_same_line_without_semi,consecutive declarations on a line must be separated by ';',error,consecutive declarations on a line must be separated by newline or ';',
test/ASTGenParity/Parse/extra/consecutive_statements.swift,message-differs,67,14,error,declaration_same_line_without_semi,consecutive declarations on a line must be separated by ';',error,consecutive declarations on a line must be separated by newline or ';',
test/ASTGenParity/Parse/extra/consecutive_statements.swift,wrong-column,28,14,error,statement_same_line_without_semi,consecutive statements on a line must be separated by ';',error,expected '=' in variable,
test/ASTGenParity/Parse/extra/consecutive_statements.swift,wrong-column,71,15,error,statement_same_line_without_semi,consecutive statements on a line must be separated by ';',error,expected '=' in variable,
test/ASTGenParity/Parse/extra/consecutive_statements.swift,missing,71,21,error,statement_same_line_without_semi,consecutive statements on a line must be separated by ';',,,
test/ASTGenParity/Parse/extra/consecutive_statements.swift,extra,27,8,,,,note,insert newline,
test/ASTGenParity/Parse/extra/consecutive_statements.swift,extra,27,8,,,,note,insert ';',
test/ASTGenParity/Parse/extra/consecutive_statements.swift,extra,28,15,,,,note,insert '=',
test/ASTGenParity/Parse/extra/consecutive_statements.swift,extra,29,14,,,,note,insert newline,
test/ASTGenParity/Parse/extra/consecutive_statements.swift,extra,29,14,,,,note,insert ';',
test/ASTGenParity/Parse/extra/consecutive_statements.swift,extra,35,17,,,,note,insert newline,
test/ASTGenParity/Parse/extra/consecutive_statements.swift,extra,35,17,,,,note,insert ';',
test/ASTGenParity/Parse/extra/consecutive_statements.swift,extra,38,4,,,,note,insert newline,
test/ASTGenParity/Parse/extra/consecutive_statements.swift,extra,38,4,,,,note,insert ';',
test/ASTGenParity/Parse/extra/consecutive_statements.swift,extra,43,16,,,,note,insert newline,
test/ASTGenParity/Parse/extra/consecutive_statements.swift,extra,43,16,,,,note,insert ';',
test/ASTGenParity/Parse/extra/consecutive_statements.swift,extra,43,26,,,,note,insert newline,
test/ASTGenParity/Parse/extra/consecutive_statements.swift,extra,43,26,,,,note,insert ';',
test/ASTGenParity/Parse/extra/consecutive_statements.swift,extra,46,16,,,,note,insert newline,
test/ASTGenParity/Parse/extra/consecutive_statements.swift,extra,46,16,,,,note,insert ';',
test/ASTGenParity/Parse/extra/consecutive_statements.swift,extra,54,17,,,,note,insert newline,
test/ASTGenParity/Parse/extra/consecutive_statements.swift,extra,54,17,,,,note,insert ';',
test/ASTGenParity/Parse/extra/consecutive_statements.swift,extra,62,11,,,,note,insert newline,
test/ASTGenParity/Parse/extra/consecutive_statements.swift,extra,62,11,,,,note,insert ';',
test/ASTGenParity/Parse/extra/consecutive_statements.swift,extra,66,11,,,,note,insert newline,
test/ASTGenParity/Parse/extra/consecutive_statements.swift,extra,66,11,,,,note,insert ';',
test/ASTGenParity/Parse/extra/consecutive_statements.swift,extra,67,14,,,,note,insert newline,
test/ASTGenParity/Parse/extra/consecutive_statements.swift,extra,67,14,,,,note,insert ';',
test/ASTGenParity/Parse/extra/consecutive_statements.swift,extra,71,16,,,,note,insert '=',
test/ASTGenParity/Parse/missing/coroutine_accessors.cfg1.swift,missing,41,3,warning,old_coroutine_accessor,'read' is deprecated; please use 'yielding borrow' instead,,,
test/ASTGenParity/Parse/missing/coroutine_accessors.cfg1.swift,missing,50,12,note,previous_accessor,previous definition of 'yielding borrow' accessor here,,,
test/ASTGenParity/Parse/missing/coroutine_accessors.cfg1.swift,missing,53,3,warning,old_coroutine_accessor,'read' is deprecated; please use 'yielding borrow' instead,,,
test/ASTGenParity/Parse/missing/coroutine_accessors.cfg1.swift,missing,53,3,error,duplicate_accessor,variable already has a 'yielding borrow' accessor,,,
test/ASTGenParity/Parse/missing/coroutine_accessors.cfg1.swift,missing,64,3,warning,old_coroutine_accessor,'read' is deprecated; please use 'yielding borrow' instead,,,
test/ASTGenParity/Parse/missing/coroutine_accessors.cfg1.swift,missing,64,3,note,previous_accessor,previous definition of 'yielding borrow' accessor here,,,
test/ASTGenParity/Parse/missing/coroutine_accessors.cfg1.swift,missing,68,12,error,duplicate_accessor,variable already has a 'yielding borrow' accessor,,,
test/ASTGenParity/Parse/missing/coroutine_accessors.cfg1.swift,missing,80,3,warning,old_coroutine_accessor,'read' is deprecated; please use 'yielding borrow' instead,,,
test/ASTGenParity/Parse/missing/coroutine_accessors.cfg1.swift,missing,80,3,error,conflicting_accessor,variable cannot provide both a 'yielding borrow' accessor and a '_read' accessor,,,
test/ASTGenParity/Parse/missing/coroutine_accessors.cfg1.swift,missing,85,3,note,previous_accessor,'_read' accessor defined here,,,
test/ASTGenParity/Parse/missing/coroutine_accessors.cfg1.swift,missing,93,3,note,previous_accessor,getter defined here,,,
test/ASTGenParity/Parse/missing/coroutine_accessors.cfg1.swift,missing,96,3,warning,old_coroutine_accessor,'read' is deprecated; please use 'yielding borrow' instead,,,
test/ASTGenParity/Parse/missing/coroutine_accessors.cfg1.swift,missing,96,3,error,conflicting_accessor,variable cannot provide both a 'yielding borrow' accessor and a getter,,,
test/ASTGenParity/Parse/missing/coroutine_accessors.cfg1.swift,missing,270,3,error,missing_reading_accessor,"variable with a setter must also have a getter, addressor, or 'yielding borrow' accessor",,,
test/ASTGenParity/Parse/missing/coroutine_accessors.cfg1.swift,missing,277,3,error,missing_reading_accessor,"variable with a setter must also have a getter, addressor, or 'yielding borrow' accessor",,,
test/ASTGenParity/Parse/missing/coroutine_accessors.cfg1.swift,missing,288,12,error,missing_reading_accessor,"variable with a 'yielding mutate' accessor must also have a getter, addressor, or 'yielding borrow' accessor",,,
test/ASTGenParity/Parse/missing/coroutine_accessors.cfg1.swift,missing,304,12,error,missing_reading_accessor,"variable with a 'yielding mutate' accessor must also have a getter, addressor, or 'yielding borrow' accessor",,,
test/ASTGenParity/Parse/missing/coroutine_accessors.cfg1.swift,missing,313,12,error,conflicting_accessor,variable cannot provide both a 'yielding mutate' accessor and a '_modify' accessor,,,
test/ASTGenParity/Parse/missing/coroutine_accessors.cfg1.swift,missing,318,3,error,missing_reading_accessor,"variable with a '_modify' accessor must also have a getter, addressor, or 'yielding borrow' accessor",,,
test/ASTGenParity/Parse/missing/coroutine_accessors.cfg1.swift,missing,318,3,note,previous_accessor,'_modify' accessor defined here,,,
test/ASTGenParity/Parse/missing/coroutine_accessors.cfg1.swift,missing,326,3,error,missing_reading_accessor,"variable with a '_modify' accessor must also have a getter, addressor, or 'yielding borrow' accessor",,,
test/ASTGenParity/Parse/missing/coroutine_accessors.cfg1.swift,missing,326,3,note,previous_accessor,'_modify' accessor defined here,,,
test/ASTGenParity/Parse/missing/coroutine_accessors.cfg1.swift,missing,329,12,error,conflicting_accessor,variable cannot provide both a 'yielding mutate' accessor and a '_modify' accessor,,,
test/ASTGenParity/Parse/missing/coroutine_accessors.cfg1.swift,missing,339,12,note,previous_accessor,previous definition of 'yielding mutate' accessor here,,,
test/ASTGenParity/Parse/missing/coroutine_accessors.cfg1.swift,missing,339,12,error,missing_reading_accessor,"variable with a 'yielding mutate' accessor must also have a getter, addressor, or 'yielding borrow' accessor",,,
test/ASTGenParity/Parse/missing/coroutine_accessors.cfg1.swift,missing,343,12,error,duplicate_accessor,variable already has a 'yielding mutate' accessor,,,
test/ASTGenParity/Parse/missing/coroutine_accessors.cfg1.swift,missing,360,12,error,conflicting_accessor,variable cannot provide both a 'yielding mutate' accessor and a '_modify' accessor,,,
test/ASTGenParity/Parse/missing/coroutine_accessors.cfg1.swift,missing,364,3,note,previous_accessor,'_modify' accessor defined here,,,
test/ASTGenParity/Parse/missing/coroutine_accessors.cfg1.swift,missing,372,12,error,conflicting_accessor,variable cannot provide both a 'yielding borrow' accessor and a '_read' accessor,,,
test/ASTGenParity/Parse/missing/coroutine_accessors.cfg1.swift,missing,377,3,note,previous_accessor,'_read' accessor defined here,,,
test/ASTGenParity/Parse/missing/coroutine_accessors.cfg1.swift,missing,380,12,error,conflicting_accessor,variable cannot provide both a 'yielding mutate' accessor and a '_modify' accessor,,,
test/ASTGenParity/Parse/missing/coroutine_accessors.cfg1.swift,missing,384,3,note,previous_accessor,'_modify' accessor defined here,,,
test/ASTGenParity/Parse/missing/coroutine_accessors.cfg2.swift,missing,35,19,error,accessor_requires_coroutine_accessors,'yielding borrow' accessor is only valid when experimental feature coroutine accessors is enabled,,,
test/ASTGenParity/Parse/missing/coroutine_accessors.cfg2.swift,missing,50,19,error,accessor_requires_coroutine_accessors,'yielding borrow' accessor is only valid when experimental feature coroutine accessors is enabled,,,
test/ASTGenParity/Parse/missing/coroutine_accessors.cfg2.swift,missing,53,3,error,expected_accessor_kw,"expected 'get', 'set', 'willSet', or 'didSet' keyword to start an accessor definition",,,
test/ASTGenParity/Parse/missing/coroutine_accessors.cfg2.swift,missing,68,11,error,statement_same_line_without_semi,consecutive statements on a line must be separated by ';',,,
test/ASTGenParity/Parse/missing/coroutine_accessors.cfg2.swift,missing,96,3,error,expected_accessor_kw,"expected 'get', 'set', 'willSet', or 'didSet' keyword to start an accessor definition",,,
test/ASTGenParity/Parse/missing/coroutine_accessors.cfg2.swift,missing,114,19,error,accessor_requires_coroutine_accessors,'yielding mutate' accessor is only valid when experimental feature coroutine accessors is enabled,,,
test/ASTGenParity/Parse/missing/coroutine_accessors.cfg2.swift,missing,122,19,error,accessor_requires_coroutine_accessors,'yielding mutate' accessor is only valid when experimental feature coroutine accessors is enabled,,,
test/ASTGenParity/Parse/missing/coroutine_accessors.cfg2.swift,missing,136,19,error,accessor_requires_coroutine_accessors,'yielding mutate' accessor is only valid when experimental feature coroutine accessors is enabled,,,
test/ASTGenParity/Parse/missing/coroutine_accessors.cfg2.swift,missing,144,19,error,accessor_requires_coroutine_accessors,'yielding mutate' accessor is only valid when experimental feature coroutine accessors is enabled,,,
test/ASTGenParity/Parse/missing/coroutine_accessors.cfg2.swift,missing,158,19,error,accessor_requires_coroutine_accessors,'yielding mutate' accessor is only valid when experimental feature coroutine accessors is enabled,,,
test/ASTGenParity/Parse/missing/coroutine_accessors.cfg2.swift,missing,166,19,error,accessor_requires_coroutine_accessors,'yielding mutate' accessor is only valid when experimental feature coroutine accessors is enabled,,,
test/ASTGenParity/Parse/missing/coroutine_accessors.cfg2.swift,missing,177,19,error,accessor_requires_coroutine_accessors,'yielding borrow' accessor is only valid when experimental feature coroutine accessors is enabled,,,
test/ASTGenParity/Parse/missing/coroutine_accessors.cfg2.swift,missing,180,19,error,accessor_requires_coroutine_accessors,'yielding mutate' accessor is only valid when experimental feature coroutine accessors is enabled,,,
test/ASTGenParity/Parse/missing/coroutine_accessors.cfg2.swift,missing,188,19,error,accessor_requires_coroutine_accessors,'yielding mutate' accessor is only valid when experimental feature coroutine accessors is enabled,,,
test/ASTGenParity/Parse/missing/coroutine_accessors.cfg2.swift,missing,191,19,error,accessor_requires_coroutine_accessors,'yielding borrow' accessor is only valid when experimental feature coroutine accessors is enabled,,,
test/ASTGenParity/Parse/missing/coroutine_accessors.cfg2.swift,missing,199,19,error,accessor_requires_coroutine_accessors,'yielding borrow' accessor is only valid when experimental feature coroutine accessors is enabled,,,
test/ASTGenParity/Parse/missing/coroutine_accessors.cfg2.swift,missing,211,19,error,accessor_requires_coroutine_accessors,'yielding borrow' accessor is only valid when experimental feature coroutine accessors is enabled,,,
test/ASTGenParity/Parse/missing/coroutine_accessors.cfg2.swift,missing,219,19,error,accessor_requires_coroutine_accessors,'yielding borrow' accessor is only valid when experimental feature coroutine accessors is enabled,,,
test/ASTGenParity/Parse/missing/coroutine_accessors.cfg2.swift,missing,230,19,error,accessor_requires_coroutine_accessors,'yielding borrow' accessor is only valid when experimental feature coroutine accessors is enabled,,,
test/ASTGenParity/Parse/missing/coroutine_accessors.cfg2.swift,missing,241,19,error,accessor_requires_coroutine_accessors,'yielding borrow' accessor is only valid when experimental feature coroutine accessors is enabled,,,
test/ASTGenParity/Parse/missing/coroutine_accessors.cfg2.swift,missing,255,19,error,accessor_requires_coroutine_accessors,'yielding borrow' accessor is only valid when experimental feature coroutine accessors is enabled,,,
test/ASTGenParity/Parse/missing/coroutine_accessors.cfg2.swift,missing,267,19,error,accessor_requires_coroutine_accessors,'yielding mutate' accessor is only valid when experimental feature coroutine accessors is enabled,,,
test/ASTGenParity/Parse/missing/coroutine_accessors.cfg2.swift,missing,270,3,error,missing_reading_accessor,"variable with a setter must also have a getter, addressor, or 'yielding borrow' accessor",,,
test/ASTGenParity/Parse/missing/coroutine_accessors.cfg2.swift,missing,277,3,error,missing_reading_accessor,"variable with a setter must also have a getter, addressor, or 'yielding borrow' accessor",,,
test/ASTGenParity/Parse/missing/coroutine_accessors.cfg2.swift,missing,280,19,error,accessor_requires_coroutine_accessors,'yielding mutate' accessor is only valid when experimental feature coroutine accessors is enabled,,,
test/ASTGenParity/Parse/missing/coroutine_accessors.cfg2.swift,missing,288,12,error,missing_reading_accessor,"variable with a 'yielding mutate' accessor must also have a getter, addressor, or 'yielding borrow' accessor",,,
test/ASTGenParity/Parse/missing/coroutine_accessors.cfg2.swift,missing,288,19,error,accessor_requires_coroutine_accessors,'yielding mutate' accessor is only valid when experimental feature coroutine accessors is enabled,,,
test/ASTGenParity/Parse/missing/coroutine_accessors.cfg2.swift,missing,304,12,error,missing_reading_accessor,"variable with a 'yielding mutate' accessor must also have a getter, addressor, or 'yielding borrow' accessor",,,
test/ASTGenParity/Parse/missing/coroutine_accessors.cfg2.swift,missing,304,19,error,accessor_requires_coroutine_accessors,'yielding mutate' accessor is only valid when experimental feature coroutine accessors is enabled,,,
test/ASTGenParity/Parse/missing/coroutine_accessors.cfg2.swift,missing,313,12,error,conflicting_accessor,variable cannot provide both a 'yielding mutate' accessor and a '_modify' accessor,,,
test/ASTGenParity/Parse/missing/coroutine_accessors.cfg2.swift,missing,313,19,error,accessor_requires_coroutine_accessors,'yielding mutate' accessor is only valid when experimental feature coroutine accessors is enabled,,,
test/ASTGenParity/Parse/missing/coroutine_accessors.cfg2.swift,missing,318,3,error,missing_reading_accessor,"variable with a '_modify' accessor must also have a getter, addressor, or 'yielding borrow' accessor",,,
test/ASTGenParity/Parse/missing/coroutine_accessors.cfg2.swift,missing,318,3,note,previous_accessor,'_modify' accessor defined here,,,
test/ASTGenParity/Parse/missing/coroutine_accessors.cfg2.swift,missing,326,3,error,missing_reading_accessor,"variable with a '_modify' accessor must also have a getter, addressor, or 'yielding borrow' accessor",,,
test/ASTGenParity/Parse/missing/coroutine_accessors.cfg2.swift,missing,326,3,note,previous_accessor,'_modify' accessor defined here,,,
test/ASTGenParity/Parse/missing/coroutine_accessors.cfg2.swift,missing,329,12,error,conflicting_accessor,variable cannot provide both a 'yielding mutate' accessor and a '_modify' accessor,,,
test/ASTGenParity/Parse/missing/coroutine_accessors.cfg2.swift,missing,329,19,error,accessor_requires_coroutine_accessors,'yielding mutate' accessor is only valid when experimental feature coroutine accessors is enabled,,,
test/ASTGenParity/Parse/missing/coroutine_accessors.cfg2.swift,missing,339,12,note,previous_accessor,previous definition of 'yielding mutate' accessor here,,,
test/ASTGenParity/Parse/missing/coroutine_accessors.cfg2.swift,missing,339,12,error,missing_reading_accessor,"variable with a 'yielding mutate' accessor must also have a getter, addressor, or 'yielding borrow' accessor",,,
test/ASTGenParity/Parse/missing/coroutine_accessors.cfg2.swift,missing,339,19,error,accessor_requires_coroutine_accessors,'yielding mutate' accessor is only valid when experimental feature coroutine accessors is enabled,,,
test/ASTGenParity/Parse/missing/coroutine_accessors.cfg2.swift,missing,343,12,error,duplicate_accessor,variable already has a 'yielding mutate' accessor,,,
test/ASTGenParity/Parse/missing/coroutine_accessors.cfg2.swift,missing,343,19,error,accessor_requires_coroutine_accessors,'yielding mutate' accessor is only valid when experimental feature coroutine accessors is enabled,,,
test/ASTGenParity/Parse/missing/coroutine_accessors.cfg2.swift,missing,360,12,error,conflicting_accessor,variable cannot provide both a 'yielding mutate' accessor and a '_modify' accessor,,,
test/ASTGenParity/Parse/missing/coroutine_accessors.cfg2.swift,missing,360,19,error,accessor_requires_coroutine_accessors,'yielding mutate' accessor is only valid when experimental feature coroutine accessors is enabled,,,
test/ASTGenParity/Parse/missing/coroutine_accessors.cfg2.swift,missing,364,3,note,previous_accessor,'_modify' accessor defined here,,,
test/ASTGenParity/Parse/missing/coroutine_accessors.cfg2.swift,missing,372,12,error,conflicting_accessor,variable cannot provide both a 'yielding borrow' accessor and a '_read' accessor,,,
test/ASTGenParity/Parse/missing/coroutine_accessors.cfg2.swift,missing,372,19,error,accessor_requires_coroutine_accessors,'yielding borrow' accessor is only valid when experimental feature coroutine accessors is enabled,,,
test/ASTGenParity/Parse/missing/coroutine_accessors.cfg2.swift,missing,377,3,note,previous_accessor,'_read' accessor defined here,,,
test/ASTGenParity/Parse/missing/coroutine_accessors.cfg2.swift,missing,380,12,error,conflicting_accessor,variable cannot provide both a 'yielding mutate' accessor and a '_modify' accessor,,,
test/ASTGenParity/Parse/missing/coroutine_accessors.cfg2.swift,missing,380,19,error,accessor_requires_coroutine_accessors,'yielding mutate' accessor is only valid when experimental feature coroutine accessors is enabled,,,
test/ASTGenParity/Parse/missing/coroutine_accessors.cfg2.swift,missing,384,3,note,previous_accessor,'_modify' accessor defined here,,,
test/ASTGenParity/Parse/missing/coroutine_accessors.cfg2.swift,missing,394,36,error,accessor_requires_coroutine_accessors,'yielding borrow' accessor is only valid when experimental feature coroutine accessors is enabled,,,
test/ASTGenParity/Parse/missing/coroutine_accessors.cfg2.swift,missing,398,40,error,accessor_requires_coroutine_accessors,'yielding borrow' accessor is only valid when experimental feature coroutine accessors is enabled,,,
test/ASTGenParity/Parse/missing/coroutine_accessors.cfg2.swift,missing,398,56,error,accessor_requires_coroutine_accessors,'yielding mutate' accessor is only valid when experimental feature coroutine accessors is enabled,,,
test/ASTGenParity/Parse/missing/coroutine_accessors.cfg2.swift,missing,401,56,error,accessor_requires_coroutine_accessors,'yielding borrow' accessor is only valid when experimental feature coroutine accessors is enabled,,,
test/ASTGenParity/Parse/missing/coroutine_accessors.cfg2.swift,missing,403,64,error,accessor_requires_coroutine_accessors,'yielding borrow' accessor is only valid when experimental feature coroutine accessors is enabled,,,
test/ASTGenParity/Parse/missing/coroutine_accessors.cfg2.swift,missing,403,80,error,accessor_requires_coroutine_accessors,'yielding mutate' accessor is only valid when experimental feature coroutine accessors is enabled,,,
test/ASTGenParity/Parse/missing/coroutine_accessors_ambiguity.cfg1.swift,missing,19,12,error,missing_reading_accessor,"variable with a 'yielding mutate' accessor must also have a getter, addressor, or 'yielding borrow' accessor",,,
test/ASTGenParity/Parse/missing/coroutine_accessors_ambiguity.cfg2.swift,missing,19,12,error,missing_reading_accessor,"variable with a 'yielding mutate' accessor must also have a getter, addressor, or 'yielding borrow' accessor",,,
test/ASTGenParity/Parse/missing/coroutine_accessors_ambiguity.cfg2.swift,missing,19,19,error,accessor_requires_coroutine_accessors,'yielding mutate' accessor is only valid when experimental feature coroutine accessors is enabled,,,
test/ASTGenParity/Parse/missing/coroutine_accessors_ambiguity.cfg2.swift,missing,28,19,error,accessor_requires_coroutine_accessors,'yielding borrow' accessor is only valid when experimental feature coroutine accessors is enabled,,,
test/ASTGenParity/Parse/mixed/deprecated_where.swift,message-differs,78,36,error,deprecated_protocol_composition,'protocol<...>' composition syntax has been removed; join the type constraints using '&',error,expected inherited type in generic parameter,
test/ASTGenParity/Parse/mixed/deprecated_where.swift,message-differs,80,36,error,deprecated_protocol_composition,'protocol<...>' composition syntax has been removed; join the type constraints using '&',error,expected inherited type in generic parameter,
test/ASTGenParity/Parse/mixed/deprecated_where.swift,wrong-column,78,61,error,where_inside_brackets,"'where' clause next to generic parameters is obsolete, must be written following the declaration's type",error,expected '>' to end generic parameter clause,
test/ASTGenParity/Parse/mixed/deprecated_where.swift,wrong-column,80,61,error,where_inside_brackets,"'where' clause next to generic parameters is obsolete, must be written following the declaration's type",error,expected '>' to end generic parameter clause,
test/ASTGenParity/Parse/mixed/deprecated_where.swift,missing,13,11,error,where_inside_brackets,"'where' clause next to generic parameters is obsolete, must be written following the declaration's type",,,
test/ASTGenParity/Parse/mixed/deprecated_where.swift,missing,21,22,error,where_inside_brackets,"'where' clause next to generic parameters is obsolete, must be written following the declaration's type",,,
test/ASTGenParity/Parse/mixed/deprecated_where.swift,missing,27,12,error,where_inside_brackets,"'where' clause next to generic parameters is obsolete, must be written following the declaration's type",,,
test/ASTGenParity/Parse/mixed/deprecated_where.swift,missing,29,12,error,where_inside_brackets,"'where' clause next to generic parameters is obsolete, must be written following the declaration's type",,,
test/ASTGenParity/Parse/mixed/deprecated_where.swift,missing,35,23,error,where_inside_brackets,"'where' clause next to generic parameters is obsolete, must be written following the declaration's type",,,
test/ASTGenParity/Parse/mixed/deprecated_where.swift,missing,37,23,error,where_inside_brackets,"'where' clause next to generic parameters is obsolete, must be written following the declaration's type",,,
test/ASTGenParity/Parse/mixed/deprecated_where.swift,missing,39,13,error,where_inside_brackets,"'where' clause next to generic parameters is obsolete, must be written following the declaration's type",,,
test/ASTGenParity/Parse/mixed/deprecated_where.swift,missing,43,24,error,where_inside_brackets,"'where' clause next to generic parameters is obsolete, must be written following the declaration's type",,,
test/ASTGenParity/Parse/mixed/deprecated_where.swift,missing,54,13,error,where_inside_brackets,"'where' clause next to generic parameters is obsolete, must be written following the declaration's type",,,
test/ASTGenParity/Parse/mixed/deprecated_where.swift,missing,60,24,error,where_inside_brackets,"'where' clause next to generic parameters is obsolete, must be written following the declaration's type",,,
test/ASTGenParity/Parse/mixed/deprecated_where.swift,missing,64,14,error,where_inside_brackets,"'where' clause next to generic parameters is obsolete, must be written following the declaration's type",,,
test/ASTGenParity/Parse/mixed/deprecated_where.swift,missing,68,25,error,where_inside_brackets,"'where' clause next to generic parameters is obsolete, must be written following the declaration's type",,,
test/ASTGenParity/Parse/mixed/deprecated_where.swift,missing,75,49,error,where_inside_brackets,"'where' clause next to generic parameters is obsolete, must be written following the declaration's type",,,
test/ASTGenParity/Parse/mixed/deprecated_where.swift,missing,76,49,error,where_inside_brackets,"'where' clause next to generic parameters is obsolete, must be written following the declaration's type",,,
test/ASTGenParity/Parse/mixed/deprecated_where.swift,extra,78,32,,,,note,to match this opening '<',
test/ASTGenParity/Parse/mixed/deprecated_where.swift,extra,78,36,,,,note,insert inherited type,
test/ASTGenParity/Parse/mixed/deprecated_where.swift,extra,78,36,,,,note,insert '>',
test/ASTGenParity/Parse/mixed/deprecated_where.swift,extra,78,36,,,,error,expected parameter clause in function signature,
test/ASTGenParity/Parse/mixed/deprecated_where.swift,extra,78,36,,,,note,insert parameter clause,
test/ASTGenParity/Parse/mixed/deprecated_where.swift,extra,78,44,,,,error,expected identifier in protocol,
test/ASTGenParity/Parse/mixed/deprecated_where.swift,extra,78,44,,,,note,insert identifier,
test/ASTGenParity/Parse/mixed/deprecated_where.swift,extra,78,76,,,,error,unexpected code '>(x: T)' in protocol,
test/ASTGenParity/Parse/mixed/deprecated_where.swift,extra,80,32,,,,note,to match this opening '<',
test/ASTGenParity/Parse/mixed/deprecated_where.swift,extra,80,36,,,,note,insert inherited type,
test/ASTGenParity/Parse/mixed/deprecated_where.swift,extra,80,36,,,,note,insert '>',
test/ASTGenParity/Parse/mixed/deprecated_where.swift,extra,80,36,,,,error,expected parameter clause in function signature,
test/ASTGenParity/Parse/mixed/deprecated_where.swift,extra,80,36,,,,note,insert parameter clause,
test/ASTGenParity/Parse/mixed/deprecated_where.swift,extra,80,44,,,,error,expected identifier in protocol,
test/ASTGenParity/Parse/mixed/deprecated_where.swift,extra,80,44,,,,note,insert identifier,
test/ASTGenParity/Parse/mixed/deprecated_where.swift,extra,80,76,,,,error,unexpected code '>(x: T) where T: ProtoD' in protocol,
test/ASTGenParity/Parse/missing/diagnose_attribute.swift,missing,6,2,warning,attr_diagnose_unknown_diagnostic_group_identifier,the diagnostic group identifier 'Deprecate' is unknown,,,
test/ASTGenParity/Parse/missing/diagnose_attribute.swift,missing,9,2,error,attr_diagnose_expected_known_behavior,"expected diagnostic behavior argument 'what' to be either 'error', 'warning' or 'ignored'",,,
test/ASTGenParity/Parse/missing/diagnose_attribute.swift,missing,13,2,warning,attr_diagnose_unknown_diagnostic_group_identifier,the diagnostic group identifier 'Hmm' is unknown,,,
test/ASTGenParity/Parse/missing/diagnose_attribute.swift,missing,13,2,error,attr_diagnose_expected_known_behavior,"expected diagnostic behavior argument 'what' to be either 'error', 'warning' or 'ignored'",,,
test/ASTGenParity/Parse/missing/diagnose_attribute.swift,missing,19,2,error,attr_expected_string_literal,expected string literal in 'diagnose' attribute,,,
test/ASTGenParity/Parse/missing/diagnose_attribute.swift,missing,23,2,warning,attr_renamed_warning,'@warn' has been renamed to '@diagnose',,,
test/ASTGenParity/Parse/missing/diagnose_attribute.swift,missing,26,2,warning,attr_renamed_warning,'@warn' has been renamed to '@diagnose',,,
test/ASTGenParity/Parse/missing/diagnose_attribute.swift,missing,29,2,warning,attr_renamed_warning,'@warn' has been renamed to '@diagnose',,,
test/ASTGenParity/Parse/missing/diagnose_attribute.swift,missing,29,2,error,attr_expected_string_literal,expected string literal in 'warn' attribute,,,
test/ASTGenParity/Parse/missing/diagnose_availability.swift,missing,12,12,note,avail_query_meant_introduced,did you mean to specify an introduction version?,,,
test/ASTGenParity/Parse/missing/diagnose_availability.swift,missing,12,22,error,avail_query_argument_and_shorthand_mix_not_allowed,'deprecated' can't be combined with shorthand specification 'OSX 10.0',,,
test/ASTGenParity/Parse/missing/diagnose_availability.swift,missing,12,32,error,expected_decl,expected declaration,,,
test/ASTGenParity/Parse/missing/diagnose_availability.swift,missing,18,22,error,avail_query_argument_and_shorthand_mix_not_allowed,'introduced' can't be combined with shorthand specification 'OSX 10.0',,,
test/ASTGenParity/Parse/missing/diagnose_availability.swift,missing,18,32,error,expected_decl,expected declaration,,,
test/ASTGenParity/Parse/missing/diagnose_availability.swift,missing,26,31,error,avail_query_argument_and_shorthand_mix_not_allowed,'deprecated' can't be combined with shorthand specification 'OSX 10.0',,,
test/ASTGenParity/Parse/missing/diagnose_availability.swift,missing,26,41,error,expected_decl,expected declaration,,,
test/ASTGenParity/Parse/missing/diagnose_availability.swift,missing,67,12,note,avail_query_meant_introduced,did you mean to specify an introduction version?,,,
test/ASTGenParity/Parse/missing/diagnose_availability.swift,missing,67,21,error,avail_query_argument_and_shorthand_mix_not_allowed,'deprecated' can't be combined with shorthand specification 'swift 5',,,
test/ASTGenParity/Parse/missing/diagnose_availability.swift,missing,67,31,error,expected_decl,expected declaration,,,
test/ASTGenParity/Parse/missing/diagnose_availability.swift,missing,73,2,error,forbidden_interpolated_string,'message' cannot be an interpolated string literal,,,
test/ASTGenParity/Parse/missing/diagnose_availability.swift,missing,92,2,error,forbidden_extended_escaping_string,'message' cannot be an extended escaping string literal,,,
test/ASTGenParity/Parse/missing/diagnose_availability.swift,missing,98,2,error,forbidden_extended_escaping_string,'renamed' cannot be an extended escaping string literal,,,
test/ASTGenParity/Parse/extra/diagnose_dynamicReplacement.swift,matched,17,21,note,opening_paren,to match this opening '(',note,to match this opening '(',
test/ASTGenParity/Parse/extra/diagnose_dynamicReplacement.swift,wrong-column,7,2,error,attr_expected_lparen,expected '(' in '_dynamicReplacement' attribute,error,"expected '(', @_dynamicReplacement argument, and ')' in attribute",
test/ASTGenParity/Parse/extra/diagnose_dynamicReplacement.swift,wrong-column,12,2,error,attr_dynamic_replacement_expected_for,expected 'for' in '_dynamicReplacement' attribute,error,expected argument for '@_dynamicReplacement' attribute,
test/ASTGenParity/Parse/extra/diagnose_dynamicReplacement.swift,missing,18,1,error,attr_dynamic_replacement_expected_rparen,expected ')' after function name for '@_dynamicReplacement',,,
test/ASTGenParity/Parse/extra/diagnose_dynamicReplacement.swift,extra,7,21,,,,note,"insert '(', @_dynamicReplacement argument, and ')'",
test/ASTGenParity/Parse/extra/diagnose_dynamicReplacement.swift,extra,12,21,,,,note,to match this opening '(',
test/ASTGenParity/Parse/extra/diagnose_dynamicReplacement.swift,extra,12,22,,,,note,insert attribute argument,
test/ASTGenParity/Parse/extra/diagnose_dynamicReplacement.swift,extra,12,22,,,,error,expected ')' to end attribute,
test/ASTGenParity/Parse/extra/diagnose_dynamicReplacement.swift,extra,12,22,,,,note,insert ')',
test/ASTGenParity/Parse/extra/diagnose_dynamicReplacement.swift,extra,17,99,,,,error,expected ')' to end attribute,
test/ASTGenParity/Parse/extra/diagnose_dynamicReplacement.swift,extra,17,99,,,,note,insert ')',
test/ASTGenParity/Parse/mixed/diagnose_initializer_as_typed_pattern.swift,wrong-column,8,10,error,initializer_as_typed_pattern,unexpected initializer in pattern; did you mean to use '='?,error,unexpected initializer in pattern; did you mean to use '='?,
test/ASTGenParity/Parse/mixed/diagnose_initializer_as_typed_pattern.swift,wrong-column,9,11,error,initializer_as_typed_pattern,unexpected initializer in pattern; did you mean to use '='?,error,unexpected initializer in pattern; did you mean to use '='?,
test/ASTGenParity/Parse/mixed/diagnose_initializer_as_typed_pattern.swift,wrong-column,10,11,error,initializer_as_typed_pattern,unexpected initializer in pattern; did you mean to use '='?,error,unexpected initializer in pattern; did you mean to use '='?,
test/ASTGenParity/Parse/mixed/diagnose_initializer_as_typed_pattern.swift,wrong-column,11,12,error,initializer_as_typed_pattern,unexpected initializer in pattern; did you mean to use '='?,error,unexpected initializer in pattern; did you mean to use '='?,
test/ASTGenParity/Parse/mixed/diagnose_initializer_as_typed_pattern.swift,wrong-column,13,9,error,initializer_as_typed_pattern,unexpected initializer in pattern; did you mean to use '='?,error,unexpected initializer in pattern; did you mean to use '='?,
test/ASTGenParity/Parse/mixed/diagnose_initializer_as_typed_pattern.swift,wrong-column,15,21,error,initializer_as_typed_pattern,unexpected initializer in pattern; did you mean to use '='?,error,unexpected initializer in pattern; did you mean to use '='?,
test/ASTGenParity/Parse/mixed/diagnose_initializer_as_typed_pattern.swift,wrong-column,25,9,error,initializer_as_typed_pattern,unexpected initializer in pattern; did you mean to use '='?,error,unexpected initializer in pattern; did you mean to use '='?,
test/ASTGenParity/Parse/mixed/diagnose_initializer_as_typed_pattern.swift,wrong-column,26,9,error,initializer_as_typed_pattern,unexpected initializer in pattern; did you mean to use '='?,error,unexpected initializer in pattern; did you mean to use '='?,
test/ASTGenParity/Parse/mixed/diagnose_initializer_as_typed_pattern.swift,wrong-column,27,9,error,initializer_as_typed_pattern,unexpected initializer in pattern; did you mean to use '='?,error,unexpected initializer in pattern; did you mean to use '='?,
test/ASTGenParity/Parse/mixed/diagnose_initializer_as_typed_pattern.swift,wrong-column,28,9,error,initializer_as_typed_pattern,unexpected initializer in pattern; did you mean to use '='?,error,unexpected initializer in pattern; did you mean to use '='?,
test/ASTGenParity/Parse/mixed/diagnose_initializer_as_typed_pattern.swift,wrong-column,29,9,error,initializer_as_typed_pattern,unexpected initializer in pattern; did you mean to use '='?,error,unexpected initializer in pattern; did you mean to use '='?,
test/ASTGenParity/Parse/mixed/diagnose_initializer_as_typed_pattern.swift,wrong-column,32,12,error,initializer_as_typed_pattern,unexpected initializer in pattern; did you mean to use '='?,error,unexpected initializer in pattern; did you mean to use '='?,
test/ASTGenParity/Parse/mixed/diagnose_initializer_as_typed_pattern.swift,wrong-column,33,11,error,initializer_as_typed_pattern,unexpected initializer in pattern; did you mean to use '='?,error,unexpected initializer in pattern; did you mean to use '='?,
test/ASTGenParity/Parse/mixed/diagnose_initializer_as_typed_pattern.swift,wrong-column,34,11,error,initializer_as_typed_pattern,unexpected initializer in pattern; did you mean to use '='?,error,unexpected initializer in pattern; did you mean to use '='?,
test/ASTGenParity/Parse/mixed/diagnose_initializer_as_typed_pattern.swift,wrong-column,35,11,error,initializer_as_typed_pattern,unexpected initializer in pattern; did you mean to use '='?,error,unexpected initializer in pattern; did you mean to use '='?,
test/ASTGenParity/Parse/mixed/diagnose_initializer_as_typed_pattern.swift,extra,8,6,,,,note,replace ':' with '=',
test/ASTGenParity/Parse/mixed/diagnose_initializer_as_typed_pattern.swift,extra,9,6,,,,note,replace ':' with '=',
test/ASTGenParity/Parse/mixed/diagnose_initializer_as_typed_pattern.swift,extra,10,7,,,,note,replace ':' with '=',
test/ASTGenParity/Parse/mixed/diagnose_initializer_as_typed_pattern.swift,extra,11,7,,,,note,replace ':' with '=',
test/ASTGenParity/Parse/mixed/diagnose_initializer_as_typed_pattern.swift,extra,13,6,,,,note,replace ':' with '=',
test/ASTGenParity/Parse/mixed/diagnose_initializer_as_typed_pattern.swift,extra,15,6,,,,note,replace ':' with '=',
test/ASTGenParity/Parse/mixed/diagnose_initializer_as_typed_pattern.swift,extra,25,6,,,,note,replace ':' with '=',
test/ASTGenParity/Parse/mixed/diagnose_initializer_as_typed_pattern.swift,extra,26,6,,,,note,replace ':' with '=',
test/ASTGenParity/Parse/mixed/diagnose_initializer_as_typed_pattern.swift,extra,27,6,,,,note,replace ':' with '=',
test/ASTGenParity/Parse/mixed/diagnose_initializer_as_typed_pattern.swift,extra,28,6,,,,note,replace ':' with '=',
test/ASTGenParity/Parse/mixed/diagnose_initializer_as_typed_pattern.swift,extra,29,6,,,,note,replace ':' with '=',
test/ASTGenParity/Parse/mixed/diagnose_initializer_as_typed_pattern.swift,extra,32,8,,,,note,replace ':' with '=',
test/ASTGenParity/Parse/mixed/diagnose_initializer_as_typed_pattern.swift,extra,33,8,,,,note,replace ':' with '=',
test/ASTGenParity/Parse/mixed/diagnose_initializer_as_typed_pattern.swift,extra,34,8,,,,note,replace ':' with '=',
test/ASTGenParity/Parse/mixed/diagnose_initializer_as_typed_pattern.swift,extra,35,8,,,,note,replace ':' with '=',
test/ASTGenParity/Parse/extra/diagnostic_missing_func_keyword.swift,message-differs,6,3,error,expected_keyword_in_decl,expected 'func' keyword in instance method declaration,error,unexpected code before modifier,
test/ASTGenParity/Parse/extra/diagnostic_missing_func_keyword.swift,message-differs,10,10,error,expected_keyword_in_decl,expected 'func' keyword in operator function declaration,error,expected 'func' in function,
test/ASTGenParity/Parse/extra/diagnostic_missing_func_keyword.swift,message-differs,12,3,error,expected_keyword_in_decl,expected 'func' keyword in operator function declaration,error,expected 'func' in function,
test/ASTGenParity/Parse/extra/diagnostic_missing_func_keyword.swift,message-differs,15,3,error,expected_keyword_in_decl,expected 'var' keyword in property declaration,error,expected 'var' in variable,
test/ASTGenParity/Parse/extra/diagnostic_missing_func_keyword.swift,message-differs,15,21,error,expected_keyword_in_decl,expected 'var' keyword in property declaration,error,expected 'var' in variable,
test/ASTGenParity/Parse/extra/diagnostic_missing_func_keyword.swift,message-differs,19,3,error,expected_keyword_in_decl,expected 'var' keyword in property declaration,error,expected 'var' in variable,
test/ASTGenParity/Parse/extra/diagnostic_missing_func_keyword.swift,message-differs,19,22,error,expected_decl,expected declaration,error,expected 'var' in variable,
test/ASTGenParity/Parse/extra/diagnostic_missing_func_keyword.swift,message-differs,28,3,error,expected_keyword_in_decl,expected 'var' keyword in property declaration,error,expected 'var' in variable,
test/ASTGenParity/Parse/extra/diagnostic_missing_func_keyword.swift,message-differs,30,3,error,expected_keyword_in_decl,expected 'func' keyword in operator function declaration,error,expected 'func' in function,
test/ASTGenParity/Parse/extra/diagnostic_missing_func_keyword.swift,message-differs,36,3,error,expected_keyword_in_decl,expected 'var' keyword in property declaration,error,expected 'var' in variable,
test/ASTGenParity/Parse/extra/diagnostic_missing_func_keyword.swift,message-differs,39,3,error,expected_keyword_in_decl,expected 'var' keyword in property declaration,error,expected 'var' in variable,
test/ASTGenParity/Parse/extra/diagnostic_missing_func_keyword.swift,message-differs,41,3,error,expected_keyword_in_decl,expected 'var' keyword in property declaration,error,expected 'var' in variable,
test/ASTGenParity/Parse/extra/diagnostic_missing_func_keyword.swift,message-differs,46,3,error,expected_keyword_in_decl,expected 'func' keyword in instance method declaration,error,unexpected code 'instanceMethod() {}' before modifier,
test/ASTGenParity/Parse/extra/diagnostic_missing_func_keyword.swift,message-differs,48,10,error,expected_keyword_in_decl,expected 'func' keyword in static method declaration,error,unexpected code before modifier,
test/ASTGenParity/Parse/extra/diagnostic_missing_func_keyword.swift,message-differs,52,10,error,expected_keyword_in_decl,expected 'var' keyword in static property declaration,error,expected 'var' in variable,
test/ASTGenParity/Parse/extra/diagnostic_missing_func_keyword.swift,message-differs,56,20,error,expected_lbrace_class,expected '{' in class,error,unexpected code '()' in class,
test/ASTGenParity/Parse/extra/diagnostic_missing_func_keyword.swift,message-differs,60,30,error,expected_decl,expected declaration,error,unexpected code '0' in class,
test/ASTGenParity/Parse/extra/diagnostic_missing_func_keyword.swift,wrong-severity,12,3,error,operator_static_in_protocol,operator '*' declared in protocol must be 'static',note,insert 'func',
test/ASTGenParity/Parse/extra/diagnostic_missing_func_keyword.swift,missing,5,10,note,note_in_decl_of,in declaration of 'Brew',,,
test/ASTGenParity/Parse/extra/diagnostic_missing_func_keyword.swift,missing,8,3,error,expected_keyword_in_decl,expected 'var' keyword in property declaration,,,
test/ASTGenParity/Parse/extra/diagnostic_missing_func_keyword.swift,missing,19,21,error,declaration_same_line_without_semi,consecutive declarations on a line must be separated by ';',,,
test/ASTGenParity/Parse/extra/diagnostic_missing_func_keyword.swift,missing,50,3,error,expected_keyword_in_decl,expected 'var' keyword in property declaration,,,
test/ASTGenParity/Parse/extra/diagnostic_missing_func_keyword.swift,missing,60,9,note,note_in_decl_of,in declaration of 'classProperty',,,
test/ASTGenParity/Parse/extra/diagnostic_missing_func_keyword.swift,extra,10,10,,,,note,insert 'func',
test/ASTGenParity/Parse/extra/diagnostic_missing_func_keyword.swift,extra,15,3,,,,note,insert 'var',
test/ASTGenParity/Parse/extra/diagnostic_missing_func_keyword.swift,extra,15,21,,,,note,insert 'var',
test/ASTGenParity/Parse/extra/diagnostic_missing_func_keyword.swift,extra,19,3,,,,note,insert 'var',
test/ASTGenParity/Parse/extra/diagnostic_missing_func_keyword.swift,extra,19,22,,,,note,insert 'var',
test/ASTGenParity/Parse/extra/diagnostic_missing_func_keyword.swift,extra,28,3,,,,note,insert 'var',
test/ASTGenParity/Parse/extra/diagnostic_missing_func_keyword.swift,extra,30,3,,,,note,insert 'func',
test/ASTGenParity/Parse/extra/diagnostic_missing_func_keyword.swift,extra,36,3,,,,note,insert 'var',
test/ASTGenParity/Parse/extra/diagnostic_missing_func_keyword.swift,extra,39,3,,,,note,insert 'var',
test/ASTGenParity/Parse/extra/diagnostic_missing_func_keyword.swift,extra,41,3,,,,note,insert 'var',
test/ASTGenParity/Parse/extra/diagnostic_missing_func_keyword.swift,extra,52,10,,,,note,insert 'var',
test/ASTGenParity/Parse/extra/diagnostic_points_to_first_bad_token.swift,message-differs,5,38,error,expected_type_in_typealias,expected type in type alias declaration,error,expected type in typealias declaration,
test/ASTGenParity/Parse/extra/diagnostic_points_to_first_bad_token.swift,message-differs,11,38,error,expected_type_in_typealias,expected type in type alias declaration,error,expected type in typealias declaration,
test/ASTGenParity/Parse/extra/diagnostic_points_to_first_bad_token.swift,extra,5,38,,,,note,insert type,
test/ASTGenParity/Parse/extra/diagnostic_points_to_first_bad_token.swift,extra,11,38,,,,note,insert type,
test/ASTGenParity/Parse/extra/diagnostic_points_to_first_bad_token.swift,extra,11,38,,,,error,unexpected code '=' in source file,
test/ASTGenParity/Parse/extra/discard.swift,message-differs,6,10,error,statement_same_line_without_semi,consecutive statements on a line must be separated by ';',error,consecutive statements on a line must be separated by newline or ';',
test/ASTGenParity/Parse/extra/discard.swift,message-differs,6,11,error,case_outside_of_switch,'case' label can only appear inside a 'switch' statement,error,'case' can only appear inside a 'switch' statement or 'enum' declaration,
test/ASTGenParity/Parse/extra/discard.swift,message-differs,15,11,error,expected_expr,expected expression,error,unexpected code 'where 5 == 0' in function,
test/ASTGenParity/Parse/extra/discard.swift,message-differs,25,18,error,statement_same_line_without_semi,consecutive statements on a line must be separated by ';',error,consecutive statements on a line must be separated by newline or ';',
test/ASTGenParity/Parse/extra/discard.swift,message-differs,37,10,error,statement_same_line_without_semi,consecutive statements on a line must be separated by ';',error,consecutive statements on a line must be separated by newline or ';',
test/ASTGenParity/Parse/extra/discard.swift,message-differs,58,18,error,statement_same_line_without_semi,consecutive statements on a line must be separated by ';',error,consecutive statements on a line must be separated by newline or ';',
test/ASTGenParity/Parse/extra/discard.swift,wrong-column,45,10,error,statement_same_line_without_semi,consecutive statements on a line must be separated by ';',error,expected expression and '{' in 'switch' statement,
test/ASTGenParity/Parse/extra/discard.swift,missing,11,10,error,statement_same_line_without_semi,consecutive statements on a line must be separated by ';',,,
test/ASTGenParity/Parse/extra/discard.swift,missing,15,10,error,statement_same_line_without_semi,consecutive statements on a line must be separated by ';',,,
test/ASTGenParity/Parse/extra/discard.swift,missing,45,17,error,expected_switch_expr,expected expression in 'switch' statement,,,
test/ASTGenParity/Parse/extra/discard.swift,extra,6,10,,,,note,insert newline,
test/ASTGenParity/Parse/extra/discard.swift,extra,6,10,,,,note,insert ';',
test/ASTGenParity/Parse/extra/discard.swift,extra,25,18,,,,note,insert newline,
test/ASTGenParity/Parse/extra/discard.swift,extra,25,18,,,,note,insert ';',
test/ASTGenParity/Parse/extra/discard.swift,extra,37,10,,,,note,insert newline,
test/ASTGenParity/Parse/extra/discard.swift,extra,37,10,,,,note,insert ';',
test/ASTGenParity/Parse/extra/discard.swift,extra,44,10,,,,note,to match this opening '{',
test/ASTGenParity/Parse/extra/discard.swift,extra,45,82,,,,note,insert expression and '{',
test/ASTGenParity/Parse/extra/discard.swift,extra,58,18,,,,note,insert newline,
test/ASTGenParity/Parse/extra/discard.swift,extra,58,18,,,,note,insert ';',
test/ASTGenParity/Parse/extra/discard.swift,extra,79,2,,,,error,expected '}' to end function,
test/ASTGenParity/Parse/extra/discard.swift,extra,79,2,,,,note,insert '}',
test/ASTGenParity/Parse/missing/dollar_identifier.swift,message-differs,8,7,error,standalone_dollar_identifier,'$' is not an identifier; use backticks to escape it,error,'$' is not a valid identifier,
test/ASTGenParity/Parse/missing/dollar_identifier.swift,message-differs,13,7,error,standalone_dollar_identifier,'$' is not an identifier; use backticks to escape it,error,'$' is not a valid identifier,
test/ASTGenParity/Parse/missing/dollar_identifier.swift,message-differs,17,9,error,standalone_dollar_identifier,'$' is not an identifier; use backticks to escape it,error,'$' is not a valid identifier,
test/ASTGenParity/Parse/missing/dollar_identifier.swift,message-differs,20,8,error,standalone_dollar_identifier,'$' is not an identifier; use backticks to escape it,error,'$' is not a valid identifier,
test/ASTGenParity/Parse/missing/dollar_identifier.swift,message-differs,23,10,error,standalone_dollar_identifier,'$' is not an identifier; use backticks to escape it,error,'$' is not a valid identifier,
test/ASTGenParity/Parse/missing/dollar_identifier.swift,message-differs,27,8,error,standalone_dollar_identifier,'$' is not an identifier; use backticks to escape it,error,'$' is not a valid identifier,
test/ASTGenParity/Parse/missing/dollar_identifier.swift,message-differs,27,10,error,standalone_dollar_identifier,'$' is not an identifier; use backticks to escape it,error,'$' is not a valid identifier,
test/ASTGenParity/Parse/missing/dollar_identifier.swift,message-differs,30,5,error,standalone_dollar_identifier,'$' is not an identifier; use backticks to escape it,error,'$' is not a valid identifier,
test/ASTGenParity/Parse/missing/dollar_identifier.swift,message-differs,123,16,error,identifier_within_operator_name,'$' is considered an identifier and must not appear within an operator name,error,'$' is not allowed in operator names,
test/ASTGenParity/Parse/missing/dollar_identifier.swift,message-differs,124,16,error,identifier_within_operator_name,'$' is considered an identifier and must not appear within an operator name,error,'`$`' is considered an identifier and must not appear within an operator name,
test/ASTGenParity/Parse/missing/dollar_identifier.swift,missing,9,3,error,standalone_dollar_identifier,'$' is not an identifier; use backticks to escape it,,,
test/ASTGenParity/Parse/missing/dollar_identifier.swift,missing,10,9,error,standalone_dollar_identifier,'$' is not an identifier; use backticks to escape it,,,
test/ASTGenParity/Parse/missing/dollar_identifier.swift,missing,14,9,error,standalone_dollar_identifier,'$' is not an identifier; use backticks to escape it,,,
test/ASTGenParity/Parse/missing/dollar_identifier.swift,missing,30,3,error,standalone_dollar_identifier,'$' is not an identifier; use backticks to escape it,,,
test/ASTGenParity/Parse/missing/dollar_identifier.swift,missing,69,6,error,dollar_identifier_decl,cannot declare entity named '$declareWithDollar'; the '$' prefix is reserved for implicitly-synthesized declarations,,,
test/ASTGenParity/Parse/missing/dollar_identifier.swift,missing,70,7,error,dollar_identifier_decl,cannot declare entity named '$foo'; the '$' prefix is reserved for implicitly-synthesized declarations,,,
test/ASTGenParity/Parse/missing/dollar_identifier.swift,missing,72,9,error,dollar_identifier_decl,cannot declare entity named '$value'; the '$' prefix is reserved for implicitly-synthesized declarations,,,
test/ASTGenParity/Parse/missing/dollar_identifier.swift,missing,74,8,error,dollar_identifier_decl,cannot declare entity named '$bar'; the '$' prefix is reserved for implicitly-synthesized declarations,,,
test/ASTGenParity/Parse/missing/dollar_identifier.swift,missing,76,5,error,dollar_identifier_decl,cannot declare entity named '$a'; the '$' prefix is reserved for implicitly-synthesized declarations,,,
test/ASTGenParity/Parse/missing/dollar_identifier.swift,missing,77,5,error,dollar_identifier_decl,cannot declare entity named '$b'; the '$' prefix is reserved for implicitly-synthesized declarations,,,
test/ASTGenParity/Parse/missing/dollar_identifier.swift,missing,79,6,error,dollar_identifier_decl,cannot declare entity named '$capture'; the '$' prefix is reserved for implicitly-synthesized declarations,,,
test/ASTGenParity/Parse/missing/dollar_identifier.swift,missing,83,8,error,dollar_identifier_decl,cannot declare entity named '$a'; the '$' prefix is reserved for implicitly-synthesized declarations,,,
test/ASTGenParity/Parse/missing/dollar_identifier.swift,missing,84,3,error,dollar_identifier_decl,cannot declare entity named '$label'; the '$' prefix is reserved for implicitly-synthesized declarations,,,
test/ASTGenParity/Parse/missing/dollar_identifier.swift,missing,88,4,error,unknown_attr_name,unknown attribute '$dollar',,,
test/ASTGenParity/Parse/missing/dollar_identifier.swift,missing,93,9,error,dollar_identifier_decl,cannot declare entity named '$Class'; the '$' prefix is reserved for implicitly-synthesized declarations,,,
test/ASTGenParity/Parse/missing/dollar_identifier.swift,missing,94,8,error,dollar_identifier_decl,cannot declare entity named '$Enum'; the '$' prefix is reserved for implicitly-synthesized declarations,,,
test/ASTGenParity/Parse/missing/dollar_identifier.swift,missing,95,10,error,dollar_identifier_decl,cannot declare entity named '$Struct'; the '$' prefix is reserved for implicitly-synthesized declarations,,,
test/ASTGenParity/Parse/missing/dollar_identifier.swift,missing,100,10,error,dollar_identifier_decl,cannot declare entity named '$Protocol'; the '$' prefix is reserved for implicitly-synthesized declarations,,,
test/ASTGenParity/Parse/missing/dollar_identifier.swift,missing,101,17,error,dollar_identifier_decl,cannot declare entity named '$Precedence'; the '$' prefix is reserved for implicitly-synthesized declarations,,,
test/ASTGenParity/Parse/missing/dollar_identifier.swift,missing,126,6,error,dollar_identifier_decl,cannot declare entity named '$declareEscapedWithDollar'; the '$' prefix is reserved for implicitly-synthesized declarations,,,
test/ASTGenParity/Parse/missing/dollar_identifier.swift,extra,8,7,,,,note,"if this name is unavoidable, use backticks to escape it",
test/ASTGenParity/Parse/missing/dollar_identifier.swift,extra,13,7,,,,note,"if this name is unavoidable, use backticks to escape it",
test/ASTGenParity/Parse/missing/dollar_identifier.swift,extra,17,9,,,,note,"if this name is unavoidable, use backticks to escape it",
test/ASTGenParity/Parse/missing/dollar_identifier.swift,extra,20,8,,,,note,"if this name is unavoidable, use backticks to escape it",
test/ASTGenParity/Parse/missing/dollar_identifier.swift,extra,23,10,,,,note,"if this name is unavoidable, use backticks to escape it",
test/ASTGenParity/Parse/missing/dollar_identifier.swift,extra,27,8,,,,note,"if this name is unavoidable, use backticks to escape it",
test/ASTGenParity/Parse/missing/dollar_identifier.swift,extra,27,10,,,,note,"if this name is unavoidable, use backticks to escape it",
test/ASTGenParity/Parse/missing/dollar_identifier.swift,extra,30,5,,,,note,"if this name is unavoidable, use backticks to escape it",
test/ASTGenParity/Parse/missing/effectful_properties.swift,missing,50,7,error,invalid_accessor_with_effectful_get,'set' accessor is not allowed on property with 'get' accessor that is 'async' or 'throws',,,
test/ASTGenParity/Parse/missing/effectful_properties.swift,missing,60,7,error,invalid_accessor_with_effectful_get,'set' accessor is not allowed on property with 'get' accessor that is 'async' or 'throws',,,
test/ASTGenParity/Parse/missing/effectful_properties.swift,missing,60,11,error,invalid_accessor_specifier,'set' accessor cannot have specifier 'throws',,,
test/ASTGenParity/Parse/missing/effectful_properties.swift,missing,67,17,error,invalid_accessor_with_effectful_get,'set' accessor is not allowed on property with 'get' accessor that is 'async' or 'throws',,,
test/ASTGenParity/Parse/missing/effectful_properties.swift,missing,74,3,error,invalid_accessor_with_effectful_get,'_read' accessor is not allowed on property with 'get' accessor that is 'async' or 'throws',,,
test/ASTGenParity/Parse/missing/effectful_properties.swift,missing,74,3,error,conflicting_accessor,variable cannot provide both a '_read' accessor and a getter,,,
test/ASTGenParity/Parse/missing/effectful_properties.swift,missing,78,3,note,previous_accessor,previous definition of getter here,,,
test/ASTGenParity/Parse/missing/effectful_properties.swift,missing,78,3,note,previous_accessor,previous definition of getter here,,,
test/ASTGenParity/Parse/missing/effectful_properties.swift,missing,78,3,note,previous_accessor,getter defined here,,,
test/ASTGenParity/Parse/missing/effectful_properties.swift,missing,79,3,error,duplicate_accessor,variable already has a getter,,,
test/ASTGenParity/Parse/missing/effectful_properties.swift,missing,81,3,error,duplicate_accessor,variable already has a getter,,,
test/ASTGenParity/Parse/missing/effectful_properties.swift,missing,86,5,error,invalid_accessor_with_effectful_get,'set' accessor is not allowed on property with 'get' accessor that is 'async' or 'throws',,,
test/ASTGenParity/Parse/missing/effectful_properties.swift,missing,88,5,error,invalid_accessor_with_effectful_get,'_modify' accessor is not allowed on property with 'get' accessor that is 'async' or 'throws',,,
test/ASTGenParity/Parse/missing/effectful_properties.swift,missing,95,36,error,invalid_accessor_with_effectful_get,'set' accessor is not allowed on property with 'get' accessor that is 'async' or 'throws',,,
test/ASTGenParity/Parse/missing/effectful_properties.swift,missing,96,30,error,invalid_accessor_with_effectful_get,'set' accessor is not allowed on property with 'get' accessor that is 'async' or 'throws',,,
test/ASTGenParity/Parse/missing/effectful_properties.swift,missing,100,50,error,invalid_accessor_with_effectful_get,'set' accessor is not allowed on property with 'get' accessor that is 'async' or 'throws',,,
test/ASTGenParity/Parse/missing/effectful_properties.swift,missing,107,7,error,rethrowing_function_type,only function declarations may be marked 'rethrows'; did you mean 'throws'?,,,
test/ASTGenParity/Parse/missing/effectful_properties.swift,missing,110,3,error,invalid_accessor_with_effectful_get,'set' accessor is not allowed on property with 'get' accessor that is 'async' or 'throws',,,
test/ASTGenParity/Parse/missing/effectful_properties.swift,missing,110,7,error,invalid_accessor_specifier,'set' accessor cannot have specifier 'rethrows',,,
test/ASTGenParity/Parse/missing/effectful_properties.swift,missing,114,7,error,expected_lbrace_accessor,expected '{' to start getter definition,,,
test/ASTGenParity/Parse/missing/effectful_properties.swift,missing,120,9,error,invalid_accessor_specifier,'_read' accessor cannot have specifier 'async',,,
test/ASTGenParity/Parse/missing/effectful_properties.swift,missing,121,17,error,invalid_accessor_specifier,'set' accessor cannot have specifier 'async',,,
test/ASTGenParity/Parse/missing/effectful_properties.swift,missing,130,21,error,invalid_accessor_specifier,'willSet' accessor cannot have specifier 'reasync',,,
test/ASTGenParity/Parse/missing/effectful_properties.swift,missing,130,29,error,invalid_accessor_specifier,'willSet' accessor cannot have specifier 'rethrows',,,
test/ASTGenParity/Parse/missing/effectful_properties.swift,missing,130,38,error,invalid_accessor_specifier,'willSet' accessor cannot have specifier 'async',,,
test/ASTGenParity/Parse/missing/effectful_properties.swift,missing,130,44,error,invalid_accessor_specifier,'willSet' accessor cannot have specifier 'throws',,,
test/ASTGenParity/Parse/missing/effectful_properties.swift,missing,134,10,error,invalid_accessor_specifier,'didSet' accessor cannot have specifier 'throws',,,
test/ASTGenParity/Parse/missing/effectful_properties.swift,missing,134,17,error,expected_lbrace_accessor,expected '{' to start 'didSet' definition,,,
test/ASTGenParity/Parse/missing/effectful_properties.swift,missing,138,7,error,expected_lbrace_accessor,expected '{' to start getter definition,,,
test/ASTGenParity/Parse/missing/effectful_properties.swift,missing,144,7,error,rethrowing_function_type,only function declarations may be marked 'rethrows'; did you mean 'throws'?,,,
test/ASTGenParity/Parse/missing/effectful_properties.swift,missing,144,16,error,expected_lbrace_accessor,expected '{' to start getter definition,,,
test/ASTGenParity/Parse/missing/effectful_properties.swift,missing,148,14,error,async_after_throws,'async' must precede 'throws',,,
test/ASTGenParity/Parse/missing/effectful_properties.swift,missing,155,11,error,invalid_accessor_specifier,'_modify' accessor cannot have specifier 'throws',,,
test/ASTGenParity/Parse/missing/effectful_properties.swift,missing,155,18,error,invalid_accessor_specifier,'_modify' accessor cannot have specifier 'async',,,
test/ASTGenParity/Parse/missing/effectful_properties.swift,missing,159,25,error,expected_getreadborrowsetmutate_in_protocol,"expected 'get', 'yielding borrow', 'borrow', 'set', 'mutate' or 'yielding mutate' in a protocol property",,,
test/ASTGenParity/Parse/missing/effectful_properties.swift,missing,163,25,error,rethrowing_function_type,only function declarations may be marked 'rethrows'; did you mean 'throws'?,,,
test/ASTGenParity/Parse/missing/effectful_properties.swift,missing,163,34,error,expected_getreadborrowsetmutate_in_protocol,"expected 'get', 'yielding borrow', 'borrow', 'set', 'mutate' or 'yielding mutate' in a protocol property",,,
test/ASTGenParity/Parse/missing/effectful_properties.swift,missing,166,25,error,expected_getreadborrowsetmutate_in_protocol,"expected 'get', 'yielding borrow', 'borrow', 'set', 'mutate' or 'yielding mutate' in a protocol property",,,
test/ASTGenParity/Parse/missing/effectful_properties.swift,missing,168,32,error,async_after_throws,'async' must precede 'throws',,,
test/ASTGenParity/Parse/missing/enum.swift,message-differs,33,1,error,disallowed_enum_element,enum 'case' is not allowed outside of an enum,error,'case' can only appear inside a 'switch' statement or 'enum' declaration,
test/ASTGenParity/Parse/missing/enum.swift,missing,36,3,error,disallowed_enum_element,enum 'case' is not allowed outside of an enum,,,
test/ASTGenParity/Parse/missing/enum.swift,missing,40,3,error,disallowed_enum_element,enum 'case' is not allowed outside of an enum,,,
test/ASTGenParity/Parse/missing/enum.swift,missing,47,3,error,disallowed_enum_element,enum 'case' is not allowed outside of an enum,,,
test/ASTGenParity/Parse/missing/enum.swift,missing,58,3,error,case_outside_of_switch,'case' label can only appear inside a 'switch' statement,,,
test/ASTGenParity/Parse/missing/enum.swift,missing,59,3,error,case_outside_of_switch,'case' label can only appear inside a 'switch' statement,,,
test/ASTGenParity/Parse/missing/enum.swift,missing,60,3,error,case_outside_of_switch,'case' label can only appear inside a 'switch' statement,,,
test/ASTGenParity/Parse/missing/enum.swift,missing,61,3,error,case_outside_of_switch,'case' label can only appear inside a 'switch' statement,,,
test/ASTGenParity/Parse/missing/enum.swift,missing,62,3,error,case_outside_of_switch,'case' label can only appear inside a 'switch' statement,,,
test/ASTGenParity/Parse/missing/enum.swift,missing,63,3,error,case_outside_of_switch,'case' label can only appear inside a 'switch' statement,,,
test/ASTGenParity/Parse/missing/enum.swift,missing,64,3,error,case_outside_of_switch,'case' label can only appear inside a 'switch' statement,,,
test/ASTGenParity/Parse/missing/enum.swift,missing,65,3,error,case_outside_of_switch,'case' label can only appear inside a 'switch' statement,,,
test/ASTGenParity/Parse/missing/enum.swift,missing,66,3,error,case_outside_of_switch,'case' label can only appear inside a 'switch' statement,,,
test/ASTGenParity/Parse/missing/enum.swift,missing,96,11,error,expected_identifier_after_case_comma,expected identifier after comma in enum 'case' declaration,,,
test/ASTGenParity/Parse/missing/enum.swift,missing,102,3,error,case_outside_of_switch,'case' label can only appear inside a 'switch' statement,,,
test/ASTGenParity/Parse/missing/enum.swift,missing,102,7,error,expected_pattern,expected pattern,,,
test/ASTGenParity/Parse/missing/enum.swift,missing,105,3,error,case_outside_of_switch,'case' label can only appear inside a 'switch' statement,,,
test/ASTGenParity/Parse/missing/enum.swift,missing,108,3,error,case_outside_of_switch,'case' label can only appear inside a 'switch' statement,,,
test/ASTGenParity/Parse/missing/enum.swift,missing,110,6,note,note_in_decl_of,in declaration of 'Recovery4',,,
test/ASTGenParity/Parse/missing/enum.swift,missing,111,8,error,keyword_cant_be_identifier,keyword 'Self' cannot be used as an identifier here,,,
test/ASTGenParity/Parse/missing/enum.swift,missing,111,8,note,backticks_to_escape,"if this name is unavoidable, use backticks to escape it",,,
test/ASTGenParity/Parse/missing/enum.swift,missing,111,12,error,declaration_same_line_without_semi,consecutive declarations on a line must be separated by ';',,,
test/ASTGenParity/Parse/missing/enum.swift,missing,111,13,error,expected_decl,expected declaration,,,
test/ASTGenParity/Parse/missing/enum.swift,missing,114,8,error,enum_case_dot_prefix,extraneous '.' in enum 'case' declaration,,,
test/ASTGenParity/Parse/missing/enum.swift,missing,115,8,error,enum_case_dot_prefix,extraneous '.' in enum 'case' declaration,,,
test/ASTGenParity/Parse/missing/enum.swift,missing,115,14,error,enum_case_dot_prefix,extraneous '.' in enum 'case' declaration,,,
test/ASTGenParity/Parse/missing/enum.swift,missing,120,15,error,keyword_cant_be_identifier,keyword '_' cannot be used as an identifier here,,,
test/ASTGenParity/Parse/missing/enum.swift,missing,120,15,note,backticks_to_escape,"if this name is unavoidable, use backticks to escape it",,,
test/ASTGenParity/Parse/missing/enum.swift,missing,121,8,error,keyword_cant_be_identifier,keyword '_' cannot be used as an identifier here,,,
test/ASTGenParity/Parse/missing/enum.swift,missing,121,8,note,backticks_to_escape,"if this name is unavoidable, use backticks to escape it",,,
test/ASTGenParity/Parse/missing/enum.swift,missing,122,13,error,expected_identifier_after_case_comma,expected identifier after comma in enum 'case' declaration,,,
test/ASTGenParity/Parse/missing/enum.swift,missing,240,15,error,nonliteral_enum_case_raw_value,raw value for enum case must be a literal,,,
test/ASTGenParity/Parse/missing/enum.swift,missing,275,14,error,nonliteral_enum_case_raw_value,raw value for enum case must be a literal,,,
test/ASTGenParity/Parse/missing/enum.swift,missing,470,6,error,keyword_cant_be_identifier,keyword 'switch' cannot be used as an identifier here,,,
test/ASTGenParity/Parse/missing/enum.swift,missing,470,6,note,backticks_to_escape,"if this name is unavoidable, use backticks to escape it",,,
test/ASTGenParity/Parse/missing/enum.swift,missing,473,17,warning,enum_element_empty_arglist_swift4,enum element with associated values must have at least one associated value; this will be an error in the future version of Swift,,,
test/ASTGenParity/Parse/missing/enum.swift,missing,473,17,note,enum_element_empty_arglist_delete,did you mean to remove the empty associated value list?,,,
test/ASTGenParity/Parse/missing/enum.swift,missing,473,17,note,enum_element_empty_arglist_add_void,did you mean to explicitly add a 'Void' associated value?,,,
test/ASTGenParity/Parse/missing/enum.swift,missing,482,8,error,keyword_cant_be_identifier,keyword 'operator' cannot be used as an identifier here,,,
test/ASTGenParity/Parse/missing/enum.swift,missing,482,8,note,backticks_to_escape,"if this name is unavoidable, use backticks to escape it",,,
test/ASTGenParity/Parse/missing/enum.swift,missing,488,8,error,keyword_cant_be_identifier,keyword 'var' cannot be used as an identifier here,,,
test/ASTGenParity/Parse/missing/enum.swift,missing,488,8,note,backticks_to_escape,"if this name is unavoidable, use backticks to escape it",,,
test/ASTGenParity/Parse/missing/enum.swift,missing,494,8,error,keyword_cant_be_identifier,keyword '_' cannot be used as an identifier here,,,
test/ASTGenParity/Parse/missing/enum.swift,missing,494,8,note,backticks_to_escape,"if this name is unavoidable, use backticks to escape it",,,
test/ASTGenParity/Parse/missing/enum.swift,missing,499,17,error,keyword_cant_be_identifier,keyword 'func' cannot be used as an identifier here,,,
test/ASTGenParity/Parse/missing/enum.swift,missing,499,17,note,backticks_to_escape,"if this name is unavoidable, use backticks to escape it",,,
test/ASTGenParity/Parse/missing/enum.swift,missing,506,3,error,keyword_cant_be_identifier,keyword 'case' cannot be used as an identifier here,,,
test/ASTGenParity/Parse/missing/enum.swift,missing,506,3,note,backticks_to_escape,"if this name is unavoidable, use backticks to escape it",,,
test/ASTGenParity/Parse/missing/enum.swift,missing,511,3,error,keyword_cant_be_identifier,keyword 'func' cannot be used as an identifier here,,,
test/ASTGenParity/Parse/missing/enum.swift,missing,511,3,note,backticks_to_escape,"if this name is unavoidable, use backticks to escape it",,,
test/ASTGenParity/Parse/missing/enum.swift,missing,515,3,error,case_outside_of_switch,'case' label can only appear inside a 'switch' statement,,,
test/ASTGenParity/Parse/missing/enum.swift,missing,522,20,error,expected_identifier_after_case_comma,expected identifier after comma in enum 'case' declaration,,,
test/ASTGenParity/Parse/missing/enum.swift,missing,525,20,error,expected_identifier_after_case_comma,expected identifier after comma in enum 'case' declaration,,,
test/ASTGenParity/Parse/extra/errors.swift,message-differs,15,17,error,expected_expr_after_ternary_colon,expected expression after '? ... :' in ternary expression,error,expected expression after ternary operator,
test/ASTGenParity/Parse/extra/errors.swift,message-differs,106,56,error,expected_lbrace_after_catch,expected '{' after 'catch' pattern,error,unexpected code ')' in 'catch' clause,
test/ASTGenParity/Parse/extra/errors.swift,message-differs,110,26,error,async_or_throws_in_wrong_position,'throws' may only occur before '->',error,'throws' must precede '->',
test/ASTGenParity/Parse/extra/errors.swift,message-differs,114,23,error,async_or_throws_in_wrong_position,'throws' may only occur before '->',error,'throws' must precede '->',
test/ASTGenParity/Parse/extra/errors.swift,message-differs,118,49,error,async_or_throws_in_wrong_position,'rethrows' may only occur before '->',error,'rethrows' must precede '->',
test/ASTGenParity/Parse/extra/errors.swift,message-differs,122,46,error,async_or_throws_in_wrong_position,'rethrows' may only occur before '->',error,'rethrows' must precede '->',
test/ASTGenParity/Parse/extra/errors.swift,message-differs,127,19,error,async_or_throws_in_wrong_position,'throws' may only occur before '->',error,'throws' must precede '->',
test/ASTGenParity/Parse/extra/errors.swift,message-differs,130,26,error,duplicate_effects_specifier,'rethrows' has already been specified,error,'rethrows' conflicts with 'throws',
test/ASTGenParity/Parse/extra/errors.swift,message-differs,130,38,error,duplicate_effects_specifier,'throws' has already been specified,error,'throws' must precede '->',
test/ASTGenParity/Parse/extra/errors.swift,message-differs,130,49,error,duplicate_effects_specifier,'throw' has already been specified,error,'throw' must precede '->',
test/ASTGenParity/Parse/extra/errors.swift,message-differs,135,35,error,duplicate_effects_specifier,'rethrows' has already been specified,error,'rethrows' must precede '->',
test/ASTGenParity/Parse/extra/errors.swift,message-differs,139,12,error,throw_in_function_type,expected throwing specifier; did you mean 'throws'?,error,'try' conflicts with 'throws',
test/ASTGenParity/Parse/extra/errors.swift,message-differs,143,26,error,duplicate_effects_specifier,'throws' has already been specified,error,'throws' must precede '->',
test/ASTGenParity/Parse/extra/errors.swift,message-differs,149,13,error,expected_expr,expected expression,error,unexpected 'throws' keyword in function,
test/ASTGenParity/Parse/extra/errors.swift,matched,155,20,error,throw_in_function_type,expected throwing specifier; did you mean 'throws'?,error,expected throwing specifier; did you mean 'throws'?,
test/ASTGenParity/Parse/extra/errors.swift,matched,156,20,error,throw_in_function_type,expected throwing specifier; did you mean 'throws'?,error,expected throwing specifier; did you mean 'throws'?,
test/ASTGenParity/Parse/extra/errors.swift,matched,160,16,error,throw_in_function_type,expected throwing specifier; did you mean 'throws'?,error,expected throwing specifier; did you mean 'throws'?,
test/ASTGenParity/Parse/extra/errors.swift,message-differs,163,15,error,async_or_throws_in_wrong_position,'throws' may only occur before '->',error,'throws' must precede '->',
test/ASTGenParity/Parse/extra/errors.swift,matched,167,25,error,throw_in_function_type,expected throwing specifier; did you mean 'throws'?,error,expected throwing specifier; did you mean 'throws'?,
test/ASTGenParity/Parse/extra/errors.swift,matched,168,25,error,throw_in_function_type,expected throwing specifier; did you mean 'throws'?,error,expected throwing specifier; did you mean 'throws'?,
test/ASTGenParity/Parse/extra/errors.swift,matched,169,18,error,throw_in_function_type,expected throwing specifier; did you mean 'throws'?,error,expected throwing specifier; did you mean 'throws'?,
test/ASTGenParity/Parse/extra/errors.swift,matched,170,20,error,throw_in_function_type,expected throwing specifier; did you mean 'throws'?,error,expected throwing specifier; did you mean 'throws'?,
test/ASTGenParity/Parse/extra/errors.swift,matched,172,20,error,await_in_function_type,expected async specifier; did you mean 'async'?,error,expected async specifier; did you mean 'async'?,
test/ASTGenParity/Parse/extra/errors.swift,matched,173,20,error,await_in_function_type,expected async specifier; did you mean 'async'?,error,expected async specifier; did you mean 'async'?,
test/ASTGenParity/Parse/extra/errors.swift,message-differs,174,27,error,await_in_function_type,expected async specifier; did you mean 'async'?,error,'await' must precede 'throws',
test/ASTGenParity/Parse/extra/errors.swift,wrong-severity,139,16,error,duplicate_effects_specifier,'throws' has already been specified,note,'throws' declared here,
test/ASTGenParity/Parse/extra/errors.swift,missing,68,39,error,extra_var_in_multiple_pattern_list,'num' must be bound in every pattern,,,
test/ASTGenParity/Parse/extra/errors.swift,missing,149,12,error,statement_same_line_without_semi,consecutive statements on a line must be separated by ';',,,
test/ASTGenParity/Parse/extra/errors.swift,extra,15,17,,,,note,insert expression,
test/ASTGenParity/Parse/extra/errors.swift,extra,110,26,,,,note,move 'throws' in front of '->',
test/ASTGenParity/Parse/extra/errors.swift,extra,114,23,,,,note,move 'throws' in front of '->',
test/ASTGenParity/Parse/extra/errors.swift,extra,118,49,,,,note,move 'rethrows' in front of '->',
test/ASTGenParity/Parse/extra/errors.swift,extra,122,46,,,,note,move 'rethrows' in front of '->',
test/ASTGenParity/Parse/extra/errors.swift,extra,127,19,,,,note,move 'throws' in front of '->',
test/ASTGenParity/Parse/extra/errors.swift,extra,130,19,,,,note,'throws' declared here,
test/ASTGenParity/Parse/extra/errors.swift,extra,130,26,,,,note,remove redundant 'rethrows',
test/ASTGenParity/Parse/extra/errors.swift,extra,130,38,,,,note,remove redundant 'throws',
test/ASTGenParity/Parse/extra/errors.swift,extra,130,49,,,,note,remove redundant 'throw',
test/ASTGenParity/Parse/extra/errors.swift,extra,135,35,,,,note,remove redundant 'rethrows',
test/ASTGenParity/Parse/extra/errors.swift,extra,139,12,,,,note,remove redundant 'try',
test/ASTGenParity/Parse/extra/errors.swift,extra,143,26,,,,note,remove redundant 'throws',
test/ASTGenParity/Parse/extra/errors.swift,extra,155,20,,,,note,replace 'throw' with 'throws',
test/ASTGenParity/Parse/extra/errors.swift,extra,156,20,,,,note,replace 'throw' with 'throws',
test/ASTGenParity/Parse/extra/errors.swift,extra,160,16,,,,note,replace 'throw' with 'throws',
test/ASTGenParity/Parse/extra/errors.swift,extra,163,15,,,,note,move 'throws' in front of '->',
test/ASTGenParity/Parse/extra/errors.swift,extra,167,25,,,,note,replace 'try' with 'throws',
test/ASTGenParity/Parse/extra/errors.swift,extra,168,25,,,,note,replace 'try' with 'throws',
test/ASTGenParity/Parse/extra/errors.swift,extra,169,18,,,,note,replace 'try' with 'throws',
test/ASTGenParity/Parse/extra/errors.swift,extra,170,20,,,,note,replace 'try' with 'throws',
test/ASTGenParity/Parse/extra/errors.swift,extra,172,20,,,,note,replace 'await' with 'async',
test/ASTGenParity/Parse/extra/errors.swift,extra,173,20,,,,note,replace 'await' with 'async',
test/ASTGenParity/Parse/extra/errors.swift,extra,174,27,,,,note,move 'await' in front of 'throws',
test/ASTGenParity/Parse/passing/escaped_identifiers.swift,message-differs,52,5,error,expected_pattern,expected pattern,error,a raw identifier cannot contain only operator characters,
test/ASTGenParity/Parse/passing/escaped_identifiers.swift,message-differs,53,5,error,expected_pattern,expected pattern,error,a raw identifier cannot contain only operator characters,
test/ASTGenParity/Parse/passing/escaped_identifiers.swift,message-differs,54,5,error,expected_pattern,expected pattern,error,a raw identifier cannot contain only operator characters,
test/ASTGenParity/Parse/passing/escaped_identifiers.swift,message-differs,55,5,error,expected_pattern,expected pattern,error,a raw identifier cannot contain only operator characters,
test/ASTGenParity/Parse/passing/escaped_identifiers.swift,message-differs,56,6,error,expected_identifier_in_decl,expected identifier in function declaration,error,a raw identifier cannot contain only operator characters,
test/ASTGenParity/Parse/missing/execution_behavior_attrs.swift,missing,31,30,warning,attr_extra_whitespace_before_lparen,extraneous whitespace between attribute name and '('; this is an error in the Swift 6 language mode,,,
test/ASTGenParity/Parse/missing/execution_behavior_attrs.swift,missing,31,32,error,nonisolated_nonsending_incorrect_modifier,expected 'nonsending' in modifier,,,
test/ASTGenParity/Parse/missing/execution_behavior_attrs.swift,missing,31,44,error,statement_same_line_without_semi,consecutive statements on a line must be separated by ';',,,
test/ASTGenParity/Parse/missing/execution_behavior_attrs.swift,missing,31,44,error,expected_expr,expected expression,,,
test/ASTGenParity/Parse/missing/execution_behavior_attrs.swift,missing,38,32,error,nonisolated_nonsending_incorrect_modifier,expected 'nonsending' in modifier,,,
test/ASTGenParity/Parse/missing/execution_behavior_attrs.swift,missing,41,15,error,parameter_curry_syntax_removed,cannot have more than one parameter list,,,
test/ASTGenParity/Parse/missing/execution_behavior_attrs.swift,missing,41,31,error,nonisolated_nonsending_incorrect_modifier,expected 'nonsending' in modifier,,,
test/ASTGenParity/Parse/missing/execution_behavior_attrs.swift,missing,41,54,error,statement_same_line_without_semi,consecutive statements on a line must be separated by ';',,,
test/ASTGenParity/Parse/missing/execution_behavior_attrs.swift,missing,41,54,error,expected_expr,expected expression,,,
test/ASTGenParity/Parse/missing/execution_behavior_attrs.swift,missing,48,31,error,nonisolated_nonsending_incorrect_modifier,expected 'nonsending' in modifier,,,
test/ASTGenParity/Parse/missing/features.cfg1.swift,matched,11,9,error,bridged_error,consecutive statements on a line must be separated by newline or ';',error,consecutive statements on a line must be separated by newline or ';',in_ifconfig_clause
test/ASTGenParity/Parse/missing/features.cfg1.swift,matched,11,9,note,bridged_note,insert newline,note,insert newline,in_ifconfig_clause
test/ASTGenParity/Parse/missing/features.cfg1.swift,matched,11,9,note,bridged_note,insert ';',note,insert ';',in_ifconfig_clause
test/ASTGenParity/Parse/missing/features.cfg1.swift,missing,1,1,error,parser_new_parser_errors,SwiftSyntax generated errors for code that C++ parser accepted,,,
test/ASTGenParity/Parse/extra/file_default.swift,message-differs,18,49,error,statement_same_line_without_semi,consecutive statements on a line must be separated by ';',error,consecutive statements on a line must be separated by newline or ';',
test/ASTGenParity/Parse/extra/file_default.swift,message-differs,21,9,error,file_default_invalid_specifier,"expected '@MainActor', 'nonisolated', '@available', or '@diagnose' after 'default'",error,expected identifier in file-level default,
test/ASTGenParity/Parse/extra/file_default.swift,matched,24,9,error,file_default_invalid_specifier,"expected '@MainActor', 'nonisolated', '@available', or '@diagnose' after 'default'",error,"expected '@MainActor', 'nonisolated', '@available', or '@diagnose' after 'default'",
test/ASTGenParity/Parse/extra/file_default.swift,matched,27,9,error,file_default_invalid_specifier,"expected '@MainActor', 'nonisolated', '@available', or '@diagnose' after 'default'",error,"expected '@MainActor', 'nonisolated', '@available', or '@diagnose' after 'default'",
test/ASTGenParity/Parse/extra/file_default.swift,message-differs,30,9,error,file_default_invalid_specifier,"expected '@MainActor', 'nonisolated', '@available', or '@diagnose' after 'default'",error,expected identifier in file-level default,
test/ASTGenParity/Parse/extra/file_default.swift,message-differs,38,8,error,file_default_invalid_specifier,"expected '@MainActor', 'nonisolated', '@available', or '@diagnose' after 'default'",error,expected identifier in file-level default,
test/ASTGenParity/Parse/extra/file_default.swift,message-differs,42,8,error,file_default_invalid_specifier,"expected '@MainActor', 'nonisolated', '@available', or '@diagnose' after 'default'",error,expected identifier in file-level default,
test/ASTGenParity/Parse/extra/file_default.swift,message-differs,47,8,error,file_default_invalid_specifier,"expected '@MainActor', 'nonisolated', '@available', or '@diagnose' after 'default'",error,expected identifier in file-level default,
test/ASTGenParity/Parse/extra/file_default.swift,matched,52,1,error,case_outside_of_switch,'default' label can only appear inside a 'switch' statement,error,'default' label can only appear inside a 'switch' statement,
test/ASTGenParity/Parse/extra/file_default.swift,matched,61,3,error,case_outside_of_switch,'default' label can only appear inside a 'switch' statement,error,'default' label can only appear inside a 'switch' statement,
test/ASTGenParity/Parse/extra/file_default.swift,matched,102,3,error,case_outside_of_switch,'default' label can only appear inside a 'switch' statement,error,'default' label can only appear inside a 'switch' statement,
test/ASTGenParity/Parse/extra/file_default.swift,matched,107,3,error,case_outside_of_switch,'default' label can only appear inside a 'switch' statement,error,'default' label can only appear inside a 'switch' statement,
test/ASTGenParity/Parse/extra/file_default.swift,matched,113,5,error,case_outside_of_switch,'default' label can only appear inside a 'switch' statement,error,'default' label can only appear inside a 'switch' statement,
test/ASTGenParity/Parse/extra/file_default.swift,message-differs,116,21,error,declaration_same_line_without_semi,consecutive declarations on a line must be separated by ';',error,consecutive declarations on a line must be separated by newline or ';',
test/ASTGenParity/Parse/extra/file_default.swift,message-differs,120,22,error,declaration_same_line_without_semi,consecutive declarations on a line must be separated by ';',error,consecutive declarations on a line must be separated by newline or ';',
test/ASTGenParity/Parse/extra/file_default.swift,wrong-column,124,10,error,file_default_invalid_specifier,"expected '@MainActor', 'nonisolated', '@available', or '@diagnose' after 'default'",error,unexpected code 'default:' in struct,
test/ASTGenParity/Parse/extra/file_default.swift,wrong-column,128,10,error,file_default_invalid_specifier,"expected '@MainActor', 'nonisolated', '@available', or '@diagnose' after 'default'",error,unexpected code 'default:' in struct,
test/ASTGenParity/Parse/extra/file_default.swift,wrong-column,134,4,error,file_default_rejects_attributes,attribute cannot be attached to a file-level default,error,unexpected code '@objc' before file-level default,
test/ASTGenParity/Parse/extra/file_default.swift,wrong-column,141,9,error,expected_case_colon,expected ':' after 'default',error,expected ':' in switch case,
test/ASTGenParity/Parse/extra/file_default.swift,wrong-column,156,9,error,expected_case_colon,expected ':' after 'default',error,expected ':' in switch case,
test/ASTGenParity/Parse/extra/file_default.swift,missing,64,1,error,file_default_rejects_attributes,attribute cannot be attached to a file-level default,,,
test/ASTGenParity/Parse/extra/file_default.swift,missing,103,1,error,expected_decl,expected declaration,,,
test/ASTGenParity/Parse/extra/file_default.swift,missing,108,1,error,expected_decl,expected declaration,,,
test/ASTGenParity/Parse/extra/file_default.swift,missing,124,11,error,declaration_same_line_without_semi,consecutive declarations on a line must be separated by ';',,,
test/ASTGenParity/Parse/extra/file_default.swift,missing,128,11,error,declaration_same_line_without_semi,consecutive declarations on a line must be separated by ';',,,
test/ASTGenParity/Parse/extra/file_default.swift,missing,158,1,error,expected_decl,expected declaration,,,
test/ASTGenParity/Parse/extra/file_default.swift,missing,163,1,error,expected_decl,expected declaration,,,
test/ASTGenParity/Parse/extra/file_default.swift,extra,18,49,,,,note,insert newline,
test/ASTGenParity/Parse/extra/file_default.swift,extra,18,49,,,,note,insert ';',
test/ASTGenParity/Parse/extra/file_default.swift,extra,21,9,,,,note,insert identifier,
test/ASTGenParity/Parse/extra/file_default.swift,extra,21,9,,,,error,"expected '@MainActor', 'nonisolated', '@available', or '@diagnose' after 'default'",
test/ASTGenParity/Parse/extra/file_default.swift,extra,30,9,,,,note,insert identifier,
test/ASTGenParity/Parse/extra/file_default.swift,extra,30,9,,,,error,unexpected code '=' in source file,
test/ASTGenParity/Parse/extra/file_default.swift,extra,30,9,,,,error,"expected '@MainActor', 'nonisolated', '@available', or '@diagnose' after 'default'",
test/ASTGenParity/Parse/extra/file_default.swift,extra,38,8,,,,note,insert identifier,
test/ASTGenParity/Parse/extra/file_default.swift,extra,38,8,,,,error,"expected '@MainActor', 'nonisolated', '@available', or '@diagnose' after 'default'",
test/ASTGenParity/Parse/extra/file_default.swift,extra,42,8,,,,note,insert identifier,
test/ASTGenParity/Parse/extra/file_default.swift,extra,42,8,,,,error,"expected '@MainActor', 'nonisolated', '@available', or '@diagnose' after 'default'",
test/ASTGenParity/Parse/extra/file_default.swift,extra,47,8,,,,note,insert identifier,
test/ASTGenParity/Parse/extra/file_default.swift,extra,47,8,,,,error,"expected '@MainActor', 'nonisolated', '@available', or '@diagnose' after 'default'",
test/ASTGenParity/Parse/extra/file_default.swift,extra,102,107,,,,error,expected declaration after attribute,
test/ASTGenParity/Parse/extra/file_default.swift,extra,102,107,,,,note,insert declaration,
test/ASTGenParity/Parse/extra/file_default.swift,extra,107,107,,,,error,expected declaration after attribute,
test/ASTGenParity/Parse/extra/file_default.swift,extra,107,107,,,,note,insert declaration,
test/ASTGenParity/Parse/extra/file_default.swift,extra,116,21,,,,note,insert newline,
test/ASTGenParity/Parse/extra/file_default.swift,extra,116,21,,,,note,insert ';',
test/ASTGenParity/Parse/extra/file_default.swift,extra,120,22,,,,note,insert newline,
test/ASTGenParity/Parse/extra/file_default.swift,extra,120,22,,,,note,insert ';',
test/ASTGenParity/Parse/extra/file_default.swift,extra,141,8,,,,note,insert ':',
test/ASTGenParity/Parse/extra/file_default.swift,extra,156,8,,,,note,insert ':',
test/ASTGenParity/Parse/extra/file_default.swift,extra,156,19,,,,error,expected label in switch case,
test/ASTGenParity/Parse/extra/file_default.swift,extra,156,19,,,,note,insert label,
test/ASTGenParity/Parse/extra/file_default.swift,extra,162,20,,,,error,expected label in switch case,
test/ASTGenParity/Parse/extra/file_default.swift,extra,162,20,,,,note,insert label,
test/ASTGenParity/Parse/mixed/fixed_infinite_loops.swift,wrong-column,8,4,error,unknown_attr_name,unknown attribute 'unknown',error,expected declaration after attribute,
test/ASTGenParity/Parse/mixed/fixed_infinite_loops.swift,missing,5,3,error,expected_decl,expected declaration,,,
test/ASTGenParity/Parse/mixed/fixed_infinite_loops.swift,missing,9,3,error,expected_decl,expected declaration,,,
test/ASTGenParity/Parse/mixed/fixed_infinite_loops.swift,extra,4,5,,,,error,expected declaration after attribute,
test/ASTGenParity/Parse/mixed/fixed_infinite_loops.swift,extra,4,5,,,,note,insert declaration,
test/ASTGenParity/Parse/mixed/fixed_infinite_loops.swift,extra,8,61,,,,note,insert declaration,
test/ASTGenParity/Parse/mixed/foreach.swift,message-differs,34,9,error,repeated_identifier,found an unexpected second identifier in constant declaration; is there an accidental break?,error,expected 'in' in 'for' statement,
test/ASTGenParity/Parse/mixed/foreach.swift,message-differs,34,9,note,join_identifiers,join the identifiers together,note,insert 'in',
test/ASTGenParity/Parse/mixed/foreach.swift,message-differs,39,14,error,expected_foreach_lbrace,expected '{' to start the body of for-each loop,error,expected '{' in 'for' statement,
test/ASTGenParity/Parse/mixed/foreach.swift,missing,34,9,note,join_identifiers_camel_case,join the identifiers together with camel-case,,,
test/ASTGenParity/Parse/mixed/foreach.swift,missing,34,11,error,expected_foreach_in,expected 'in' after for-each pattern,,,
test/ASTGenParity/Parse/mixed/foreach.swift,missing,34,11,error,expected_foreach_container,expected Sequence expression for for-each loop,,,
test/ASTGenParity/Parse/mixed/foreach.swift,extra,39,14,,,,note,insert '{',
test/ASTGenParity/Parse/mixed/foreach.swift,extra,39,97,,,,error,expected '}' to end 'for' statement,
test/ASTGenParity/Parse/mixed/foreach.swift,extra,39,97,,,,note,insert '}',
test/ASTGenParity/Parse/mixed/foreach_async.swift,message-differs,47,15,error,repeated_identifier,found an unexpected second identifier in constant declaration; is there an accidental break?,error,expected 'in' in 'for' statement,
test/ASTGenParity/Parse/mixed/foreach_async.swift,message-differs,47,15,note,join_identifiers,join the identifiers together,note,insert 'in',
test/ASTGenParity/Parse/mixed/foreach_async.swift,message-differs,52,20,error,expected_foreach_lbrace,expected '{' to start the body of for-each loop,error,expected '{' in 'for' statement,
test/ASTGenParity/Parse/mixed/foreach_async.swift,missing,47,15,note,join_identifiers_camel_case,join the identifiers together with camel-case,,,
test/ASTGenParity/Parse/mixed/foreach_async.swift,missing,47,17,error,expected_foreach_in,expected 'in' after for-each pattern,,,
test/ASTGenParity/Parse/mixed/foreach_async.swift,missing,47,17,error,expected_foreach_container,expected Sequence expression for for-each loop,,,
test/ASTGenParity/Parse/mixed/foreach_async.swift,extra,52,20,,,,note,insert '{',
test/ASTGenParity/Parse/mixed/foreach_async.swift,extra,52,103,,,,error,expected '}' to end 'for' statement,
test/ASTGenParity/Parse/mixed/foreach_async.swift,extra,52,103,,,,note,insert '}',
test/ASTGenParity/Parse/extra/function_call.swift,message-differs,4,5,error,expected_label_before_colon,expected argument label before colon,error,expected label in function call,
test/ASTGenParity/Parse/extra/function_call.swift,extra,4,5,,,,note,insert label,
test/ASTGenParity/Parse/mixed/guard.swift,wrong-column,4,3,error,missing_condition_after_guard,missing condition in 'guard' statement,error,expected 'else' and body in 'guard' statement,
test/ASTGenParity/Parse/mixed/guard.swift,wrong-column,7,3,error,missing_condition_after_guard,missing condition in 'guard' statement,error,expected condition in 'guard' statement,
test/ASTGenParity/Parse/mixed/guard.swift,missing,4,9,error,expected_else_after_guard,expected 'else' after 'guard' condition,,,
test/ASTGenParity/Parse/mixed/guard.swift,extra,4,131,,,,note,insert 'else' and body,
test/ASTGenParity/Parse/mixed/guard.swift,extra,7,9,,,,note,insert condition,
test/ASTGenParity/Parse/missing/hashbang_library.swift,missing,1,1,error,lex_hashbang_not_allowed,hashbang line is allowed only in the main file,,,
test/ASTGenParity/Parse/missing/identifiers.swift,matched,26,1,error,lex_invalid_character,invalid character in source file,error,invalid character in source file,
test/ASTGenParity/Parse/missing/identifiers.swift,matched,29,6,error,lex_editor_placeholder,editor placeholder in source file,error,editor placeholder in source file,
test/ASTGenParity/Parse/missing/identifiers.swift,matched,32,7,error,keyword_cant_be_identifier,keyword 'switch' cannot be used as an identifier here,error,keyword 'switch' cannot be used as an identifier here,
test/ASTGenParity/Parse/missing/identifiers.swift,matched,32,7,note,backticks_to_escape,"if this name is unavoidable, use backticks to escape it",note,"if this name is unavoidable, use backticks to escape it",
test/ASTGenParity/Parse/missing/identifiers.swift,matched,33,8,error,keyword_cant_be_identifier,keyword 'Self' cannot be used as an identifier here,error,keyword 'Self' cannot be used as an identifier here,
test/ASTGenParity/Parse/missing/identifiers.swift,matched,33,8,note,backticks_to_escape,"if this name is unavoidable, use backticks to escape it",note,"if this name is unavoidable, use backticks to escape it",
test/ASTGenParity/Parse/missing/identifiers.swift,matched,34,10,error,keyword_cant_be_identifier,keyword 'enum' cannot be used as an identifier here,error,keyword 'enum' cannot be used as an identifier here,
test/ASTGenParity/Parse/missing/identifiers.swift,matched,34,10,note,backticks_to_escape,"if this name is unavoidable, use backticks to escape it",note,"if this name is unavoidable, use backticks to escape it",
test/ASTGenParity/Parse/missing/identifiers.swift,matched,36,18,error,keyword_cant_be_identifier,keyword 'public' cannot be used as an identifier here,error,keyword 'public' cannot be used as an identifier here,
test/ASTGenParity/Parse/missing/identifiers.swift,matched,36,18,note,backticks_to_escape,"if this name is unavoidable, use backticks to escape it",note,"if this name is unavoidable, use backticks to escape it",
test/ASTGenParity/Parse/missing/identifiers.swift,message-differs,38,6,error,keyword_cant_be_identifier,keyword '_' cannot be used as an identifier here,error,'_' cannot be used as an identifier here,
test/ASTGenParity/Parse/missing/identifiers.swift,missing,38,6,note,backticks_to_escape,"if this name is unavoidable, use backticks to escape it",,,
test/ASTGenParity/Parse/extra/if-else-invalid.swift,matched,13,11,error,expected_lbrace_or_if_after_else,expected '{' or 'if' after 'else',error,expected '{' or 'if' after 'else',
test/ASTGenParity/Parse/extra/if-else-invalid.swift,matched,19,11,error,expected_lbrace_or_if_after_else,expected '{' or 'if' after 'else',error,expected '{' or 'if' after 'else',
test/ASTGenParity/Parse/extra/if-else-invalid.swift,message-differs,33,12,error,expected_lbrace_or_if_after_else,expected '{' or 'if' after 'else',error,unexpected code 'something()' in 'if' statement,
test/ASTGenParity/Parse/extra/if-else-invalid.swift,matched,41,12,error,expected_lbrace_or_if_after_else,expected '{' or 'if' after 'else',error,expected '{' or 'if' after 'else',
test/ASTGenParity/Parse/extra/if-else-invalid.swift,wrong-column,26,7,error,expected_lbrace_or_if_after_else_fixit,expected '{' or 'if' after 'else'; did you mean to write 'if'?,error,unexpected code 'something()' in 'if' statement,
test/ASTGenParity/Parse/extra/if-else-invalid.swift,extra,13,11,,,,error,expected '}' to end 'if' statement,
test/ASTGenParity/Parse/extra/if-else-invalid.swift,extra,13,11,,,,note,insert '}',
test/ASTGenParity/Parse/extra/if-else-invalid.swift,extra,20,10,,,,error,expected '}' to end 'if' statement,
test/ASTGenParity/Parse/extra/if-else-invalid.swift,extra,20,10,,,,note,insert '}',
test/ASTGenParity/Parse/extra/if-else-invalid.swift,extra,42,11,,,,error,expected '}' to end 'if' statement,
test/ASTGenParity/Parse/extra/if-else-invalid.swift,extra,42,11,,,,note,insert '}',
test/ASTGenParity/Parse/ifconfig/ifconfig_expr.swift,message-differs,46,5,error,expected_prefix_operator,unary operator cannot be separated from its operand,error,unexpected code '+ otherExpr' in conditional compilation clause,in_ifconfig_clause
test/ASTGenParity/Parse/ifconfig/ifconfig_expr.swift,message-differs,54,3,error,expr_postfix_ifconfig_unexpectedtoken,unexpected tokens in '#if' expression body,error,"unexpected code 'print(""debug"")' in conditional compilation block",in_ifconfig_clause
test/ASTGenParity/Parse/ifconfig/ifconfig_expr.swift,message-differs,70,16,error,expr_postfix_ifconfig_unexpectedtoken,unexpected tokens in '#if' expression body,error,unexpected code '+ 12' in conditional compilation block,in_ifconfig_clause
test/ASTGenParity/Parse/ifconfig/ifconfig_expr.swift,message-differs,87,3,error,expr_postfix_ifconfig_unexpectedtoken,unexpected tokens in '#if' expression body,error,unexpected 'return' keyword in conditional compilation block,in_ifconfig_clause
test/ASTGenParity/Parse/ifconfig/ifconfig_expr.swift,message-differs,189,27,error,expected_expr_in_expr_list,expected expression in list of expressions,error,expected value in function call,ifconfig_condition
test/ASTGenParity/Parse/ifconfig/ifconfig_expr.swift,matched,202,30,error,lex_invalid_digit_in_int_literal,'A' is not a valid digit in integer literal,error,'A' is not a valid digit in integer literal,ifconfig_condition
test/ASTGenParity/Parse/ifconfig/ifconfig_expr.swift,extra,131,15,,,,warning,cannot find module 'A' for canImport check; the directive will evaluate to false,ifconfig_condition
test/ASTGenParity/Parse/ifconfig/ifconfig_expr.swift,extra,135,15,,,,warning,cannot find module 'A' for canImport check; the directive will evaluate to false,ifconfig_condition
test/ASTGenParity/Parse/ifconfig/ifconfig_expr.swift,extra,139,15,,,,warning,cannot find module 'A' for canImport check; the directive will evaluate to false,ifconfig_condition
test/ASTGenParity/Parse/ifconfig/ifconfig_expr.swift,extra,143,15,,,,warning,cannot find module 'A' for canImport check; the directive will evaluate to false,ifconfig_condition
test/ASTGenParity/Parse/ifconfig/ifconfig_expr.swift,extra,147,15,,,,warning,cannot find module 'A' for canImport check; the directive will evaluate to false,ifconfig_condition
test/ASTGenParity/Parse/ifconfig/ifconfig_expr.swift,extra,151,15,,,,warning,cannot find module 'A' for canImport check; the directive will evaluate to false,ifconfig_condition
test/ASTGenParity/Parse/ifconfig/ifconfig_expr.swift,extra,151,28,,,,warning,trailing components of version '2.2.2.2.2' are ignored,ifconfig_condition
test/ASTGenParity/Parse/ifconfig/ifconfig_expr.swift,extra,155,15,,,,warning,cannot find module 'B' for canImport check; the directive will evaluate to false,ifconfig_condition
test/ASTGenParity/Parse/ifconfig/ifconfig_expr.swift,extra,159,15,,,,warning,cannot find module 'B' for canImport check; the directive will evaluate to false,ifconfig_condition
test/ASTGenParity/Parse/ifconfig/ifconfig_expr.swift,extra,163,15,,,,warning,cannot find module 'B' for canImport check; the directive will evaluate to false,ifconfig_condition
test/ASTGenParity/Parse/ifconfig/ifconfig_expr.swift,extra,167,15,,,,warning,cannot find module 'B' for canImport check; the directive will evaluate to false,ifconfig_condition
test/ASTGenParity/Parse/ifconfig/ifconfig_expr.swift,extra,171,27,,,,error,second parameter of 'canImport' should be labeled as _version or _underlyingVersion,ifconfig_condition
test/ASTGenParity/Parse/ifconfig/ifconfig_expr.swift,extra,180,18,,,,error,second parameter of 'canImport' should be labeled as _version or _underlyingVersion,ifconfig_condition
test/ASTGenParity/Parse/ifconfig/ifconfig_expr.swift,extra,184,5,,,,error,'canImport' can take only two parameters,ifconfig_condition
test/ASTGenParity/Parse/ifconfig/ifconfig_expr.swift,extra,189,27,,,,note,insert value,ifconfig_condition
test/ASTGenParity/Parse/ifconfig/ifconfig_expr.swift,extra,189,27,,,,error,'canImport' version check has invalid version '',ifconfig_condition
test/ASTGenParity/Parse/ifconfig/ifconfig_expr.swift,extra,193,28,,,,error,"'canImport' version check has invalid version '""""'",ifconfig_condition
test/ASTGenParity/Parse/ifconfig/ifconfig_expr.swift,extra,197,28,,,,error,'canImport' version check has invalid version '>=2.2',ifconfig_condition
test/ASTGenParity/Parse/ifconfig/ifconfig_expr.swift,extra,202,28,,,,error,'canImport' version check has invalid version '20A301',ifconfig_condition
test/ASTGenParity/Parse/ifconfig/ifconfig_expr.swift,extra,206,28,,,,error,"'canImport' version check has invalid version '""20A301""'",ifconfig_condition
test/ASTGenParity/Parse/extra/implicit_getter_incomplete.swift,matched,14,14,note,opening_brace,to match this opening '{',note,to match this opening '{',
test/ASTGenParity/Parse/extra/implicit_getter_incomplete.swift,matched,15,15,note,opening_brace,to match this opening '{',note,to match this opening '{',
test/ASTGenParity/Parse/extra/implicit_getter_incomplete.swift,missing,29,1,error,expected_rbrace_in_brace_stmt,expected '}' at end of brace statement,,,at_eof
test/ASTGenParity/Parse/extra/implicit_getter_incomplete.swift,missing,29,1,error,expected_rbrace_in_brace_stmt,expected '}' at end of brace statement,,,at_eof
test/ASTGenParity/Parse/extra/implicit_getter_incomplete.swift,extra,17,2,,,,error,expected '}' to end variable,
test/ASTGenParity/Parse/extra/implicit_getter_incomplete.swift,extra,17,2,,,,note,insert '}',
test/ASTGenParity/Parse/extra/implicit_getter_incomplete.swift,extra,17,2,,,,error,expected '}' to end function,
test/ASTGenParity/Parse/extra/implicit_getter_incomplete.swift,extra,17,2,,,,note,insert '}',
test/ASTGenParity/Parse/missing/init_deinit.swift,missing,4,7,error,expected_lparen_initializer,expected '(' for initializer parameters,,,
test/ASTGenParity/Parse/missing/init_deinit.swift,missing,13,8,error,expected_lparen_initializer,expected '(' for initializer parameters,,,
test/ASTGenParity/Parse/missing/init_deinit.swift,missing,15,11,error,expected_lparen_initializer,expected '(' for initializer parameters,,,
test/ASTGenParity/Parse/missing/init_deinit.swift,missing,17,9,error,expected_lparen_initializer,expected '(' for initializer parameters,,,
test/ASTGenParity/Parse/missing/init_deinit.swift,missing,22,13,error,initializer_result_type,initializers cannot have a result type,,,
test/ASTGenParity/Parse/missing/init_deinit.swift,missing,27,9,error,expected_lbrace_destructor,expected '{' for deinitializer,,,
test/ASTGenParity/Parse/missing/init_deinit.swift,missing,28,10,error,destructor_has_name,deinitializers cannot have a name,,,
test/ASTGenParity/Parse/missing/init_deinit.swift,missing,28,11,error,expected_lbrace_destructor,expected '{' for deinitializer,,,
test/ASTGenParity/Parse/missing/init_deinit.swift,missing,29,10,error,destructor_has_name,deinitializers cannot have a name,,,
test/ASTGenParity/Parse/missing/init_deinit.swift,missing,29,11,error,destructor_params,no parameter clause allowed on deinitializer,,,
test/ASTGenParity/Parse/missing/init_deinit.swift,missing,29,13,error,expected_lbrace_destructor,expected '{' for deinitializer,,,
test/ASTGenParity/Parse/missing/init_deinit.swift,missing,33,9,error,expected_lbrace_destructor,expected '{' for deinitializer,,,
test/ASTGenParity/Parse/missing/init_deinit.swift,missing,41,9,error,destructor_params,no parameter clause allowed on deinitializer,,,
test/ASTGenParity/Parse/missing/init_deinit.swift,missing,49,10,error,destructor_has_name,deinitializers cannot have a name,,,
test/ASTGenParity/Parse/missing/init_deinit.swift,missing,49,12,error,destructor_params,no parameter clause allowed on deinitializer,,,
test/ASTGenParity/Parse/missing/init_deinit.swift,missing,52,6,error,initializer_decl_wrong_scope,initializers may only be declared within a type,,,
test/ASTGenParity/Parse/missing/init_deinit.swift,missing,52,6,error,expected_lparen_initializer,expected '(' for initializer parameters,,,
test/ASTGenParity/Parse/missing/init_deinit.swift,missing,53,5,error,initializer_decl_wrong_scope,initializers may only be declared within a type,,,
test/ASTGenParity/Parse/missing/init_deinit.swift,missing,54,5,error,initializer_decl_wrong_scope,initializers may only be declared within a type,,,
test/ASTGenParity/Parse/missing/init_deinit.swift,missing,56,1,error,destructor_decl_outside_class_or_noncopyable,"deinitializers may only be declared within a class, actor, or noncopyable type",,,
test/ASTGenParity/Parse/missing/init_deinit.swift,missing,57,7,error,expected_lbrace_destructor,expected '{' for deinitializer,,,
test/ASTGenParity/Parse/missing/init_deinit.swift,missing,58,1,error,destructor_decl_outside_class_or_noncopyable,"deinitializers may only be declared within a class, actor, or noncopyable type",,,
test/ASTGenParity/Parse/missing/init_deinit.swift,missing,69,3,error,destructor_decl_outside_class_or_noncopyable,"deinitializers may only be declared within a class, actor, or noncopyable type",,,
test/ASTGenParity/Parse/missing/init_deinit.swift,missing,79,3,error,destructor_decl_outside_class_or_noncopyable,"deinitializers may only be declared within a class, actor, or noncopyable type",,,
test/ASTGenParity/Parse/missing/init_deinit.swift,missing,89,3,error,destructor_decl_outside_class_or_noncopyable,"deinitializers may only be declared within a class, actor, or noncopyable type",,,
test/ASTGenParity/Parse/missing/init_deinit.swift,missing,93,10,error,protocol_init_with_body,protocol initializers must not have bodies,,,
test/ASTGenParity/Parse/missing/init_deinit.swift,missing,94,3,error,destructor_decl_outside_class_or_noncopyable,"deinitializers may only be declared within a class, actor, or noncopyable type",,,
test/ASTGenParity/Parse/missing/init_deinit.swift,missing,99,3,error,destructor_decl_outside_class_or_noncopyable,"deinitializers may only be declared within a class, actor, or noncopyable type",,,
test/ASTGenParity/Parse/missing/init_deinit.swift,missing,103,7,error,initializer_decl_wrong_scope,initializers may only be declared within a type,,,
test/ASTGenParity/Parse/missing/init_deinit.swift,missing,104,3,error,destructor_decl_outside_class_or_noncopyable,"deinitializers may only be declared within a class, actor, or noncopyable type",,,
test/ASTGenParity/Parse/missing/init_deinit.swift,missing,110,9,error,initializer_decl_wrong_scope,initializers may only be declared within a type,,,
test/ASTGenParity/Parse/missing/init_deinit.swift,missing,116,5,error,destructor_decl_outside_class_or_noncopyable,"deinitializers may only be declared within a class, actor, or noncopyable type",,,
test/ASTGenParity/Parse/extra/integer_types.swift,message-differs,3,8,error,expected_type,expected type,error,expected type in type annotation,
test/ASTGenParity/Parse/extra/integer_types.swift,message-differs,7,8,error,expected_type,expected type,error,expected type in type annotation,
test/ASTGenParity/Parse/extra/integer_types.swift,message-differs,11,8,error,expected_type,expected type,error,expected type in type annotation,
test/ASTGenParity/Parse/extra/integer_types.swift,message-differs,20,30,error,expected_type,expected type,error,expected right-hand type in same type requirement,
test/ASTGenParity/Parse/extra/integer_types.swift,message-differs,20,30,error,expected_lbrace_extension,expected '{' in extension,error,unexpected code '-Int' in extension,
test/ASTGenParity/Parse/extra/integer_types.swift,message-differs,32,8,error,expected_type,expected type,error,expected type in type annotation,
test/ASTGenParity/Parse/extra/integer_types.swift,message-differs,36,8,error,expected_type,expected type,error,expected type in type annotation,
test/ASTGenParity/Parse/extra/integer_types.swift,message-differs,40,8,error,expected_type,expected type,error,expected type in type annotation,
test/ASTGenParity/Parse/extra/integer_types.swift,message-differs,44,8,error,expected_type,expected type,error,expected type in type annotation,
test/ASTGenParity/Parse/extra/integer_types.swift,wrong-column,3,7,error,statement_same_line_without_semi,consecutive statements on a line must be separated by ';',error,expected '=' in variable,
test/ASTGenParity/Parse/extra/integer_types.swift,wrong-column,7,7,error,statement_same_line_without_semi,consecutive statements on a line must be separated by ';',error,expected '=' in variable,
test/ASTGenParity/Parse/extra/integer_types.swift,wrong-column,11,7,error,statement_same_line_without_semi,consecutive statements on a line must be separated by ';',error,expected '=' in variable,
test/ASTGenParity/Parse/extra/integer_types.swift,wrong-column,32,7,error,statement_same_line_without_semi,consecutive statements on a line must be separated by ';',error,expected '=' in variable,
test/ASTGenParity/Parse/extra/integer_types.swift,wrong-column,36,7,error,statement_same_line_without_semi,consecutive statements on a line must be separated by ';',error,expected '=' in variable,
test/ASTGenParity/Parse/extra/integer_types.swift,wrong-column,40,7,error,statement_same_line_without_semi,consecutive statements on a line must be separated by ';',error,expected '=' in variable,
test/ASTGenParity/Parse/extra/integer_types.swift,wrong-column,44,7,error,statement_same_line_without_semi,consecutive statements on a line must be separated by ';',error,expected '=' in variable,
test/ASTGenParity/Parse/extra/integer_types.swift,extra,3,8,,,,note,insert type,
test/ASTGenParity/Parse/extra/integer_types.swift,extra,3,8,,,,note,insert '=',
test/ASTGenParity/Parse/extra/integer_types.swift,extra,7,8,,,,note,insert type,
test/ASTGenParity/Parse/extra/integer_types.swift,extra,7,8,,,,note,insert '=',
test/ASTGenParity/Parse/extra/integer_types.swift,extra,11,8,,,,note,insert type,
test/ASTGenParity/Parse/extra/integer_types.swift,extra,11,8,,,,note,insert '=',
test/ASTGenParity/Parse/extra/integer_types.swift,extra,20,30,,,,note,insert right-hand type,
test/ASTGenParity/Parse/extra/integer_types.swift,extra,32,8,,,,note,insert type,
test/ASTGenParity/Parse/extra/integer_types.swift,extra,32,8,,,,note,insert '=',
test/ASTGenParity/Parse/extra/integer_types.swift,extra,36,8,,,,note,insert type,
test/ASTGenParity/Parse/extra/integer_types.swift,extra,36,8,,,,note,insert '=',
test/ASTGenParity/Parse/extra/integer_types.swift,extra,40,8,,,,note,insert type,
test/ASTGenParity/Parse/extra/integer_types.swift,extra,40,8,,,,note,insert '=',
test/ASTGenParity/Parse/extra/integer_types.swift,extra,44,8,,,,note,insert type,
test/ASTGenParity/Parse/extra/integer_types.swift,extra,44,8,,,,note,insert '=',
test/ASTGenParity/Parse/missing/invalid-utf8.swift,matched,3,5,error,lex_invalid_utf8,invalid UTF-8 found in source file,error,invalid UTF-8 found in source file,
test/ASTGenParity/Parse/missing/invalid-utf8.swift,matched,15,1,error,lex_invalid_utf8,invalid UTF-8 found in source file,error,invalid UTF-8 found in source file,
test/ASTGenParity/Parse/missing/invalid-utf8.swift,missing,6,8,error,static_func_decl_global_scope,static methods may only be declared on a type,,,
test/ASTGenParity/Parse/missing/invalid-utf8.swift,missing,17,1,error,lex_invalid_utf8,invalid UTF-8 found in source file,,,
test/ASTGenParity/Parse/missing/invalid-utf8.swift,missing,19,1,error,lex_invalid_utf8,invalid UTF-8 found in source file,,,
test/ASTGenParity/Parse/missing/invalid-utf8.swift,missing,21,1,error,lex_invalid_utf8,invalid UTF-8 found in source file,,,
test/ASTGenParity/Parse/missing/invalid-utf8.swift,missing,23,1,error,lex_invalid_utf8,invalid UTF-8 found in source file,,,
test/ASTGenParity/Parse/missing/invalid-utf8.swift,missing,25,1,error,lex_invalid_utf8,invalid UTF-8 found in source file,,,
test/ASTGenParity/Parse/missing/invalid-utf8.swift,missing,27,1,error,lex_invalid_utf8,invalid UTF-8 found in source file,,,
test/ASTGenParity/Parse/missing/invalid-utf8.swift,missing,29,1,error,lex_invalid_utf8,invalid UTF-8 found in source file,,,
test/ASTGenParity/Parse/missing/invalid-utf8.swift,missing,31,1,error,lex_invalid_utf8,invalid UTF-8 found in source file,,,
test/ASTGenParity/Parse/missing/invalid-utf8.swift,missing,33,1,error,lex_invalid_utf8,invalid UTF-8 found in source file,,,
test/ASTGenParity/Parse/missing/invalid-utf8.swift,missing,37,8,error,static_func_decl_global_scope,static methods may only be declared on a type,,,
test/ASTGenParity/Parse/extra/invalid.swift,message-differs,7,12,error,parameter_specifier_as_attr_disallowed,"'inout' before a parameter name is not allowed, place it before the parameter type instead",error,'inout' before a parameter name is not allowed,
test/ASTGenParity/Parse/extra/invalid.swift,message-differs,9,12,error,parameter_specifier_as_attr_disallowed,"'inout' before a parameter name is not allowed, place it before the parameter type instead",error,'inout' before a parameter name is not allowed,
test/ASTGenParity/Parse/extra/invalid.swift,message-differs,11,17,error,parameter_specifier_as_attr_disallowed,"'inout' before a parameter name is not allowed, place it before the parameter type instead",error,'inout' before a parameter name is not allowed,
test/ASTGenParity/Parse/extra/invalid.swift,message-differs,24,32,error,expected_separator,"expected ',' separator",error,expected ')' to end function call,
test/ASTGenParity/Parse/extra/invalid.swift,message-differs,31,3,error,stmt_in_switch_not_covered_by_case,all statements inside a switch must be covered by a 'case' or 'default',error,all statements inside a switch must be covered by a 'case' or 'default' label,
test/ASTGenParity/Parse/extra/invalid.swift,message-differs,38,5,error,stmt_in_switch_not_covered_by_case,all statements inside a switch must be covered by a 'case' or 'default',error,all statements inside a switch must be covered by a 'case' or 'default' label,
test/ASTGenParity/Parse/extra/invalid.swift,message-differs,55,19,error,expected_separator,"expected ',' separator",error,unexpected brace in string literal,
test/ASTGenParity/Parse/extra/invalid.swift,message-differs,60,23,error,expected_type_function_result,expected type for function result,error,expected return type in function type,
test/ASTGenParity/Parse/extra/invalid.swift,message-differs,83,15,error,parameter_specifier_as_attr_disallowed,"'inout' before a parameter name is not allowed, place it before the parameter type instead",error,'inout inout' before a parameter name is not allowed,
test/ASTGenParity/Parse/extra/invalid.swift,message-differs,85,23,error,expected_parameter_colon,expected ':' following argument label and parameter name,error,unexpected code 'a' in parameter,
test/ASTGenParity/Parse/extra/invalid.swift,message-differs,89,15,error,parameter_specifier_repeated,"parameter may have at most one of the 'inout', 'borrowing', or 'consuming' specifiers",error,'inout' before a parameter name is not allowed,
test/ASTGenParity/Parse/extra/invalid.swift,message-differs,90,15,error,parameter_specifier_repeated,"parameter may have at most one of the 'inout', 'borrowing', or 'consuming' specifiers",error,'inout' before a parameter name is not allowed,
test/ASTGenParity/Parse/extra/invalid.swift,matched,92,6,error,keyword_cant_be_identifier,keyword 'repeat' cannot be used as an identifier here,error,keyword 'repeat' cannot be used as an identifier here,
test/ASTGenParity/Parse/extra/invalid.swift,matched,92,6,note,backticks_to_escape,"if this name is unavoidable, use backticks to escape it",note,"if this name is unavoidable, use backticks to escape it",
test/ASTGenParity/Parse/extra/invalid.swift,matched,96,5,error,keyword_cant_be_identifier,keyword 'for' cannot be used as an identifier here,error,keyword 'for' cannot be used as an identifier here,
test/ASTGenParity/Parse/extra/invalid.swift,matched,96,5,note,backticks_to_escape,"if this name is unavoidable, use backticks to escape it",note,"if this name is unavoidable, use backticks to escape it",
test/ASTGenParity/Parse/extra/invalid.swift,message-differs,100,10,error,repeated_identifier,found an unexpected second identifier in function declaration; is there an accidental break?,error,found an unexpected second identifier in function; is there an accidental break?,
test/ASTGenParity/Parse/extra/invalid.swift,matched,100,10,note,join_identifiers,join the identifiers together,note,join the identifiers together,
test/ASTGenParity/Parse/extra/invalid.swift,matched,100,10,note,join_identifiers_camel_case,join the identifiers together with camel-case,note,join the identifiers together with camel-case,
test/ASTGenParity/Parse/extra/invalid.swift,message-differs,103,10,error,repeated_identifier,found an unexpected second identifier in function declaration; is there an accidental break?,error,found an unexpected second identifier in function; is there an accidental break?,
test/ASTGenParity/Parse/extra/invalid.swift,matched,103,10,note,join_identifiers,join the identifiers together,note,join the identifiers together,
test/ASTGenParity/Parse/extra/invalid.swift,message-differs,105,13,error,repeated_identifier,found an unexpected second identifier in function declaration; is there an accidental break?,error,found an unexpected second identifier in function; is there an accidental break?,
test/ASTGenParity/Parse/extra/invalid.swift,matched,105,13,note,join_identifiers,join the identifiers together,note,join the identifiers together,
test/ASTGenParity/Parse/extra/invalid.swift,matched,105,13,note,join_identifiers_camel_case,join the identifiers together with camel-case,note,join the identifiers together with camel-case,
test/ASTGenParity/Parse/extra/invalid.swift,matched,120,16,error,unexpected_class_constraint,'class' constraint can only appear on protocol declarations,error,'class' constraint can only appear on protocol declarations,
test/ASTGenParity/Parse/extra/invalid.swift,message-differs,120,16,note,suggest_anyobject,did you mean to write an 'AnyObject' constraint?,note,replace 'class' with 'AnyObject',
test/ASTGenParity/Parse/extra/invalid.swift,wrong-column,74,20,error,expected_parameter_colon,expected ':' following argument label and parameter name,error,expected ':' in parameter,
test/ASTGenParity/Parse/extra/invalid.swift,wrong-column,109,1,error,repeated_identifier,found an unexpected second identifier in function declaration; is there an accidental break?,error,expected ':' in parameter,
test/ASTGenParity/Parse/extra/invalid.swift,wrong-column,109,1,note,join_identifiers,join the identifiers together,note,insert ':',
test/ASTGenParity/Parse/extra/invalid.swift,wrong-column,109,1,note,join_identifiers_camel_case,join the identifiers together with camel-case,note,insert ')',
test/ASTGenParity/Parse/extra/invalid.swift,wrong-column,113,1,error,repeated_identifier,found an unexpected second identifier in function declaration; is there an accidental break?,error,expected ':' and type in parameter,
test/ASTGenParity/Parse/extra/invalid.swift,wrong-column,113,1,note,join_identifiers,join the identifiers together,note,insert ':' and type,
test/ASTGenParity/Parse/extra/invalid.swift,wrong-column,113,1,note,join_identifiers_camel_case,join the identifiers together with camel-case,note,insert ')',
test/ASTGenParity/Parse/extra/invalid.swift,missing,7,18,warning,parameter_let_var_as_attr,'var' in this position is interpreted as an argument label,,,
test/ASTGenParity/Parse/extra/invalid.swift,missing,9,18,warning,parameter_let_var_as_attr,'let' in this position is interpreted as an argument label,,,
test/ASTGenParity/Parse/extra/invalid.swift,missing,15,1,error,expected_expr_in_expr_list,expected expression in list of expressions,,,
test/ASTGenParity/Parse/extra/invalid.swift,missing,55,19,error,expected_expr_in_expr_list,expected expression in list of expressions,,,
test/ASTGenParity/Parse/extra/invalid.swift,missing,82,25,error,parameter_specifier_repeated,"parameter may have at most one of the 'inout', 'borrowing', or 'consuming' specifiers",,,
test/ASTGenParity/Parse/extra/invalid.swift,missing,83,21,error,parameter_specifier_repeated,"parameter may have at most one of the 'inout', 'borrowing', or 'consuming' specifiers",,,
test/ASTGenParity/Parse/extra/invalid.swift,missing,85,15,warning,parameter_let_var_as_attr,'let' in this position is interpreted as an argument label,,,
test/ASTGenParity/Parse/extra/invalid.swift,missing,85,15,warning,parameter_extraneous_double_up,extraneous duplicate parameter name; 'let' already has an argument label,,,
test/ASTGenParity/Parse/extra/invalid.swift,missing,85,23,error,expected_separator,"expected ',' separator",,,
test/ASTGenParity/Parse/extra/invalid.swift,missing,137,15,error,cskeyword_not_attribute,"'weak' is a declaration modifier, not an attribute",,,
test/ASTGenParity/Parse/extra/invalid.swift,missing,141,14,error,cskeyword_not_attribute,"'indirect' is a declaration modifier, not an attribute",,,
test/ASTGenParity/Parse/extra/invalid.swift,extra,7,12,,,,note,move 'inout' in front of type,
test/ASTGenParity/Parse/extra/invalid.swift,extra,9,12,,,,note,move 'inout' in front of type,
test/ASTGenParity/Parse/extra/invalid.swift,extra,11,17,,,,note,move 'inout' in front of type,
test/ASTGenParity/Parse/extra/invalid.swift,extra,14,80,,,,error,expected value and ')' to end function call,
test/ASTGenParity/Parse/extra/invalid.swift,extra,14,80,,,,note,insert value and ')',
test/ASTGenParity/Parse/extra/invalid.swift,extra,24,12,,,,note,to match this opening '(',
test/ASTGenParity/Parse/extra/invalid.swift,extra,24,32,,,,note,insert ')',
test/ASTGenParity/Parse/extra/invalid.swift,extra,31,3,,,,note,insert label,
test/ASTGenParity/Parse/extra/invalid.swift,extra,38,5,,,,note,insert label,
test/ASTGenParity/Parse/extra/invalid.swift,extra,41,13,,,,error,consecutive statements on a line must be separated by newline or ';',
test/ASTGenParity/Parse/extra/invalid.swift,extra,41,13,,,,note,insert newline,
test/ASTGenParity/Parse/extra/invalid.swift,extra,41,13,,,,note,insert ';',
test/ASTGenParity/Parse/extra/invalid.swift,extra,60,7,,,,note,to match this opening '(',
test/ASTGenParity/Parse/extra/invalid.swift,extra,60,13,,,,error,expected '(' to start function type,
test/ASTGenParity/Parse/extra/invalid.swift,extra,60,13,,,,note,insert '(',
test/ASTGenParity/Parse/extra/invalid.swift,extra,60,19,,,,error,expected ')' in function type,
test/ASTGenParity/Parse/extra/invalid.swift,extra,60,19,,,,note,insert ')',
test/ASTGenParity/Parse/extra/invalid.swift,extra,60,23,,,,note,insert return type,
test/ASTGenParity/Parse/extra/invalid.swift,extra,60,23,,,,error,expected ')' to end parameter clause,
test/ASTGenParity/Parse/extra/invalid.swift,extra,60,23,,,,note,insert ')',
test/ASTGenParity/Parse/extra/invalid.swift,extra,60,23,,,,error,unexpected code '<T>() -> T)' in function,
test/ASTGenParity/Parse/extra/invalid.swift,extra,74,11,,,,note,insert ':',
test/ASTGenParity/Parse/extra/invalid.swift,extra,83,15,,,,note,move 'inout inout' in front of type,
test/ASTGenParity/Parse/extra/invalid.swift,extra,89,15,,,,note,move 'inout' in front of type,
test/ASTGenParity/Parse/extra/invalid.swift,extra,90,15,,,,note,move 'inout' in front of type,
test/ASTGenParity/Parse/extra/invalid.swift,extra,108,10,,,,error,expected '(' to start parameter clause,
test/ASTGenParity/Parse/extra/invalid.swift,extra,108,10,,,,note,insert '(',
test/ASTGenParity/Parse/extra/invalid.swift,extra,109,7,,,,error,expected ')' to end parameter clause,
test/ASTGenParity/Parse/extra/invalid.swift,extra,112,12,,,,error,expected '(' to start parameter clause,
test/ASTGenParity/Parse/extra/invalid.swift,extra,112,12,,,,note,insert '(',
test/ASTGenParity/Parse/extra/invalid.swift,extra,113,9,,,,error,expected ')' to end parameter clause,
test/ASTGenParity/Parse/extra/invalid.swift,extra,113,9,,,,error,unexpected code '<T>(x: T)' in function,
test/ASTGenParity/Parse/missing/invalid_ternary_expr.swift,missing,4,6,error,expected_colon_after_ternary_question,expected ':' after '? ...' in ternary expression,,,
test/ASTGenParity/Parse/missing/invalid_ternary_expr.swift,missing,5,14,error,expected_colon_after_ternary_question,expected ':' after '? ...' in ternary expression,,,
test/ASTGenParity/Parse/missing/invalid_ternary_expr.swift,missing,6,6,error,expected_colon_after_ternary_question,expected ':' after '? ...' in ternary expression,,,
test/ASTGenParity/Parse/missing/invalid_ternary_expr.swift,missing,7,6,error,expected_colon_after_ternary_question,expected ':' after '? ...' in ternary expression,,,
test/ASTGenParity/Parse/missing/invalid_ternary_expr.swift,missing,7,10,error,expected_colon_after_ternary_question,expected ':' after '? ...' in ternary expression,,,
test/ASTGenParity/Parse/extra/inverses.swift,message-differs,85,34,error,expected_separator,"expected ',' separator",error,expected identifier and ':' in parameter,
test/ASTGenParity/Parse/extra/inverses.swift,message-differs,111,16,error,function_type_no_parens,single argument function types require parentheses,error,expected '(' to start function type,
test/ASTGenParity/Parse/extra/inverses.swift,wrong-column,85,34,error,parameter_unnamed,unnamed parameters must be written with the empty name '_',error,"expected ',' in parameter",
test/ASTGenParity/Parse/extra/inverses.swift,extra,85,33,,,,note,"insert ','",
test/ASTGenParity/Parse/extra/inverses.swift,extra,85,34,,,,note,insert identifier and ':',
test/ASTGenParity/Parse/extra/inverses.swift,extra,111,16,,,,note,insert '(',
test/ASTGenParity/Parse/extra/inverses.swift,extra,111,19,,,,error,expected ')' in function type,
test/ASTGenParity/Parse/extra/inverses.swift,extra,111,19,,,,note,insert ')',
test/ASTGenParity/Parse/missing/isolated_any.swift,missing,12,42,error,attr_isolated_expected_kind,expected 'any' as the isolation kind,,,
test/ASTGenParity/Parse/missing/lifetime_attr.swift,missing,22,2,error,expected_lparen_after_lifetime_dependence,expected '(' after lifetime dependence specifier,,,
test/ASTGenParity/Parse/missing/lifetime_attr.swift,missing,27,13,error,expected_identifier_or_index_or_self_after_lifetime_dependence,"expected 'copy', 'borrow', or '&' followed by an identifier or 'self' in lifetime dependence specifier",,,
test/ASTGenParity/Parse/extra/macro_decl.swift,message-differs,28,6,error,macro_expansion_decl_expected_macro_identifier,expected a macro identifier for a pound literal declaration,error,expected identifier in macro expansion,
test/ASTGenParity/Parse/extra/macro_decl.swift,message-differs,32,4,error,macro_expansion_decl_expected_macro_identifier,expected a macro identifier for a pound literal declaration,error,expected identifier in macro expansion,
test/ASTGenParity/Parse/extra/macro_decl.swift,message-differs,50,9,error,extra_whitespace_macro_expansion_identifier,extraneous whitespace between '#' and macro name is not permitted,error,extraneous whitespace after '#' is not permitted,
test/ASTGenParity/Parse/extra/macro_decl.swift,message-differs,53,4,error,extra_whitespace_macro_expansion_identifier,extraneous whitespace between '#' and macro name is not permitted,error,extraneous whitespace after '#' is not permitted,
test/ASTGenParity/Parse/extra/macro_decl.swift,message-differs,55,4,error,declaration_same_line_without_semi,consecutive declarations on a line must be separated by ';',error,extraneous whitespace after '#' is not permitted,
test/ASTGenParity/Parse/extra/macro_decl.swift,wrong-column,55,5,error,macro_expansion_decl_expected_macro_identifier,expected a macro identifier for a pound literal declaration,error,found an unexpected second identifier in macro expansion; is there an accidental break?,
test/ASTGenParity/Parse/extra/macro_decl.swift,extra,28,6,,,,note,insert identifier,
test/ASTGenParity/Parse/extra/macro_decl.swift,extra,28,6,,,,error,unexpected code '-' in struct,
test/ASTGenParity/Parse/extra/macro_decl.swift,extra,32,4,,,,note,insert identifier,
test/ASTGenParity/Parse/extra/macro_decl.swift,extra,50,9,,,,note,remove whitespace,
test/ASTGenParity/Parse/extra/macro_decl.swift,extra,53,4,,,,note,remove whitespace,
test/ASTGenParity/Parse/extra/macro_decl.swift,extra,55,4,,,,note,remove whitespace,
test/ASTGenParity/Parse/extra/macro_decl.swift,extra,55,12,,,,note,join the identifiers together,
test/ASTGenParity/Parse/extra/macro_expr.swift,message-differs,33,4,error,macro_expansion_expr_expected_macro_identifier,expected a macro identifier for a pound literal expression,error,expected identifier in macro expansion,
test/ASTGenParity/Parse/extra/macro_expr.swift,message-differs,37,6,error,macro_expansion_expr_expected_macro_identifier,expected a macro identifier for a pound literal expression,error,expected identifier in macro expansion,
test/ASTGenParity/Parse/extra/macro_expr.swift,message-differs,44,8,error,extra_whitespace_macro_expansion_identifier,extraneous whitespace between '#' and macro name is not permitted,error,extraneous whitespace after '#' is not permitted,
test/ASTGenParity/Parse/extra/macro_expr.swift,wrong-column,40,8,error,macro_expansion_expr_expected_macro_identifier,expected a macro identifier for a pound literal expression,error,expected identifier in macro expansion,
test/ASTGenParity/Parse/extra/macro_expr.swift,wrong-column,50,9,error,macro_expansion_expr_expected_macro_identifier,expected a macro identifier for a pound literal expression,error,extraneous whitespace after '#' is not permitted,
test/ASTGenParity/Parse/extra/macro_expr.swift,extra,33,4,,,,note,insert identifier,
test/ASTGenParity/Parse/extra/macro_expr.swift,extra,37,6,,,,note,insert identifier,
test/ASTGenParity/Parse/extra/macro_expr.swift,extra,40,89,,,,note,insert identifier,
test/ASTGenParity/Parse/extra/macro_expr.swift,extra,44,8,,,,note,remove whitespace,
test/ASTGenParity/Parse/extra/macro_expr.swift,extra,50,8,,,,note,remove whitespace,
test/ASTGenParity/Parse/missing/matching_patterns.swift,message-differs,361,25,error,expected_separator,"expected ',' separator",error,unexpected code '?' in tuple pattern,
test/ASTGenParity/Parse/missing/matching_patterns.swift,missing,35,10,error,var_pattern_in_var,'var' cannot appear nested inside another 'var' or 'let' pattern,,,
test/ASTGenParity/Parse/missing/matching_patterns.swift,missing,37,10,error,var_pattern_in_var,'let' cannot appear nested inside another 'var' or 'let' pattern,,,
test/ASTGenParity/Parse/missing/matching_patterns.swift,missing,39,11,error,var_pattern_in_var,'var' cannot appear nested inside another 'var' or 'let' pattern,,,
test/ASTGenParity/Parse/missing/matching_patterns.swift,missing,273,14,error,var_pattern_in_var,'var' cannot appear nested inside another 'var' or 'let' pattern,,,
test/ASTGenParity/Parse/missing/matching_patterns.swift,missing,361,25,error,expected_pattern,expected pattern,,,
test/ASTGenParity/Parse/missing/matching_patterns_reference_bindings.swift,message-differs,384,25,error,expected_separator,"expected ',' separator",error,unexpected code '?' in tuple pattern,
test/ASTGenParity/Parse/missing/matching_patterns_reference_bindings.swift,missing,37,10,error,var_pattern_in_var_inout,"'var' cannot appear nested inside another 'var', 'let', or 'inout' pattern",,,
test/ASTGenParity/Parse/missing/matching_patterns_reference_bindings.swift,missing,39,10,error,var_pattern_in_var_inout,"'let' cannot appear nested inside another 'var', 'let', or 'inout' pattern",,,
test/ASTGenParity/Parse/missing/matching_patterns_reference_bindings.swift,missing,41,11,error,var_pattern_in_var_inout,"'var' cannot appear nested inside another 'var', 'let', or 'inout' pattern",,,
test/ASTGenParity/Parse/missing/matching_patterns_reference_bindings.swift,missing,43,10,error,var_pattern_in_var_inout,"'inout' cannot appear nested inside another 'var', 'let', or 'inout' pattern",,,
test/ASTGenParity/Parse/missing/matching_patterns_reference_bindings.swift,missing,45,13,error,var_pattern_in_var_inout,"'inout' cannot appear nested inside another 'var', 'let', or 'inout' pattern",,,
test/ASTGenParity/Parse/missing/matching_patterns_reference_bindings.swift,missing,293,14,error,var_pattern_in_var_inout,"'var' cannot appear nested inside another 'var', 'let', or 'inout' pattern",,,
test/ASTGenParity/Parse/missing/matching_patterns_reference_bindings.swift,missing,384,25,error,expected_pattern,expected pattern,,,
test/ASTGenParity/Parse/extra/module_selector.swift,message-differs,14,15,error,keyword_cant_be_identifier,keyword '_' cannot be used as an identifier here,error,'_' cannot be used as an identifier here,
test/ASTGenParity/Parse/extra/module_selector.swift,message-differs,18,41,error,module_selector_submodule_not_allowed,module selector cannot specify a submodule,error,unexpected code 'Submodule::' in import,
test/ASTGenParity/Parse/extra/module_selector.swift,message-differs,21,49,error,module_selector_submodule_not_allowed,module selector cannot specify a submodule,error,submodule cannot be imported using module selector,
test/ASTGenParity/Parse/extra/module_selector.swift,matched,21,49,note,replace_module_selector_with_member_lookup,replace '::' with '.',note,replace '::' with '.',
test/ASTGenParity/Parse/extra/module_selector.swift,message-differs,25,14,error,module_selector_submodule_not_allowed,module selector cannot specify a submodule,error,submodule cannot be imported using module selector,
test/ASTGenParity/Parse/extra/module_selector.swift,matched,25,14,note,replace_module_selector_with_member_lookup,replace '::' with '.',note,replace '::' with '.',
test/ASTGenParity/Parse/extra/module_selector.swift,message-differs,66,26,error,expected_separator,"expected ',' separator",error,"unexpected code '10.15, *' in attribute",
test/ASTGenParity/Parse/extra/module_selector.swift,message-differs,79,24,error,expected_separator,"expected ',' separator",error,"unexpected code '10.15, *' in attribute",
test/ASTGenParity/Parse/extra/module_selector.swift,message-differs,92,12,error,expected_identifier_after_module_selector,expected identifier after module selector,error,expected identifier,
test/ASTGenParity/Parse/extra/module_selector.swift,message-differs,92,12,note,extra_whitespace_module_selector,remove extraneous whitespace after '::',note,insert identifier,
test/ASTGenParity/Parse/extra/module_selector.swift,message-differs,100,13,error,expected_identifier_after_module_selector,expected identifier after module selector,error,expected identifier,
test/ASTGenParity/Parse/extra/module_selector.swift,message-differs,100,13,note,extra_whitespace_module_selector,remove extraneous whitespace after '::',note,insert identifier,
test/ASTGenParity/Parse/extra/module_selector.swift,message-differs,109,3,error,expected_identifier_after_module_selector,expected identifier after module selector,error,expected identifier,
test/ASTGenParity/Parse/extra/module_selector.swift,message-differs,109,3,note,extra_whitespace_module_selector,remove extraneous whitespace after '::',note,insert identifier,
test/ASTGenParity/Parse/extra/module_selector.swift,message-differs,116,10,error,func_decl_without_paren,expected '(' in argument list of function declaration,error,unexpected code '::decl1' before parameter clause,
test/ASTGenParity/Parse/extra/module_selector.swift,message-differs,151,13,error,expected_parameter_colon,expected ':' following argument label and parameter name,error,unexpected code '::p3' in parameter,
test/ASTGenParity/Parse/extra/module_selector.swift,message-differs,159,11,error,statement_same_line_without_semi,consecutive statements on a line must be separated by ';',error,expected '=' in variable,
test/ASTGenParity/Parse/extra/module_selector.swift,matched,159,11,error,expected_identifier_in_module_selector,expected module name in module selector,error,expected module name in module selector,
test/ASTGenParity/Parse/extra/module_selector.swift,message-differs,166,10,error,expected_pattern,expected pattern,error,expected pattern in value binding pattern,
test/ASTGenParity/Parse/extra/module_selector.swift,message-differs,174,11,error,statement_same_line_without_semi,consecutive statements on a line must be separated by ';',error,expected '=' in variable,
test/ASTGenParity/Parse/extra/module_selector.swift,matched,174,11,error,expected_identifier_in_module_selector,expected module name in module selector,error,expected module name in module selector,
test/ASTGenParity/Parse/extra/module_selector.swift,message-differs,180,12,error,expected_separator,"expected ',' separator",error,"unexpected code '::decl1c, Swift::decl1d' in tuple pattern",
test/ASTGenParity/Parse/extra/module_selector.swift,message-differs,184,15,error,expected_separator,"expected ',' separator",error,"unexpected code '::decl1e, Swift::decl1f' in tuple",
test/ASTGenParity/Parse/extra/module_selector.swift,message-differs,188,18,error,expected_separator,"expected ',' separator",error,"unexpected code '::decl1g, Swift::decl1h' in tuple",
test/ASTGenParity/Parse/extra/module_selector.swift,message-differs,193,31,error,expected_separator,"expected ',' separator",error,unexpected code '::decl1i' in function call,
test/ASTGenParity/Parse/extra/module_selector.swift,message-differs,202,31,error,expected_separator,"expected ',' separator",error,unexpected code '::decl1j' in function call,
test/ASTGenParity/Parse/extra/module_selector.swift,message-differs,211,17,error,expected_case_colon,expected ':' after 'case',error,unexpected code '::decl1k?' in switch case,
test/ASTGenParity/Parse/extra/module_selector.swift,message-differs,221,11,error,expected_foreach_in,expected 'in' after for-each pattern,error,unexpected code '::decl1l' in 'for' statement,
test/ASTGenParity/Parse/extra/module_selector.swift,message-differs,231,14,error,expected_expr,expected expression,error,unexpected code 'in print(elem)' in closure,
test/ASTGenParity/Parse/extra/module_selector.swift,message-differs,236,22,error,expected_separator,"expected ',' separator",error,unexpected code '::elem' in parameter clause,
test/ASTGenParity/Parse/extra/module_selector.swift,message-differs,240,22,error,expected_separator,"expected ',' separator",error,unexpected code '::elem' in parameter clause,
test/ASTGenParity/Parse/extra/module_selector.swift,message-differs,244,22,error,expected_separator,"expected ',' separator",error,unexpected code '::elem: Character' in parameter clause,
test/ASTGenParity/Parse/extra/module_selector.swift,message-differs,250,10,error,expected_lbrace_enum,expected '{' in enum,error,unexpected code '::decl2' in enum,
test/ASTGenParity/Parse/extra/module_selector.swift,message-differs,254,13,error,declaration_same_line_without_semi,consecutive declarations on a line must be separated by ';',error,unexpected code '::decl2a' in enum,
test/ASTGenParity/Parse/extra/module_selector.swift,message-differs,259,12,error,expected_lbrace_struct,expected '{' in struct,error,unexpected code '::decl3' in struct,
test/ASTGenParity/Parse/extra/module_selector.swift,message-differs,262,11,error,expected_lbrace_class,expected '{' in class,error,unexpected code '::decl4<Swift::T>' in class,
test/ASTGenParity/Parse/extra/module_selector.swift,message-differs,265,15,error,expected_equal_in_typealias,expected '=' in type alias declaration,error,unexpected code '::decl5' in typealias declaration,
test/ASTGenParity/Parse/extra/module_selector.swift,message-differs,268,14,error,expected_lbrace_protocol,expected '{' in protocol type,error,unexpected code '::decl6' in protocol,
test/ASTGenParity/Parse/extra/module_selector.swift,message-differs,272,23,error,declaration_same_line_without_semi,consecutive declarations on a line must be separated by ';',error,unexpected code '::decl6a' in protocol,
test/ASTGenParity/Parse/extra/module_selector.swift,message-differs,279,9,error,statement_same_line_without_semi,consecutive statements on a line must be separated by ';',error,expected '=' in variable,
test/ASTGenParity/Parse/extra/module_selector.swift,matched,279,9,error,expected_identifier_in_module_selector,expected module name in module selector,error,expected module name in module selector,
test/ASTGenParity/Parse/extra/module_selector.swift,message-differs,285,9,error,statement_same_line_without_semi,consecutive statements on a line must be separated by ';',error,expected '=' in variable,
test/ASTGenParity/Parse/extra/module_selector.swift,matched,285,9,error,expected_identifier_in_module_selector,expected module name in module selector,error,expected module name in module selector,
test/ASTGenParity/Parse/extra/module_selector.swift,message-differs,299,16,error,expected_rparen_willSet_name,expected ')' after willSet parameter name,error,unexpected code '::newValue' in accessor,
test/ASTGenParity/Parse/extra/module_selector.swift,message-differs,309,13,error,expected_rparen_didSet_name,expected ')' after didSet parameter name,error,unexpected code '::oldValue' in accessor,
test/ASTGenParity/Parse/extra/module_selector.swift,message-differs,320,12,error,func_decl_without_paren,expected '(' in argument list of function declaration,error,unexpected code '::decl1' before parameter clause,
test/ASTGenParity/Parse/extra/module_selector.swift,message-differs,325,12,error,expected_lbrace_enum,expected '{' in enum,error,unexpected code '::decl2' in enum,
test/ASTGenParity/Parse/extra/module_selector.swift,message-differs,330,15,error,declaration_same_line_without_semi,consecutive declarations on a line must be separated by ';',error,unexpected code '::decl2a' in enum,
test/ASTGenParity/Parse/extra/module_selector.swift,message-differs,335,14,error,expected_lbrace_struct,expected '{' in struct,error,unexpected code '::decl3' in struct,
test/ASTGenParity/Parse/extra/module_selector.swift,message-differs,338,13,error,expected_lbrace_class,expected '{' in class,error,unexpected code '::decl4' in class,
test/ASTGenParity/Parse/extra/module_selector.swift,message-differs,341,17,error,expected_equal_in_typealias,expected '=' in type alias declaration,error,unexpected code '::decl5' in typealias declaration,
test/ASTGenParity/Parse/extra/module_selector.swift,message-differs,360,29,error,statement_same_line_without_semi,consecutive statements on a line must be separated by ';',error,consecutive statements on a line must be separated by newline or ';',
test/ASTGenParity/Parse/extra/module_selector.swift,matched,360,29,error,expected_identifier_in_module_selector,expected module name in module selector,error,expected module name in module selector,
test/ASTGenParity/Parse/extra/module_selector.swift,message-differs,367,21,error,expected_precedencegroup_lbrace,expected '{' after name of precedence group,error,unexpected code '::PG1' in precedencegroup,
test/ASTGenParity/Parse/extra/module_selector.swift,message-differs,370,20,error,expected_precedencegroup_attribute,expected operator attribute identifier in precedence group body,error,unexpected code '::AdditionPrecedence' in precedencegroup,
test/ASTGenParity/Parse/extra/module_selector.swift,matched,376,8,error,expected_identifier_in_module_selector,expected module name in module selector,error,expected module name in module selector,
test/ASTGenParity/Parse/extra/module_selector.swift,matched,380,9,error,expected_identifier_in_module_selector,expected module name in module selector,error,expected module name in module selector,
test/ASTGenParity/Parse/extra/module_selector.swift,message-differs,384,8,error,expected_type,expected type,error,expected type in type annotation,
test/ASTGenParity/Parse/extra/module_selector.swift,message-differs,390,8,error,keyword_cant_be_identifier,keyword '_' cannot be used as an identifier here,error,'_' cannot be used as an identifier here,
test/ASTGenParity/Parse/extra/module_selector.swift,matched,394,8,error,keyword_cant_be_identifier,keyword 'Self' cannot be used as an identifier here,error,keyword 'Self' cannot be used as an identifier here,
test/ASTGenParity/Parse/extra/module_selector.swift,matched,394,8,note,backticks_to_escape,"if this name is unavoidable, use backticks to escape it",note,"if this name is unavoidable, use backticks to escape it",
test/ASTGenParity/Parse/extra/module_selector.swift,matched,398,8,error,keyword_cant_be_identifier,keyword 'self' cannot be used as an identifier here,error,keyword 'self' cannot be used as an identifier here,
test/ASTGenParity/Parse/extra/module_selector.swift,matched,398,8,note,backticks_to_escape,"if this name is unavoidable, use backticks to escape it",note,"if this name is unavoidable, use backticks to escape it",
test/ASTGenParity/Parse/extra/module_selector.swift,message-differs,402,13,error,expected_identifier_in_module_selector,expected module name in module selector,error,expected pattern in variable,
test/ASTGenParity/Parse/extra/module_selector.swift,matched,412,8,error,keyword_cant_be_identifier,keyword 'Any' cannot be used as an identifier here,error,keyword 'Any' cannot be used as an identifier here,
test/ASTGenParity/Parse/extra/module_selector.swift,matched,412,8,note,backticks_to_escape,"if this name is unavoidable, use backticks to escape it",note,"if this name is unavoidable, use backticks to escape it",
test/ASTGenParity/Parse/extra/module_selector.swift,matched,416,14,error,expected_identifier_in_module_selector,expected module name in module selector,error,expected module name in module selector,
test/ASTGenParity/Parse/extra/module_selector.swift,matched,420,15,error,expected_identifier_in_module_selector,expected module name in module selector,error,expected module name in module selector,
test/ASTGenParity/Parse/extra/module_selector.swift,message-differs,424,14,error,expected_element_type,expected element type,error,expected type in array type,
test/ASTGenParity/Parse/extra/module_selector.swift,message-differs,424,14,error,expected_rbracket_array_type,expected ']' in array type,error,unexpected code '*::Int' in array type,
test/ASTGenParity/Parse/extra/module_selector.swift,message-differs,434,14,error,keyword_cant_be_identifier,keyword '_' cannot be used as an identifier here,error,'_' cannot be used as an identifier here,
test/ASTGenParity/Parse/extra/module_selector.swift,matched,438,14,error,keyword_cant_be_identifier,keyword 'Self' cannot be used as an identifier here,error,keyword 'Self' cannot be used as an identifier here,
test/ASTGenParity/Parse/extra/module_selector.swift,matched,438,14,note,backticks_to_escape,"if this name is unavoidable, use backticks to escape it",note,"if this name is unavoidable, use backticks to escape it",
test/ASTGenParity/Parse/extra/module_selector.swift,matched,442,14,error,keyword_cant_be_identifier,keyword 'self' cannot be used as an identifier here,error,keyword 'self' cannot be used as an identifier here,
test/ASTGenParity/Parse/extra/module_selector.swift,matched,442,14,note,backticks_to_escape,"if this name is unavoidable, use backticks to escape it",note,"if this name is unavoidable, use backticks to escape it",
test/ASTGenParity/Parse/extra/module_selector.swift,message-differs,446,19,error,expected_identifier_in_module_selector,expected module name in module selector,error,expected pattern in variable,
test/ASTGenParity/Parse/extra/module_selector.swift,matched,457,14,error,keyword_cant_be_identifier,keyword 'Any' cannot be used as an identifier here,error,keyword 'Any' cannot be used as an identifier here,
test/ASTGenParity/Parse/extra/module_selector.swift,matched,457,14,note,backticks_to_escape,"if this name is unavoidable, use backticks to escape it",note,"if this name is unavoidable, use backticks to escape it",
test/ASTGenParity/Parse/extra/module_selector.swift,matched,461,20,error,expected_identifier_in_module_selector,expected module name in module selector,error,expected module name in module selector,
test/ASTGenParity/Parse/extra/module_selector.swift,message-differs,466,19,error,statement_same_line_without_semi,consecutive statements on a line must be separated by ';',error,unexpected code '.*::Index' in source file,
test/ASTGenParity/Parse/extra/module_selector.swift,message-differs,471,20,error,keyword_cant_be_identifier,keyword '_' cannot be used as an identifier here,error,'_' cannot be used as an identifier here,
test/ASTGenParity/Parse/extra/module_selector.swift,matched,475,20,error,keyword_cant_be_identifier,keyword 'Self' cannot be used as an identifier here,error,keyword 'Self' cannot be used as an identifier here,
test/ASTGenParity/Parse/extra/module_selector.swift,matched,475,20,note,backticks_to_escape,"if this name is unavoidable, use backticks to escape it",note,"if this name is unavoidable, use backticks to escape it",
test/ASTGenParity/Parse/extra/module_selector.swift,matched,479,20,error,keyword_cant_be_identifier,keyword 'self' cannot be used as an identifier here,error,keyword 'self' cannot be used as an identifier here,
test/ASTGenParity/Parse/extra/module_selector.swift,matched,479,20,note,backticks_to_escape,"if this name is unavoidable, use backticks to escape it",note,"if this name is unavoidable, use backticks to escape it",
test/ASTGenParity/Parse/extra/module_selector.swift,matched,490,20,error,keyword_cant_be_identifier,keyword 'Any' cannot be used as an identifier here,error,keyword 'Any' cannot be used as an identifier here,
test/ASTGenParity/Parse/extra/module_selector.swift,matched,490,20,note,backticks_to_escape,"if this name is unavoidable, use backticks to escape it",note,"if this name is unavoidable, use backticks to escape it",
test/ASTGenParity/Parse/extra/module_selector.swift,matched,495,3,error,expected_identifier_in_module_selector,expected module name in module selector,error,expected module name in module selector,
test/ASTGenParity/Parse/extra/module_selector.swift,matched,501,4,error,expected_identifier_in_module_selector,expected module name in module selector,error,expected module name in module selector,
test/ASTGenParity/Parse/extra/module_selector.swift,message-differs,512,3,error,keyword_cant_be_identifier,keyword '_' cannot be used as an identifier here,error,'_' cannot be used as an identifier here,
test/ASTGenParity/Parse/extra/module_selector.swift,matched,518,3,error,keyword_cant_be_identifier,keyword 'Self' cannot be used as an identifier here,error,keyword 'Self' cannot be used as an identifier here,
test/ASTGenParity/Parse/extra/module_selector.swift,matched,518,3,note,backticks_to_escape,"if this name is unavoidable, use backticks to escape it",note,"if this name is unavoidable, use backticks to escape it",
test/ASTGenParity/Parse/extra/module_selector.swift,matched,524,3,error,keyword_cant_be_identifier,keyword 'self' cannot be used as an identifier here,error,keyword 'self' cannot be used as an identifier here,
test/ASTGenParity/Parse/extra/module_selector.swift,matched,524,3,note,backticks_to_escape,"if this name is unavoidable, use backticks to escape it",note,"if this name is unavoidable, use backticks to escape it",
test/ASTGenParity/Parse/extra/module_selector.swift,matched,540,3,error,keyword_cant_be_identifier,keyword 'Any' cannot be used as an identifier here,error,keyword 'Any' cannot be used as an identifier here,
test/ASTGenParity/Parse/extra/module_selector.swift,matched,540,3,note,backticks_to_escape,"if this name is unavoidable, use backticks to escape it",note,"if this name is unavoidable, use backticks to escape it",
test/ASTGenParity/Parse/extra/module_selector.swift,matched,546,9,error,expected_identifier_in_module_selector,expected module name in module selector,error,expected module name in module selector,
test/ASTGenParity/Parse/extra/module_selector.swift,matched,552,10,error,expected_identifier_in_module_selector,expected module name in module selector,error,expected module name in module selector,
test/ASTGenParity/Parse/extra/module_selector.swift,message-differs,559,10,error,expected_identifier_in_module_selector,expected module name in module selector,error,consecutive statements on a line must be separated by newline or ';',
test/ASTGenParity/Parse/extra/module_selector.swift,message-differs,568,9,error,keyword_cant_be_identifier,keyword '_' cannot be used as an identifier here,error,'_' cannot be used as an identifier here,
test/ASTGenParity/Parse/extra/module_selector.swift,matched,574,9,error,keyword_cant_be_identifier,keyword 'Self' cannot be used as an identifier here,error,keyword 'Self' cannot be used as an identifier here,
test/ASTGenParity/Parse/extra/module_selector.swift,matched,574,9,note,backticks_to_escape,"if this name is unavoidable, use backticks to escape it",note,"if this name is unavoidable, use backticks to escape it",
test/ASTGenParity/Parse/extra/module_selector.swift,matched,580,9,error,keyword_cant_be_identifier,keyword 'self' cannot be used as an identifier here,error,keyword 'self' cannot be used as an identifier here,
test/ASTGenParity/Parse/extra/module_selector.swift,matched,580,9,note,backticks_to_escape,"if this name is unavoidable, use backticks to escape it",note,"if this name is unavoidable, use backticks to escape it",
test/ASTGenParity/Parse/extra/module_selector.swift,message-differs,586,14,error,statement_same_line_without_semi,consecutive statements on a line must be separated by ';',error,consecutive statements on a line must be separated by newline or ';',
test/ASTGenParity/Parse/extra/module_selector.swift,matched,586,14,error,expected_identifier_in_module_selector,expected module name in module selector,error,expected module name in module selector,
test/ASTGenParity/Parse/extra/module_selector.swift,matched,595,9,error,keyword_cant_be_identifier,keyword 'Any' cannot be used as an identifier here,error,keyword 'Any' cannot be used as an identifier here,
test/ASTGenParity/Parse/extra/module_selector.swift,matched,595,9,note,backticks_to_escape,"if this name is unavoidable, use backticks to escape it",note,"if this name is unavoidable, use backticks to escape it",
test/ASTGenParity/Parse/extra/module_selector.swift,message-differs,613,44,error,attr_specialize_missing_comma,"missing ',' in '_specialize' attribute",error,"unexpected code '::Private, where T == Swift::Int' in attribute",
test/ASTGenParity/Parse/extra/module_selector.swift,message-differs,618,27,error,attr_isolated_expected_rparen,expected ')' after isolation kind,error,unexpected code '::any' in attribute,
test/ASTGenParity/Parse/extra/module_selector.swift,message-differs,627,32,error,expected_separator,"expected ',' separator",error,unexpected code '::GroupName' in attribute,
test/ASTGenParity/Parse/extra/module_selector.swift,message-differs,639,16,error,expected_identifier_after_module_selector,expected identifier after module selector,error,expected identifier in variable,
test/ASTGenParity/Parse/extra/module_selector.swift,message-differs,639,16,note,extra_whitespace_module_selector,remove extraneous whitespace after '::',note,insert identifier,
test/ASTGenParity/Parse/extra/module_selector.swift,message-differs,644,18,error,statement_same_line_without_semi,consecutive statements on a line must be separated by ';',error,consecutive statements on a line must be separated by newline or ';',
test/ASTGenParity/Parse/extra/module_selector.swift,message-differs,644,27,error,expected_expr,expected expression,error,unexpected code 'else { 0 }' in source file,
test/ASTGenParity/Parse/extra/module_selector.swift,message-differs,651,16,error,expected_identifier_after_module_selector,expected identifier after module selector,error,expected identifier in variable,
test/ASTGenParity/Parse/extra/module_selector.swift,message-differs,651,16,note,extra_whitespace_module_selector,remove extraneous whitespace after '::',note,insert identifier,
test/ASTGenParity/Parse/extra/module_selector.swift,message-differs,656,22,error,statement_same_line_without_semi,consecutive statements on a line must be separated by ';',error,consecutive statements on a line must be separated by newline or ';',
test/ASTGenParity/Parse/extra/module_selector.swift,message-differs,656,24,error,statement_same_line_without_semi,consecutive statements on a line must be separated by ';',error,consecutive statements on a line must be separated by newline or ';',
test/ASTGenParity/Parse/extra/module_selector.swift,message-differs,664,1,error,case_outside_of_switch,'case' label can only appear inside a 'switch' statement,error,'case' can only appear inside a 'switch' statement or 'enum' declaration,
test/ASTGenParity/Parse/extra/module_selector.swift,message-differs,666,1,error,case_outside_of_switch,'case' label can only appear inside a 'switch' statement,error,'case' can only appear inside a 'switch' statement or 'enum' declaration,
test/ASTGenParity/Parse/extra/module_selector.swift,message-differs,670,16,error,expected_identifier_after_module_selector,expected identifier after module selector,error,expected identifier in variable,
test/ASTGenParity/Parse/extra/module_selector.swift,message-differs,670,16,note,extra_whitespace_module_selector,remove extraneous whitespace after '::',note,insert identifier,
test/ASTGenParity/Parse/extra/module_selector.swift,message-differs,678,11,error,expected_identifier_after_module_selector,expected identifier after module selector,error,expected identifier in function call,
test/ASTGenParity/Parse/extra/module_selector.swift,message-differs,678,11,error,expected_separator,"expected ',' separator",error,unexpected code '&x' in function call,
test/ASTGenParity/Parse/extra/module_selector.swift,message-differs,683,12,error,expected_identifier_after_module_selector,expected identifier after module selector,error,expected identifier,
test/ASTGenParity/Parse/extra/module_selector.swift,message-differs,690,12,error,expected_identifier_after_module_selector,expected identifier after module selector,error,expected identifier,
test/ASTGenParity/Parse/extra/module_selector.swift,message-differs,695,12,error,expected_identifier_after_module_selector,expected identifier after module selector,error,expected identifier,
test/ASTGenParity/Parse/extra/module_selector.swift,message-differs,700,12,error,expected_identifier_after_module_selector,expected identifier after module selector,error,expected identifier,
test/ASTGenParity/Parse/extra/module_selector.swift,message-differs,706,14,error,expected_identifier_after_module_selector,expected identifier after module selector,error,expected identifier in function,
test/ASTGenParity/Parse/extra/module_selector.swift,message-differs,706,14,error,statement_same_line_without_semi,consecutive statements on a line must be separated by ';',error,string literals in Swift are not preceded by an '@' sign,
test/ASTGenParity/Parse/extra/module_selector.swift,message-differs,714,12,error,expected_identifier_after_module_selector,expected identifier after module selector,error,expected identifier,
test/ASTGenParity/Parse/extra/module_selector.swift,message-differs,719,12,error,expected_identifier_after_module_selector,expected identifier after module selector,error,expected identifier,
test/ASTGenParity/Parse/extra/module_selector.swift,message-differs,750,14,error,expected_identifier_after_module_selector,expected identifier after module selector,error,expected identifier in closure,
test/ASTGenParity/Parse/extra/module_selector.swift,message-differs,767,12,error,expected_identifier_after_module_selector,expected identifier after module selector,error,expected identifier,
test/ASTGenParity/Parse/extra/module_selector.swift,message-differs,774,12,error,expected_identifier_after_module_selector,expected identifier after module selector,error,expected identifier in function call,
test/ASTGenParity/Parse/extra/module_selector.swift,message-differs,778,12,error,expected_identifier_after_module_selector,expected identifier after module selector,error,expected identifier in member access,
test/ASTGenParity/Parse/extra/module_selector.swift,message-differs,782,12,error,expected_identifier_after_module_selector,expected identifier after module selector,error,expected identifier in member access,
test/ASTGenParity/Parse/extra/module_selector.swift,message-differs,790,12,error,expected_identifier_after_module_selector,expected identifier after module selector,error,expected identifier in function call,
test/ASTGenParity/Parse/extra/module_selector.swift,message-differs,794,12,error,expected_identifier_after_module_selector,expected identifier after module selector,error,expected identifier in subscript,
test/ASTGenParity/Parse/extra/module_selector.swift,message-differs,798,12,error,expected_identifier_after_module_selector,expected identifier after module selector,error,expected identifier,
test/ASTGenParity/Parse/extra/module_selector.swift,message-differs,798,12,note,extra_whitespace_module_selector,remove extraneous whitespace after '::',note,insert identifier,
test/ASTGenParity/Parse/extra/module_selector.swift,message-differs,804,14,error,expected_identifier_after_module_selector,expected identifier after module selector,error,expected identifier in member access,
test/ASTGenParity/Parse/extra/module_selector.swift,message-differs,818,11,error,expected_identifier_after_module_selector,expected identifier after module selector,error,expected identifier in 'if' statement,
test/ASTGenParity/Parse/extra/module_selector.swift,message-differs,818,11,error,expected_lbrace_after_if,expected '{' after 'if' condition,error,"unexpected code '#available(macOS 15, *)' in 'if' statement",
test/ASTGenParity/Parse/extra/module_selector.swift,message-differs,829,19,error,expected_identifier_after_module_selector,expected identifier after module selector,error,expected identifier in type,
test/ASTGenParity/Parse/extra/module_selector.swift,message-differs,834,19,error,expected_identifier_after_module_selector,expected identifier after module selector,error,expected identifier in type,
test/ASTGenParity/Parse/extra/module_selector.swift,message-differs,845,19,error,expected_identifier_after_module_selector,expected identifier after module selector,error,expected identifier in type,
test/ASTGenParity/Parse/extra/module_selector.swift,message-differs,860,17,error,module_selector_submodule_not_allowed,module selector cannot specify a submodule,error,unexpected code 'NSData::' in module selector,
test/ASTGenParity/Parse/extra/module_selector.swift,message-differs,863,17,error,module_selector_submodule_not_allowed,module selector cannot specify a submodule,error,unexpected code 'NSData::Fnord::' in module selector,
test/ASTGenParity/Parse/extra/module_selector.swift,message-differs,866,17,error,module_selector_submodule_not_allowed,module selector cannot specify a submodule,error,unexpected code 'NSData::' in module selector,
test/ASTGenParity/Parse/extra/module_selector.swift,message-differs,866,25,error,expected_identifier_after_module_selector,expected identifier after module selector,error,expected identifier,
test/ASTGenParity/Parse/extra/module_selector.swift,message-differs,866,25,note,extra_whitespace_module_selector,remove extraneous whitespace after '::',note,insert identifier,
test/ASTGenParity/Parse/extra/module_selector.swift,wrong-column,166,7,error,var_pattern_in_var,'let' cannot appear nested inside another 'var' or 'let' pattern,error,expected '=' in variable,
test/ASTGenParity/Parse/extra/module_selector.swift,wrong-column,384,7,error,statement_same_line_without_semi,consecutive statements on a line must be separated by ';',error,unexpected code '*::Int' in source file,
test/ASTGenParity/Parse/extra/module_selector.swift,wrong-column,424,13,note,opening_bracket,to match this opening '[',note,insert type,
test/ASTGenParity/Parse/extra/module_selector.swift,wrong-column,483,20,error,expected_identifier_in_dotted_type,expected identifier in dotted type,error,expected '=' in variable,
test/ASTGenParity/Parse/extra/module_selector.swift,wrong-column,483,20,error,statement_same_line_without_semi,consecutive statements on a line must be separated by ';',error,expected module name in module selector,
test/ASTGenParity/Parse/extra/module_selector.swift,wrong-column,507,4,error,expected_identifier_in_module_selector,expected module name in module selector,error,unexpected code '*::print()' in function,
test/ASTGenParity/Parse/extra/module_selector.swift,wrong-column,530,3,error,expected_expr,expected expression,error,expected pattern in variable,
test/ASTGenParity/Parse/extra/module_selector.swift,wrong-severity,683,12,error,statement_same_line_without_semi,consecutive statements on a line must be separated by ';',note,insert identifier,
test/ASTGenParity/Parse/extra/module_selector.swift,wrong-severity,690,12,error,statement_same_line_without_semi,consecutive statements on a line must be separated by ';',note,insert identifier,
test/ASTGenParity/Parse/extra/module_selector.swift,wrong-severity,695,12,error,statement_same_line_without_semi,consecutive statements on a line must be separated by ';',note,insert identifier,
test/ASTGenParity/Parse/extra/module_selector.swift,wrong-severity,700,12,error,statement_same_line_without_semi,consecutive statements on a line must be separated by ';',note,insert identifier,
test/ASTGenParity/Parse/extra/module_selector.swift,wrong-severity,706,14,error,string_literal_no_atsign,string literals in Swift are not preceded by an '@' sign,note,insert identifier,
test/ASTGenParity/Parse/extra/module_selector.swift,wrong-severity,714,12,error,statement_same_line_without_semi,consecutive statements on a line must be separated by ';',note,insert identifier,
test/ASTGenParity/Parse/extra/module_selector.swift,wrong-severity,719,12,error,statement_same_line_without_semi,consecutive statements on a line must be separated by ';',note,insert identifier,
test/ASTGenParity/Parse/extra/module_selector.swift,wrong-severity,750,14,error,statement_same_line_without_semi,consecutive statements on a line must be separated by ';',note,insert identifier,
test/ASTGenParity/Parse/extra/module_selector.swift,wrong-severity,767,12,error,statement_same_line_without_semi,consecutive statements on a line must be separated by ';',note,insert identifier,
test/ASTGenParity/Parse/extra/module_selector.swift,missing,14,15,note,backticks_to_escape,"if this name is unavoidable, use backticks to escape it",,,
test/ASTGenParity/Parse/extra/module_selector.swift,missing,116,10,error,statement_same_line_without_semi,consecutive statements on a line must be separated by ';',,,
test/ASTGenParity/Parse/extra/module_selector.swift,missing,116,10,error,expected_identifier_in_module_selector,expected module name in module selector,,,
test/ASTGenParity/Parse/extra/module_selector.swift,missing,121,12,error,expected_parameter_name,expected parameter name followed by ':',,,
test/ASTGenParity/Parse/extra/module_selector.swift,missing,127,12,error,expected_parameter_name,expected parameter name followed by ':',,,
test/ASTGenParity/Parse/extra/module_selector.swift,missing,134,12,error,expected_parameter_name,expected parameter name followed by ':',,,
test/ASTGenParity/Parse/extra/module_selector.swift,missing,141,12,error,expected_parameter_name,expected parameter name followed by ':',,,
test/ASTGenParity/Parse/extra/module_selector.swift,missing,151,13,error,expected_separator,"expected ',' separator",,,
test/ASTGenParity/Parse/extra/module_selector.swift,missing,151,13,error,expected_parameter_name,expected parameter name followed by ':',,,
test/ASTGenParity/Parse/extra/module_selector.swift,missing,180,12,error,expected_pattern,expected pattern,,,
test/ASTGenParity/Parse/extra/module_selector.swift,missing,184,15,error,expected_identifier_in_module_selector,expected module name in module selector,,,
test/ASTGenParity/Parse/extra/module_selector.swift,missing,188,18,error,expected_identifier_in_module_selector,expected module name in module selector,,,
test/ASTGenParity/Parse/extra/module_selector.swift,missing,193,31,error,expected_identifier_in_module_selector,expected module name in module selector,,,
test/ASTGenParity/Parse/extra/module_selector.swift,missing,202,31,error,expected_identifier_in_module_selector,expected module name in module selector,,,
test/ASTGenParity/Parse/extra/module_selector.swift,missing,211,17,error,expected_identifier_in_module_selector,expected module name in module selector,,,
test/ASTGenParity/Parse/extra/module_selector.swift,missing,211,26,error,statement_same_line_without_semi,consecutive statements on a line must be separated by ';',,,
test/ASTGenParity/Parse/extra/module_selector.swift,missing,211,26,error,expected_expr,expected expression,,,
test/ASTGenParity/Parse/extra/module_selector.swift,missing,221,11,error,expected_identifier_in_module_selector,expected module name in module selector,,,
test/ASTGenParity/Parse/extra/module_selector.swift,missing,221,20,error,expected_foreach_lbrace,expected '{' to start the body of for-each loop,,,
test/ASTGenParity/Parse/extra/module_selector.swift,missing,231,13,error,statement_same_line_without_semi,consecutive statements on a line must be separated by ';',,,
test/ASTGenParity/Parse/extra/module_selector.swift,missing,236,22,error,expected_parameter_name,expected parameter name followed by ':',,,
test/ASTGenParity/Parse/extra/module_selector.swift,missing,240,22,error,expected_parameter_name,expected parameter name followed by ':',,,
test/ASTGenParity/Parse/extra/module_selector.swift,missing,244,22,error,expected_parameter_name,expected parameter name followed by ':',,,
test/ASTGenParity/Parse/extra/module_selector.swift,missing,252,6,note,note_in_decl_of,in declaration of 'decl2_substitute',,,
test/ASTGenParity/Parse/extra/module_selector.swift,missing,254,13,error,expected_decl,expected declaration,,,
test/ASTGenParity/Parse/extra/module_selector.swift,missing,270,10,note,note_in_decl_of,in declaration of 'decl6_substitute',,,
test/ASTGenParity/Parse/extra/module_selector.swift,missing,272,23,error,expected_decl,expected declaration,,,
test/ASTGenParity/Parse/extra/module_selector.swift,missing,285,20,error,statement_same_line_without_semi,consecutive statements on a line must be separated by ';',,,
test/ASTGenParity/Parse/extra/module_selector.swift,missing,285,21,error,statement_begins_with_closure,top-level statement cannot begin with a closure expression,,,
test/ASTGenParity/Parse/extra/module_selector.swift,missing,299,10,note,opening_paren,to match this opening '(',,,
test/ASTGenParity/Parse/extra/module_selector.swift,missing,299,16,error,expected_lbrace_accessor,expected '{' to start 'willSet' definition,,,
test/ASTGenParity/Parse/extra/module_selector.swift,missing,309,9,note,opening_paren,to match this opening '(',,,
test/ASTGenParity/Parse/extra/module_selector.swift,missing,309,13,error,expected_lbrace_accessor,expected '{' to start 'didSet' definition,,,
test/ASTGenParity/Parse/extra/module_selector.swift,missing,317,8,note,note_in_decl_of,in declaration of 'Parent',,,
test/ASTGenParity/Parse/extra/module_selector.swift,missing,320,12,error,declaration_same_line_without_semi,consecutive declarations on a line must be separated by ';',,,
test/ASTGenParity/Parse/extra/module_selector.swift,missing,320,12,error,expected_decl,expected declaration,,,
test/ASTGenParity/Parse/extra/module_selector.swift,missing,328,8,note,note_in_decl_of,in declaration of 'decl2_substitute',,,
test/ASTGenParity/Parse/extra/module_selector.swift,missing,330,15,error,expected_decl,expected declaration,,,
test/ASTGenParity/Parse/extra/module_selector.swift,missing,353,2,error,attr_expected_rparen,expected ')' in '_swift_native_objc_runtime_base' attribute,,,
test/ASTGenParity/Parse/extra/module_selector.swift,missing,353,38,error,expected_decl,expected declaration,,,
test/ASTGenParity/Parse/extra/module_selector.swift,missing,384,9,error,expected_identifier_in_module_selector,expected module name in module selector,,,
test/ASTGenParity/Parse/extra/module_selector.swift,missing,390,8,note,backticks_to_escape,"if this name is unavoidable, use backticks to escape it",,,
test/ASTGenParity/Parse/extra/module_selector.swift,missing,424,14,error,statement_same_line_without_semi,consecutive statements on a line must be separated by ';',,,
test/ASTGenParity/Parse/extra/module_selector.swift,missing,424,15,error,expected_identifier_in_module_selector,expected module name in module selector,,,
test/ASTGenParity/Parse/extra/module_selector.swift,missing,424,20,error,statement_same_line_without_semi,consecutive statements on a line must be separated by ';',,,
test/ASTGenParity/Parse/extra/module_selector.swift,missing,424,20,error,expected_expr,expected expression,,,
test/ASTGenParity/Parse/extra/module_selector.swift,missing,434,14,note,backticks_to_escape,"if this name is unavoidable, use backticks to escape it",,,
test/ASTGenParity/Parse/extra/module_selector.swift,missing,466,19,error,expected_expr_after_unary_operator,expected expression after unary operator,,,
test/ASTGenParity/Parse/extra/module_selector.swift,missing,466,21,error,expected_identifier_in_module_selector,expected module name in module selector,,,
test/ASTGenParity/Parse/extra/module_selector.swift,missing,471,20,note,backticks_to_escape,"if this name is unavoidable, use backticks to escape it",,,
test/ASTGenParity/Parse/extra/module_selector.swift,missing,483,20,error,expected_expr,expected expression,,,
test/ASTGenParity/Parse/extra/module_selector.swift,missing,512,3,note,backticks_to_escape,"if this name is unavoidable, use backticks to escape it",,,
test/ASTGenParity/Parse/extra/module_selector.swift,missing,568,9,note,backticks_to_escape,"if this name is unavoidable, use backticks to escape it",,,
test/ASTGenParity/Parse/extra/module_selector.swift,missing,602,2,error,attr_expected_rparen,expected ')' in '_spi' attribute,,,
test/ASTGenParity/Parse/extra/module_selector.swift,missing,602,11,error,expected_decl,expected declaration,,,
test/ASTGenParity/Parse/extra/module_selector.swift,missing,607,13,note,opening_paren,to match this opening '(',,,
test/ASTGenParity/Parse/extra/module_selector.swift,missing,607,50,error,attr_expected_rparen,expected ')' in '_implements' attribute,,,
test/ASTGenParity/Parse/extra/module_selector.swift,missing,607,50,error,expected_decl,expected declaration,,,
test/ASTGenParity/Parse/extra/module_selector.swift,missing,613,26,error,attr_specialize_missing_comma,"missing ',' in '_specialize' attribute",,,
test/ASTGenParity/Parse/extra/module_selector.swift,missing,618,8,error,parameter_curry_syntax_removed,cannot have more than one parameter list,,,
test/ASTGenParity/Parse/extra/module_selector.swift,missing,618,21,note,opening_paren,to match this opening '(',,,
test/ASTGenParity/Parse/extra/module_selector.swift,missing,618,22,error,attr_isolated_expected_kind,expected 'any' as the isolation kind,,,
test/ASTGenParity/Parse/extra/module_selector.swift,missing,618,27,error,expected_identifier_in_module_selector,expected module name in module selector,,,
test/ASTGenParity/Parse/extra/module_selector.swift,missing,618,44,error,statement_same_line_without_semi,consecutive statements on a line must be separated by ';',,,
test/ASTGenParity/Parse/extra/module_selector.swift,missing,618,44,error,expected_expr,expected expression,,,
test/ASTGenParity/Parse/extra/module_selector.swift,missing,627,32,error,documentation_attr_expected_argument,'_documentation' attribute expected 'visibility' or 'metadata' argument,,,
test/ASTGenParity/Parse/extra/module_selector.swift,missing,644,26,error,statement_same_line_without_semi,consecutive statements on a line must be separated by ';',,,
test/ASTGenParity/Parse/extra/module_selector.swift,missing,656,25,error,statement_begins_with_closure,top-level statement cannot begin with a closure expression,,,
test/ASTGenParity/Parse/extra/module_selector.swift,missing,737,29,error,macro_attribute_unknown_name_kind,unknown introduced name kind 'Swift',,,
test/ASTGenParity/Parse/extra/module_selector.swift,missing,737,42,error,expected_lbrace_destructor,expected '{' for deinitializer,,,
test/ASTGenParity/Parse/extra/module_selector.swift,missing,741,29,error,macro_attribute_unknown_name_kind,unknown introduced name kind 'Swift',,,
test/ASTGenParity/Parse/extra/module_selector.swift,missing,741,45,error,expected_lparen_subscript,expected '(' for subscript parameters,,,
test/ASTGenParity/Parse/extra/module_selector.swift,extra,122,7,,,,error,unexpected code '::p1' in parameter,
test/ASTGenParity/Parse/extra/module_selector.swift,extra,128,7,,,,error,unexpected code '::p1' in parameter,
test/ASTGenParity/Parse/extra/module_selector.swift,extra,128,13,,,,error,expected module name in module selector,
test/ASTGenParity/Parse/extra/module_selector.swift,extra,128,13,,,,note,insert module name,
test/ASTGenParity/Parse/extra/module_selector.swift,extra,135,7,,,,error,unexpected code '::p1' in parameter,
test/ASTGenParity/Parse/extra/module_selector.swift,extra,135,20,,,,error,expected identifier in type,
test/ASTGenParity/Parse/extra/module_selector.swift,extra,135,20,,,,note,insert identifier,
test/ASTGenParity/Parse/extra/module_selector.swift,extra,142,7,,,,error,unexpected code '::label p2' in parameter,
test/ASTGenParity/Parse/extra/module_selector.swift,extra,142,31,,,,error,"expected ',' in parameter",
test/ASTGenParity/Parse/extra/module_selector.swift,extra,142,31,,,,note,"insert ','",
test/ASTGenParity/Parse/extra/module_selector.swift,extra,142,32,,,,error,expected identifier and ':' in parameter,
test/ASTGenParity/Parse/extra/module_selector.swift,extra,142,32,,,,note,insert identifier and ':',
test/ASTGenParity/Parse/extra/module_selector.swift,extra,159,11,,,,note,insert '=',
test/ASTGenParity/Parse/extra/module_selector.swift,extra,159,11,,,,note,insert module name,
test/ASTGenParity/Parse/extra/module_selector.swift,extra,166,10,,,,note,insert pattern,
test/ASTGenParity/Parse/extra/module_selector.swift,extra,166,10,,,,note,insert '=',
test/ASTGenParity/Parse/extra/module_selector.swift,extra,166,10,,,,error,expected module name in module selector,
test/ASTGenParity/Parse/extra/module_selector.swift,extra,166,10,,,,note,insert module name,
test/ASTGenParity/Parse/extra/module_selector.swift,extra,174,11,,,,note,insert '=',
test/ASTGenParity/Parse/extra/module_selector.swift,extra,174,11,,,,note,insert module name,
test/ASTGenParity/Parse/extra/module_selector.swift,extra,279,9,,,,note,insert '=',
test/ASTGenParity/Parse/extra/module_selector.swift,extra,279,9,,,,note,insert module name,
test/ASTGenParity/Parse/extra/module_selector.swift,extra,285,9,,,,note,insert '=',
test/ASTGenParity/Parse/extra/module_selector.swift,extra,285,9,,,,note,insert module name,
test/ASTGenParity/Parse/extra/module_selector.swift,extra,292,16,,,,error,unexpected code '::newValue' in accessor,
test/ASTGenParity/Parse/extra/module_selector.swift,extra,294,13,,,,error,unexpected code '::oldValue' in accessor,
test/ASTGenParity/Parse/extra/module_selector.swift,extra,303,13,,,,error,unexpected code '::oldValue' in accessor,
test/ASTGenParity/Parse/extra/module_selector.swift,extra,360,29,,,,note,insert newline,
test/ASTGenParity/Parse/extra/module_selector.swift,extra,360,29,,,,note,insert ';',
test/ASTGenParity/Parse/extra/module_selector.swift,extra,360,29,,,,note,insert module name,
test/ASTGenParity/Parse/extra/module_selector.swift,extra,376,8,,,,note,insert module name,
test/ASTGenParity/Parse/extra/module_selector.swift,extra,380,9,,,,note,insert module name,
test/ASTGenParity/Parse/extra/module_selector.swift,extra,384,8,,,,note,insert type,
test/ASTGenParity/Parse/extra/module_selector.swift,extra,402,8,,,,error,expected type in type annotation,
test/ASTGenParity/Parse/extra/module_selector.swift,extra,402,8,,,,note,insert type,
test/ASTGenParity/Parse/extra/module_selector.swift,extra,402,13,,,,note,insert pattern,
test/ASTGenParity/Parse/extra/module_selector.swift,extra,402,13,,,,error,expected '=' in variable,
test/ASTGenParity/Parse/extra/module_selector.swift,extra,402,13,,,,note,insert '=',
test/ASTGenParity/Parse/extra/module_selector.swift,extra,402,13,,,,error,expected module name in module selector,
test/ASTGenParity/Parse/extra/module_selector.swift,extra,402,13,,,,note,insert module name,
test/ASTGenParity/Parse/extra/module_selector.swift,extra,416,14,,,,note,insert module name,
test/ASTGenParity/Parse/extra/module_selector.swift,extra,420,15,,,,note,insert module name,
test/ASTGenParity/Parse/extra/module_selector.swift,extra,446,14,,,,error,expected type and ']' to end array type,
test/ASTGenParity/Parse/extra/module_selector.swift,extra,446,14,,,,note,insert type and ']',
test/ASTGenParity/Parse/extra/module_selector.swift,extra,446,19,,,,note,insert pattern,
test/ASTGenParity/Parse/extra/module_selector.swift,extra,446,19,,,,error,expected '=' in variable,
test/ASTGenParity/Parse/extra/module_selector.swift,extra,446,19,,,,note,insert '=',
test/ASTGenParity/Parse/extra/module_selector.swift,extra,446,19,,,,error,expected module name in module selector,
test/ASTGenParity/Parse/extra/module_selector.swift,extra,446,19,,,,note,insert module name,
test/ASTGenParity/Parse/extra/module_selector.swift,extra,446,24,,,,error,unexpected code ']' in source file,
test/ASTGenParity/Parse/extra/module_selector.swift,extra,461,20,,,,note,insert module name,
test/ASTGenParity/Parse/extra/module_selector.swift,extra,483,25,,,,note,insert '=',
test/ASTGenParity/Parse/extra/module_selector.swift,extra,483,25,,,,note,insert module name,
test/ASTGenParity/Parse/extra/module_selector.swift,extra,495,3,,,,note,insert module name,
test/ASTGenParity/Parse/extra/module_selector.swift,extra,501,4,,,,note,insert module name,
test/ASTGenParity/Parse/extra/module_selector.swift,extra,530,8,,,,note,insert pattern,
test/ASTGenParity/Parse/extra/module_selector.swift,extra,530,8,,,,error,expected '=' in variable,
test/ASTGenParity/Parse/extra/module_selector.swift,extra,530,8,,,,note,insert '=',
test/ASTGenParity/Parse/extra/module_selector.swift,extra,530,8,,,,error,expected module name in module selector,
test/ASTGenParity/Parse/extra/module_selector.swift,extra,530,8,,,,note,insert module name,
test/ASTGenParity/Parse/extra/module_selector.swift,extra,546,9,,,,note,insert module name,
test/ASTGenParity/Parse/extra/module_selector.swift,extra,552,10,,,,note,insert module name,
test/ASTGenParity/Parse/extra/module_selector.swift,extra,559,10,,,,note,insert newline,
test/ASTGenParity/Parse/extra/module_selector.swift,extra,559,10,,,,note,insert ';',
test/ASTGenParity/Parse/extra/module_selector.swift,extra,559,10,,,,error,expected module name in module selector,
test/ASTGenParity/Parse/extra/module_selector.swift,extra,559,10,,,,note,insert module name,
test/ASTGenParity/Parse/extra/module_selector.swift,extra,586,14,,,,note,insert newline,
test/ASTGenParity/Parse/extra/module_selector.swift,extra,586,14,,,,note,insert ';',
test/ASTGenParity/Parse/extra/module_selector.swift,extra,586,14,,,,note,insert module name,
test/ASTGenParity/Parse/extra/module_selector.swift,extra,644,18,,,,note,insert newline,
test/ASTGenParity/Parse/extra/module_selector.swift,extra,644,18,,,,note,insert ';',
test/ASTGenParity/Parse/extra/module_selector.swift,extra,656,22,,,,note,insert newline,
test/ASTGenParity/Parse/extra/module_selector.swift,extra,656,22,,,,note,insert ';',
test/ASTGenParity/Parse/extra/module_selector.swift,extra,656,24,,,,note,insert newline,
test/ASTGenParity/Parse/extra/module_selector.swift,extra,656,24,,,,note,insert ';',
test/ASTGenParity/Parse/extra/module_selector.swift,extra,678,11,,,,note,insert identifier,
test/ASTGenParity/Parse/extra/module_selector.swift,extra,706,14,,,,note,remove '@',
test/ASTGenParity/Parse/extra/module_selector.swift,extra,759,12,,,,error,expected identifier,
test/ASTGenParity/Parse/extra/module_selector.swift,extra,759,12,,,,note,insert identifier,
test/ASTGenParity/Parse/extra/module_selector.swift,extra,763,8,,,,error,expected identifier,
test/ASTGenParity/Parse/extra/module_selector.swift,extra,763,8,,,,note,insert identifier,
test/ASTGenParity/Parse/extra/module_selector.swift,extra,774,12,,,,note,insert identifier,
test/ASTGenParity/Parse/extra/module_selector.swift,extra,778,12,,,,note,insert identifier,
test/ASTGenParity/Parse/extra/module_selector.swift,extra,782,12,,,,note,insert identifier,
test/ASTGenParity/Parse/extra/module_selector.swift,extra,790,12,,,,note,insert identifier,
test/ASTGenParity/Parse/extra/module_selector.swift,extra,794,12,,,,note,insert identifier,
test/ASTGenParity/Parse/extra/module_selector.swift,extra,804,14,,,,note,insert identifier,
test/ASTGenParity/Parse/extra/module_selector.swift,extra,818,11,,,,note,insert identifier,
test/ASTGenParity/Parse/extra/module_selector.swift,extra,829,19,,,,note,insert identifier,
test/ASTGenParity/Parse/extra/module_selector.swift,extra,829,19,,,,error,"unexpected code '(Int, String)' in parameter clause",
test/ASTGenParity/Parse/extra/module_selector.swift,extra,834,19,,,,note,insert identifier,
test/ASTGenParity/Parse/extra/module_selector.swift,extra,834,19,,,,error,unexpected code '[Int]' in parameter clause,
test/ASTGenParity/Parse/extra/module_selector.swift,extra,840,19,,,,error,expected identifier in type,
test/ASTGenParity/Parse/extra/module_selector.swift,extra,840,19,,,,note,insert identifier,
test/ASTGenParity/Parse/extra/module_selector.swift,extra,840,19,,,,error,unexpected code '_' in parameter clause,
test/ASTGenParity/Parse/extra/module_selector.swift,extra,845,19,,,,note,insert identifier,
test/ASTGenParity/Parse/missing/move_expr_legacy.swift,missing,5,13,warning,move_consume_final_spelling,"'_move' has been renamed to 'consume', and the '_move' spelling will be removed shortly",,,
test/ASTGenParity/Parse/mixed/multiline_errors.swift,matched,10,3,error,lex_multiline_string_indent_inconsistent,insufficient indentation of line in multi-line string literal,error,insufficient indentation of line in multi-line string literal,
test/ASTGenParity/Parse/mixed/multiline_errors.swift,matched,10,3,note,lex_multiline_string_indent_change_line,change indentation of this line to match closing delimiter,note,change indentation of this line to match closing delimiter,
test/ASTGenParity/Parse/mixed/multiline_errors.swift,matched,18,4,error,lex_multiline_string_indent_inconsistent,insufficient indentation of line in multi-line string literal,error,insufficient indentation of line in multi-line string literal,
test/ASTGenParity/Parse/mixed/multiline_errors.swift,matched,18,4,note,lex_multiline_string_indent_change_line,change indentation of this line to match closing delimiter,note,change indentation of this line to match closing delimiter,
test/ASTGenParity/Parse/mixed/multiline_errors.swift,matched,26,1,error,lex_multiline_string_indent_inconsistent,insufficient indentation of line in multi-line string literal,error,insufficient indentation of line in multi-line string literal,
test/ASTGenParity/Parse/mixed/multiline_errors.swift,matched,26,1,note,lex_multiline_string_indent_change_line,change indentation of this line to match closing delimiter,note,change indentation of this line to match closing delimiter,
test/ASTGenParity/Parse/mixed/multiline_errors.swift,matched,33,1,error,lex_multiline_string_indent_inconsistent,insufficient indentation of line in multi-line string literal,error,insufficient indentation of line in multi-line string literal,
test/ASTGenParity/Parse/mixed/multiline_errors.swift,matched,33,1,note,lex_multiline_string_indent_change_line,change indentation of this line to match closing delimiter,note,change indentation of this line to match closing delimiter,
test/ASTGenParity/Parse/mixed/multiline_errors.swift,matched,40,1,error,lex_multiline_string_indent_inconsistent,insufficient indentation of line in multi-line string literal,error,insufficient indentation of line in multi-line string literal,
test/ASTGenParity/Parse/mixed/multiline_errors.swift,matched,40,1,note,lex_multiline_string_indent_change_line,change indentation of this line to match closing delimiter,note,change indentation of this line to match closing delimiter,
test/ASTGenParity/Parse/mixed/multiline_errors.swift,matched,49,1,error,lex_multiline_string_indent_inconsistent,unexpected tab in indentation of line in multi-line string literal,error,unexpected tab in indentation of line in multi-line string literal,
test/ASTGenParity/Parse/mixed/multiline_errors.swift,matched,49,1,note,lex_multiline_string_indent_change_line,change indentation of this line to match closing delimiter,note,change indentation of this line to match closing delimiter,
test/ASTGenParity/Parse/mixed/multiline_errors.swift,matched,57,3,error,lex_multiline_string_indent_inconsistent,unexpected tab in indentation of line in multi-line string literal,error,unexpected tab in indentation of line in multi-line string literal,
test/ASTGenParity/Parse/mixed/multiline_errors.swift,matched,57,3,note,lex_multiline_string_indent_change_line,change indentation of this line to match closing delimiter,note,change indentation of this line to match closing delimiter,
test/ASTGenParity/Parse/mixed/multiline_errors.swift,matched,65,1,error,lex_multiline_string_indent_inconsistent,unexpected space in indentation of line in multi-line string literal,error,unexpected space in indentation of line in multi-line string literal,
test/ASTGenParity/Parse/mixed/multiline_errors.swift,matched,65,1,note,lex_multiline_string_indent_change_line,change indentation of this line to match closing delimiter,note,change indentation of this line to match closing delimiter,
test/ASTGenParity/Parse/mixed/multiline_errors.swift,matched,73,2,error,lex_multiline_string_indent_inconsistent,unexpected space in indentation of line in multi-line string literal,error,unexpected space in indentation of line in multi-line string literal,
test/ASTGenParity/Parse/mixed/multiline_errors.swift,matched,73,2,note,lex_multiline_string_indent_change_line,change indentation of this line to match closing delimiter,note,change indentation of this line to match closing delimiter,
test/ASTGenParity/Parse/mixed/multiline_errors.swift,matched,79,8,error,lex_illegal_multiline_string_start,multi-line string literal content must begin on a new line,error,multi-line string literal content must begin on a new line,
test/ASTGenParity/Parse/mixed/multiline_errors.swift,matched,86,7,error,lex_illegal_multiline_string_end,multi-line string literal closing delimiter must begin on a new line,error,multi-line string literal closing delimiter must begin on a new line,
test/ASTGenParity/Parse/mixed/multiline_errors.swift,message-differs,89,8,error,lex_illegal_multiline_string_start,multi-line string literal content must begin on a new line,error,multi-line string literal closing delimiter must begin on a new line,
test/ASTGenParity/Parse/mixed/multiline_errors.swift,message-differs,96,1,error,lex_multiline_string_indent_inconsistent,unexpected space in indentation of next 2 lines in multi-line string literal,error,unexpected space in indentation of the next 2 lines in multi-line string literal,
test/ASTGenParity/Parse/mixed/multiline_errors.swift,message-differs,96,1,note,lex_multiline_string_indent_change_line,change indentation of these lines to match closing delimiter,note,change indentation of this line to match closing delimiter,
test/ASTGenParity/Parse/mixed/multiline_errors.swift,message-differs,103,1,error,lex_multiline_string_indent_inconsistent,insufficient indentation of next 2 lines in multi-line string literal,error,insufficient indentation of the next 4 lines in multi-line string literal,
test/ASTGenParity/Parse/mixed/multiline_errors.swift,message-differs,103,1,note,lex_multiline_string_indent_change_line,change indentation of these lines to match closing delimiter,note,change indentation of this line to match closing delimiter,
test/ASTGenParity/Parse/mixed/multiline_errors.swift,message-differs,107,1,error,lex_multiline_string_indent_inconsistent,unexpected space in indentation of next 4 lines in multi-line string literal,error,unexpected space in indentation of the next 2 lines in multi-line string literal,
test/ASTGenParity/Parse/mixed/multiline_errors.swift,message-differs,107,1,note,lex_multiline_string_indent_change_line,change indentation of these lines to match closing delimiter,note,change indentation of this line to match closing delimiter,
test/ASTGenParity/Parse/mixed/multiline_errors.swift,message-differs,149,11,error,lex_escaped_newline_at_lastline,escaped newline at the last line is not allowed,error,escaped newline at the last line of a multi-line string literal is not allowed,
test/ASTGenParity/Parse/mixed/multiline_errors.swift,message-differs,154,5,error,lex_escaped_newline_at_lastline,escaped newline at the last line is not allowed,error,escaped newline at the last line of a multi-line string literal is not allowed,
test/ASTGenParity/Parse/mixed/multiline_errors.swift,message-differs,159,8,error,lex_escaped_newline_at_lastline,escaped newline at the last line is not allowed,error,escaped newline at the last line of a multi-line string literal is not allowed,
test/ASTGenParity/Parse/mixed/multiline_errors.swift,message-differs,164,6,error,lex_escaped_newline_at_lastline,escaped newline at the last line is not allowed,error,escaped newline at the last line of a multi-line string literal is not allowed,
test/ASTGenParity/Parse/mixed/multiline_errors.swift,message-differs,169,6,error,lex_escaped_newline_at_lastline,escaped newline at the last line is not allowed,error,escaped newline at the last line of a multi-line string literal is not allowed,
test/ASTGenParity/Parse/mixed/multiline_errors.swift,message-differs,177,1,error,lex_escaped_newline_at_lastline,escaped newline at the last line is not allowed,error,escaped newline at the last line of a multi-line string literal is not allowed,
test/ASTGenParity/Parse/mixed/multiline_errors.swift,message-differs,177,1,note,lex_multiline_string_indent_change_line,change indentation of this line to match closing delimiter,note,remove '\',
test/ASTGenParity/Parse/mixed/multiline_errors.swift,matched,184,8,error,lex_illegal_multiline_string_start,multi-line string literal content must begin on a new line,error,multi-line string literal content must begin on a new line,
test/ASTGenParity/Parse/mixed/multiline_errors.swift,message-differs,184,8,error,lex_escaped_newline_at_lastline,escaped newline at the last line is not allowed,error,escaped newline at the last line of a multi-line string literal is not allowed,
test/ASTGenParity/Parse/mixed/multiline_errors.swift,message-differs,192,9,error,lex_unterminated_string,unterminated string literal,error,"expected '""' to end string literal",
test/ASTGenParity/Parse/mixed/multiline_errors.swift,wrong-column,11,3,note,lex_multiline_string_indent_should_match_here,should match space here,note,should match indentation here,
test/ASTGenParity/Parse/mixed/multiline_errors.swift,wrong-column,19,4,note,lex_multiline_string_indent_should_match_here,should match space here,note,should match indentation here,
test/ASTGenParity/Parse/mixed/multiline_errors.swift,wrong-column,27,1,note,lex_multiline_string_indent_should_match_here,should match tab here,note,should match indentation here,
test/ASTGenParity/Parse/mixed/multiline_errors.swift,wrong-column,34,1,note,lex_multiline_string_indent_should_match_here,should match space here,note,should match indentation here,
test/ASTGenParity/Parse/mixed/multiline_errors.swift,wrong-column,42,1,note,lex_multiline_string_indent_should_match_here,should match space here,note,should match indentation here,
test/ASTGenParity/Parse/mixed/multiline_errors.swift,wrong-column,50,1,note,lex_multiline_string_indent_should_match_here,should match space here,note,should match indentation here,
test/ASTGenParity/Parse/mixed/multiline_errors.swift,wrong-column,58,3,note,lex_multiline_string_indent_should_match_here,should match space here,note,should match indentation here,
test/ASTGenParity/Parse/mixed/multiline_errors.swift,wrong-column,66,1,note,lex_multiline_string_indent_should_match_here,should match tab here,note,should match indentation here,
test/ASTGenParity/Parse/mixed/multiline_errors.swift,wrong-column,74,2,note,lex_multiline_string_indent_should_match_here,should match tab here,note,should match indentation here,
test/ASTGenParity/Parse/mixed/multiline_errors.swift,wrong-column,92,8,error,lex_illegal_multiline_string_start,multi-line string literal content must begin on a new line,error,multi-line string literal closing delimiter must begin on a new line,
test/ASTGenParity/Parse/mixed/multiline_errors.swift,wrong-column,98,1,note,lex_multiline_string_indent_should_match_here,should match tab here,note,should match indentation here,
test/ASTGenParity/Parse/mixed/multiline_errors.swift,wrong-column,115,1,note,lex_multiline_string_indent_should_match_here,should match tab here,note,should match indentation here,
test/ASTGenParity/Parse/mixed/multiline_errors.swift,wrong-column,115,1,note,lex_multiline_string_indent_should_match_here,should match tab here,note,should match indentation here,
test/ASTGenParity/Parse/mixed/multiline_errors.swift,wrong-column,115,2,note,lex_multiline_string_indent_should_match_here,should match tab here,note,should match indentation here,
test/ASTGenParity/Parse/mixed/multiline_errors.swift,wrong-column,128,15,error,lex_unterminated_string,unterminated string literal,error,"unexpected code ')!""' in source file",
test/ASTGenParity/Parse/mixed/multiline_errors.swift,wrong-column,133,5,error,lex_unterminated_string,unterminated string literal,error,expected value and ')' in string literal,
test/ASTGenParity/Parse/mixed/multiline_errors.swift,wrong-column,133,12,error,string_interpolation_unclosed,cannot find ')' to match opening '(' in string interpolation,error,"expected '""' to end string literal",
test/ASTGenParity/Parse/mixed/multiline_errors.swift,wrong-column,136,18,error,lex_unterminated_string,unterminated string literal,error,"unexpected code ')!""' in source file",
test/ASTGenParity/Parse/mixed/multiline_errors.swift,wrong-column,142,13,error,lex_invalid_escape,invalid escape sequence in literal,error,invalid escape sequence in literal,
test/ASTGenParity/Parse/mixed/multiline_errors.swift,wrong-severity,125,5,error,lex_unterminated_string,unterminated string literal,note,"to match this opening '""'",
test/ASTGenParity/Parse/mixed/multiline_errors.swift,wrong-severity,125,12,error,string_interpolation_unclosed,cannot find ')' to match opening '(' in string interpolation,note,to match this opening '(',
test/ASTGenParity/Parse/mixed/multiline_errors.swift,wrong-severity,192,4,error,string_interpolation_unclosed,cannot find ')' to match opening '(' in string interpolation,note,to match this opening '(',
test/ASTGenParity/Parse/mixed/multiline_errors.swift,missing,105,2,error,lex_multiline_string_indent_inconsistent,insufficient indentation of next 2 lines in multi-line string literal,,,
test/ASTGenParity/Parse/mixed/multiline_errors.swift,missing,105,2,note,lex_multiline_string_indent_change_line,change indentation of these lines to match closing delimiter,,,
test/ASTGenParity/Parse/mixed/multiline_errors.swift,missing,177,1,error,lex_multiline_string_indent_inconsistent,insufficient indentation of line in multi-line string literal,,,
test/ASTGenParity/Parse/mixed/multiline_errors.swift,missing,178,1,note,lex_multiline_string_indent_should_match_here,should match space here,,,
test/ASTGenParity/Parse/mixed/multiline_errors.swift,extra,79,8,,,,note,insert newline,
test/ASTGenParity/Parse/mixed/multiline_errors.swift,extra,86,7,,,,note,insert newline,
test/ASTGenParity/Parse/mixed/multiline_errors.swift,extra,89,8,,,,note,insert newline,
test/ASTGenParity/Parse/mixed/multiline_errors.swift,extra,92,9,,,,note,insert newline,
test/ASTGenParity/Parse/mixed/multiline_errors.swift,extra,109,1,,,,error,insufficient indentation of the next 2 lines in multi-line string literal,
test/ASTGenParity/Parse/mixed/multiline_errors.swift,extra,109,1,,,,note,change indentation of this line to match closing delimiter,
test/ASTGenParity/Parse/mixed/multiline_errors.swift,extra,127,16,,,,error,expected ')' in string literal,
test/ASTGenParity/Parse/mixed/multiline_errors.swift,extra,127,16,,,,note,insert ')',
test/ASTGenParity/Parse/mixed/multiline_errors.swift,extra,127,16,,,,error,"expected '""' to end string literal",
test/ASTGenParity/Parse/mixed/multiline_errors.swift,extra,127,16,,,,note,"insert '""'",
test/ASTGenParity/Parse/mixed/multiline_errors.swift,extra,133,5,,,,note,"to match this opening '""'",
test/ASTGenParity/Parse/mixed/multiline_errors.swift,extra,133,13,,,,note,insert value and ')',
test/ASTGenParity/Parse/mixed/multiline_errors.swift,extra,133,13,,,,note,"insert '""'",
test/ASTGenParity/Parse/mixed/multiline_errors.swift,extra,149,11,,,,note,remove '\',
test/ASTGenParity/Parse/mixed/multiline_errors.swift,extra,154,5,,,,note,remove '\',
test/ASTGenParity/Parse/mixed/multiline_errors.swift,extra,159,8,,,,note,remove '\',
test/ASTGenParity/Parse/mixed/multiline_errors.swift,extra,164,6,,,,note,remove '\',
test/ASTGenParity/Parse/mixed/multiline_errors.swift,extra,169,6,,,,note,remove '\',
test/ASTGenParity/Parse/mixed/multiline_errors.swift,extra,184,8,,,,note,insert newline,
test/ASTGenParity/Parse/mixed/multiline_errors.swift,extra,184,8,,,,note,remove '\',
test/ASTGenParity/Parse/mixed/multiline_errors.swift,extra,192,5,,,,note,"to match this opening '""'",
test/ASTGenParity/Parse/mixed/multiline_errors.swift,extra,192,9,,,,note,"insert '""'",
test/ASTGenParity/Parse/mixed/multiline_errors.swift,extra,193,3,,,,error,unexpected code 'baz' in string literal,
test/ASTGenParity/Parse/mixed/multiline_errors.swift,extra,193,6,,,,error,expected ')' in string literal,
test/ASTGenParity/Parse/mixed/multiline_errors.swift,extra,193,6,,,,note,insert ')',
test/ASTGenParity/Parse/missing/multiline_pound_diagnostic_arg_rdar_41154797.swift,missing,3,8,error,lex_unterminated_string,unterminated string literal,,,
test/ASTGenParity/Parse/missing/multiline_pound_diagnostic_arg_rdar_41154797.swift,missing,3,8,error,pound_diagnostic_expected_string,expected string literal in #error directive,,,
test/ASTGenParity/Parse/extra/nonbreaking_space.swift,matched,3,22,warning,lex_nonbreaking_space,non-breaking space (U+00A0) used instead of regular space,warning,non-breaking space (U+00A0) used instead of regular space,
test/ASTGenParity/Parse/extra/nonbreaking_space.swift,matched,5,24,warning,lex_nonbreaking_space,non-breaking space (U+00A0) used instead of regular space,warning,non-breaking space (U+00A0) used instead of regular space,
test/ASTGenParity/Parse/extra/nonbreaking_space.swift,matched,8,1,warning,lex_nonbreaking_space,non-breaking space (U+00A0) used instead of regular space,warning,non-breaking space (U+00A0) used instead of regular space,
test/ASTGenParity/Parse/extra/nonbreaking_space.swift,extra,3,22,,,,note,replace non-breaking space with ' ',
test/ASTGenParity/Parse/extra/nonbreaking_space.swift,extra,5,24,,,,note,replace non-breaking space with ' ',
test/ASTGenParity/Parse/extra/nonbreaking_space.swift,extra,8,1,,,,note,replace non-breaking space with ' ',
test/ASTGenParity/Parse/missing/number_identifier_errors.swift,message-differs,7,6,error,number_cant_start_decl_name,"function name can only start with a letter or underscore, not a number",error,"identifier can only start with a letter or underscore, not a number",
test/ASTGenParity/Parse/missing/number_identifier_errors.swift,message-differs,9,6,error,number_cant_start_decl_name,"function name can only start with a letter or underscore, not a number",error,"identifier can only start with a letter or underscore, not a number",
test/ASTGenParity/Parse/missing/number_identifier_errors.swift,message-differs,11,6,error,number_cant_start_decl_name,"function name can only start with a letter or underscore, not a number",error,"identifier can only start with a letter or underscore, not a number",
test/ASTGenParity/Parse/missing/number_identifier_errors.swift,message-differs,15,10,error,number_cant_start_decl_name,"protocol name can only start with a letter or underscore, not a number",error,"identifier can only start with a letter or underscore, not a number",
test/ASTGenParity/Parse/missing/number_identifier_errors.swift,message-differs,17,18,error,number_cant_start_decl_name,"associatedtype name can only start with a letter or underscore, not a number",error,"identifier can only start with a letter or underscore, not a number",
test/ASTGenParity/Parse/missing/number_identifier_errors.swift,message-differs,20,10,error,number_cant_start_decl_name,"protocol name can only start with a letter or underscore, not a number",error,"identifier can only start with a letter or underscore, not a number",
test/ASTGenParity/Parse/missing/number_identifier_errors.swift,message-differs,22,18,error,number_cant_start_decl_name,"associatedtype name can only start with a letter or underscore, not a number",error,"identifier can only start with a letter or underscore, not a number",
test/ASTGenParity/Parse/missing/number_identifier_errors.swift,message-differs,25,10,error,number_cant_start_decl_name,"protocol name can only start with a letter or underscore, not a number",error,"identifier can only start with a letter or underscore, not a number",
test/ASTGenParity/Parse/missing/number_identifier_errors.swift,message-differs,28,18,error,number_cant_start_decl_name,"associatedtype name can only start with a letter or underscore, not a number",error,"identifier can only start with a letter or underscore, not a number",
test/ASTGenParity/Parse/missing/number_identifier_errors.swift,message-differs,33,11,error,number_cant_start_decl_name,"typealias name can only start with a letter or underscore, not a number",error,"identifier can only start with a letter or underscore, not a number",
test/ASTGenParity/Parse/missing/number_identifier_errors.swift,message-differs,35,11,error,number_cant_start_decl_name,"typealias name can only start with a letter or underscore, not a number",error,"identifier can only start with a letter or underscore, not a number",
test/ASTGenParity/Parse/missing/number_identifier_errors.swift,message-differs,37,11,error,number_cant_start_decl_name,"typealias name can only start with a letter or underscore, not a number",error,"identifier can only start with a letter or underscore, not a number",
test/ASTGenParity/Parse/missing/number_identifier_errors.swift,message-differs,41,8,error,number_cant_start_decl_name,"struct name can only start with a letter or underscore, not a number",error,"identifier can only start with a letter or underscore, not a number",
test/ASTGenParity/Parse/missing/number_identifier_errors.swift,message-differs,43,8,error,number_cant_start_decl_name,"struct name can only start with a letter or underscore, not a number",error,"identifier can only start with a letter or underscore, not a number",
test/ASTGenParity/Parse/missing/number_identifier_errors.swift,message-differs,45,8,error,number_cant_start_decl_name,"struct name can only start with a letter or underscore, not a number",error,"identifier can only start with a letter or underscore, not a number",
test/ASTGenParity/Parse/missing/number_identifier_errors.swift,message-differs,49,6,error,number_cant_start_decl_name,"enum name can only start with a letter or underscore, not a number",error,"identifier can only start with a letter or underscore, not a number",
test/ASTGenParity/Parse/missing/number_identifier_errors.swift,message-differs,51,6,error,number_cant_start_decl_name,"enum name can only start with a letter or underscore, not a number",error,"identifier can only start with a letter or underscore, not a number",
test/ASTGenParity/Parse/missing/number_identifier_errors.swift,message-differs,53,6,error,number_cant_start_decl_name,"enum name can only start with a letter or underscore, not a number",error,"identifier can only start with a letter or underscore, not a number",
test/ASTGenParity/Parse/missing/number_identifier_errors.swift,message-differs,57,7,error,number_cant_start_decl_name,"class name can only start with a letter or underscore, not a number",error,"identifier can only start with a letter or underscore, not a number",
test/ASTGenParity/Parse/missing/number_identifier_errors.swift,message-differs,59,8,error,number_cant_start_decl_name,"function name can only start with a letter or underscore, not a number",error,"identifier can only start with a letter or underscore, not a number",
test/ASTGenParity/Parse/missing/number_identifier_errors.swift,message-differs,62,7,error,number_cant_start_decl_name,"class name can only start with a letter or underscore, not a number",error,"identifier can only start with a letter or underscore, not a number",
test/ASTGenParity/Parse/missing/number_identifier_errors.swift,message-differs,64,8,error,number_cant_start_decl_name,"function name can only start with a letter or underscore, not a number",error,"identifier can only start with a letter or underscore, not a number",
test/ASTGenParity/Parse/missing/number_identifier_errors.swift,message-differs,68,7,error,number_cant_start_decl_name,"class name can only start with a letter or underscore, not a number",error,"identifier can only start with a letter or underscore, not a number",
test/ASTGenParity/Parse/missing/number_identifier_errors.swift,message-differs,71,8,error,number_cant_start_decl_name,"function name can only start with a letter or underscore, not a number",error,"identifier can only start with a letter or underscore, not a number",
test/ASTGenParity/Parse/missing/number_identifier_errors.swift,missing,11,7,error,lex_invalid_digit_in_int_literal,'f' is not a valid digit in integer literal,,,
test/ASTGenParity/Parse/missing/number_identifier_errors.swift,missing,25,11,error,lex_invalid_digit_in_int_literal,'p' is not a valid digit in integer literal,,,
test/ASTGenParity/Parse/missing/number_identifier_errors.swift,missing,28,19,error,lex_invalid_digit_in_int_literal,'a' is not a valid digit in integer literal,,,
test/ASTGenParity/Parse/missing/number_identifier_errors.swift,missing,37,13,error,lex_invalid_digit_in_int_literal,'t' is not a valid digit in integer literal,,,
test/ASTGenParity/Parse/missing/number_identifier_errors.swift,missing,45,10,error,lex_invalid_digit_in_int_literal,'s' is not a valid digit in integer literal,,,
test/ASTGenParity/Parse/missing/number_identifier_errors.swift,missing,53,9,error,lex_invalid_digit_in_fp_exponent,'n' is not a valid digit in floating point exponent,,,
test/ASTGenParity/Parse/missing/number_identifier_errors.swift,missing,68,9,error,lex_invalid_digit_in_int_literal,'c' is not a valid digit in integer literal,,,
test/ASTGenParity/Parse/missing/number_identifier_errors.swift,missing,71,10,error,lex_invalid_digit_in_int_literal,'m' is not a valid digit in integer literal,,,
test/ASTGenParity/Parse/extra/object_literals.swift,message-differs,7,11,error,macro_expansion_expr_expected_macro_identifier,expected a macro identifier for a pound literal expression,error,expected identifier in macro expansion,
test/ASTGenParity/Parse/extra/object_literals.swift,extra,7,11,,,,note,insert identifier,
test/ASTGenParity/Parse/extra/object_literals.swift,extra,7,11,,,,error,"expected ',' in array element",
test/ASTGenParity/Parse/extra/object_literals.swift,extra,7,11,,,,note,"insert ','",
test/ASTGenParity/Parse/extra/object_literals.swift,extra,7,12,,,,error,expected identifier in macro expansion,
test/ASTGenParity/Parse/extra/object_literals.swift,extra,7,12,,,,note,insert identifier,
test/ASTGenParity/Parse/missing/omit_return.swift,missing,377,5,error,line_directive_style_deprecated,#line directive was renamed to #sourceLocation,,,
test/ASTGenParity/Parse/missing/omit_return.swift,missing,378,1,error,unexpected_line_directive,"parameterless closing #sourceLocation() directive without prior opening #sourceLocation(file:,line:) directive",,,
test/ASTGenParity/Parse/ifconfig/omit_return_ifdecl.swift,missing,529,5,error,line_directive_style_deprecated,#line directive was renamed to #sourceLocation,,,in_ifconfig_clause
test/ASTGenParity/Parse/ifconfig/omit_return_ifdecl.swift,missing,530,5,error,unexpected_line_directive,"parameterless closing #sourceLocation() directive without prior opening #sourceLocation(file:,line:) directive",,,ifconfig_condition
test/ASTGenParity/Parse/missing/operator_decl.swift,missing,3,21,error,deprecated_operator_body,operator should no longer be declared with body,,,
test/ASTGenParity/Parse/missing/operator_decl.swift,missing,4,22,error,deprecated_operator_body,operator should no longer be declared with body,,,
test/ASTGenParity/Parse/missing/operator_decl.swift,missing,5,20,error,deprecated_operator_body,operator should no longer be declared with body,,,
test/ASTGenParity/Parse/missing/operator_decl.swift,missing,6,21,error,deprecated_operator_body_use_group,operator should no longer be declared with body; use a precedence group instead,,,
test/ASTGenParity/Parse/missing/operator_decl.swift,missing,9,26,error,deprecated_operator_body,operator should no longer be declared with body,,,
test/ASTGenParity/Parse/missing/operator_decl.swift,missing,12,23,error,precedencegroup_not_infix,only infix operators may declare a precedence,,,
test/ASTGenParity/Parse/missing/operator_decl.swift,missing,12,27,error,deprecated_operator_body,operator should no longer be declared with body,,,
test/ASTGenParity/Parse/missing/operator_decl.swift,missing,16,23,error,precedencegroup_not_infix,only infix operators may declare a precedence,,,
test/ASTGenParity/Parse/missing/operator_decl.swift,missing,19,24,error,precedencegroup_not_infix,only infix operators may declare a precedence,,,
test/ASTGenParity/Parse/missing/operator_decl.swift,missing,19,28,error,deprecated_operator_body,operator should no longer be declared with body,,,
test/ASTGenParity/Parse/missing/operator_decl.swift,missing,23,24,error,precedencegroup_not_infix,only infix operators may declare a precedence,,,
test/ASTGenParity/Parse/missing/operator_decl.swift,missing,26,1,error,operator_decl_no_fixity,"operator must be declared as 'prefix', 'postfix', or 'infix'",,,
test/ASTGenParity/Parse/missing/operator_decl.swift,missing,29,1,error,operator_decl_no_fixity,"operator must be declared as 'prefix', 'postfix', or 'infix'",,,
test/ASTGenParity/Parse/missing/operator_decl.swift,missing,29,16,error,deprecated_operator_body,operator should no longer be declared with body,,,
test/ASTGenParity/Parse/missing/operator_decl.swift,missing,33,1,error,operator_decl_no_fixity,"operator must be declared as 'prefix', 'postfix', or 'infix'",,,
test/ASTGenParity/Parse/missing/operator_decl.swift,missing,33,20,error,deprecated_operator_body,operator should no longer be declared with body,,,
test/ASTGenParity/Parse/missing/operator_decl.swift,missing,37,16,error,expected_operator_name_after_operator,expected operator name in operator declaration,,,
test/ASTGenParity/Parse/missing/operator_decl.swift,missing,43,18,error,postfix_operator_name_cannot_start_with_unwrap,postfix operator names starting with '?' or '!' are disallowed to avoid collisions with built-in unwrapping operators,,,
test/ASTGenParity/Parse/missing/operator_decl.swift,missing,45,18,error,postfix_operator_name_cannot_start_with_unwrap,postfix operator names starting with '?' or '!' are disallowed to avoid collisions with built-in unwrapping operators,,,
test/ASTGenParity/Parse/missing/operator_decl.swift,missing,46,18,error,postfix_operator_name_cannot_start_with_unwrap,postfix operator names starting with '?' or '!' are disallowed to avoid collisions with built-in unwrapping operators,,,
test/ASTGenParity/Parse/missing/operator_decl.swift,missing,46,19,error,identifier_within_operator_name,'$$' is considered an identifier and must not appear within an operator name,,,
test/ASTGenParity/Parse/missing/operator_decl.swift,missing,50,18,error,identifier_within_operator_name,'aa' is considered an identifier and must not appear within an operator name,,,
test/ASTGenParity/Parse/missing/operator_decl.swift,missing,51,16,error,identifier_within_operator_name,'aa' is considered an identifier and must not appear within an operator name,,,
test/ASTGenParity/Parse/missing/operator_decl.swift,missing,52,18,error,identifier_within_operator_name,'$$' is considered an identifier and must not appear within an operator name,,,
test/ASTGenParity/Parse/missing/operator_decl.swift,missing,53,18,error,operator_name_invalid_char,'@' is not allowed in operator names,,,
test/ASTGenParity/Parse/missing/operator_decl.swift,missing,54,16,error,operator_name_invalid_char,'#' is not allowed in operator names,,,
test/ASTGenParity/Parse/missing/operator_decl.swift,missing,55,19,error,operator_name_invalid_char,'#' is not allowed in operator names,,,
test/ASTGenParity/Parse/missing/operator_decl.swift,missing,56,18,error,operator_name_invalid_char,'#' is not allowed in operator names,,,
test/ASTGenParity/Parse/missing/operator_decl.swift,missing,60,17,error,operator_name_invalid_char,'#' is not allowed in operator names,,,
test/ASTGenParity/Parse/missing/operator_decl.swift,missing,60,18,error,lex_unary_equal,'=' must have consistent whitespace on both sides,,,
test/ASTGenParity/Parse/missing/operator_decl.swift,missing,66,22,error,operator_decl_expected_precedencegroup,expected precedence group name after ':' in operator declaration,,,
test/ASTGenParity/Parse/missing/operator_decl.swift,missing,68,17,error,expected_precedencegroup_name,expected identifier after 'precedencegroup',,,
test/ASTGenParity/Parse/missing/operator_decl.swift,missing,72,17,error,expected_precedencegroup_attribute_colon,expected colon after attribute name in precedence group,,,
test/ASTGenParity/Parse/missing/operator_decl.swift,missing,75,3,error,unknown_precedencegroup_attribute,'precedence' is not a valid precedence group attribute,,,
test/ASTGenParity/Parse/missing/operator_decl.swift,missing,78,18,error,expected_precedencegroup_associativity,"expected 'none', 'left', or 'right' after 'associativity'",,,
test/ASTGenParity/Parse/missing/operator_decl.swift,missing,81,15,error,expected_precedencegroup_assignment,expected 'true' or 'false' after 'assignment',,,
test/ASTGenParity/Parse/missing/operator_decl.swift,missing,85,1,error,expected_precedencegroup_relation,expected name of related precedence group after 'higherThan',,,
test/ASTGenParity/Parse/missing/operator_decl.swift,missing,88,1,error,expected_precedencegroup_relation,expected name of related precedence group after 'higherThan',,,
test/ASTGenParity/Parse/missing/operator_decl.swift,missing,97,3,error,precedencegroup_attribute_redeclared,'associativity' attribute for precedence group declared multiple times,,,
test/ASTGenParity/Parse/missing/operator_decl.swift,missing,102,3,error,precedencegroup_attribute_redeclared,'assignment' attribute for precedence group declared multiple times,,,
test/ASTGenParity/Parse/missing/operator_decl.swift,missing,106,9,error,operator_decl_inner_scope,'operator' may only be declared at file scope,,,
test/ASTGenParity/Parse/missing/operator_decl.swift,missing,113,24,error,statement_same_line_without_semi,consecutive statements on a line must be separated by ';',,,
test/ASTGenParity/Parse/missing/operator_decl.swift,missing,113,24,error,expected_expr,expected expression,,,
test/ASTGenParity/Parse/missing/operator_decl.swift,missing,120,20,error,precedencegroup_not_infix,only infix operators may declare a precedence,,,
test/ASTGenParity/Parse/missing/operator_decl.swift,missing,172,1,error,operator_decl_expected_precedencegroup,expected precedence group name after ':' in operator declaration,,,at_eof
test/ASTGenParity/Parse/extra/operators.swift,message-differs,122,6,error,statement_same_line_without_semi,consecutive statements on a line must be separated by ';',error,consecutive statements on a line must be separated by newline or ';',
test/ASTGenParity/Parse/extra/operators.swift,message-differs,128,6,error,statement_same_line_without_semi,consecutive statements on a line must be separated by ';',error,consecutive statements on a line must be separated by newline or ';',
test/ASTGenParity/Parse/extra/operators.swift,extra,122,6,,,,note,insert newline,
test/ASTGenParity/Parse/extra/operators.swift,extra,122,6,,,,note,insert ';',
test/ASTGenParity/Parse/extra/operators.swift,extra,128,6,,,,note,insert newline,
test/ASTGenParity/Parse/extra/operators.swift,extra,128,6,,,,note,insert ';',
test/ASTGenParity/Parse/missing/optional.swift,message-differs,8,11,error,expected_expr,expected expression,error,unexpected code '?' in source file,
test/ASTGenParity/Parse/missing/optional.swift,missing,8,10,error,statement_same_line_without_semi,consecutive statements on a line must be separated by ';',,,
test/ASTGenParity/Parse/missing/original_defined_in_attr.swift,missing,7,23,error,originally_defined_in_need_original_module_name,"expected 'module: ""original""' in the first argument to '@_originallyDefinedIn'",,,
test/ASTGenParity/Parse/missing/original_defined_in_attr.swift,missing,10,42,warning,attr_availability_platform_version_major_minor_only,'@_originallyDefinedIn' only uses major and minor version number,,,
test/ASTGenParity/Parse/missing/original_defined_in_attr.swift,missing,14,1,error,attr_availability_need_platform_version,expected at least one platform version in '@_originallyDefinedIn' attribute,,,
test/ASTGenParity/Parse/missing/original_defined_in_attr.swift,missing,17,23,error,originally_defined_in_need_original_module_name,"expected 'module: ""original""' in the first argument to '@_originallyDefinedIn'",,,
test/ASTGenParity/Parse/missing/original_defined_in_attr.swift,missing,21,1,error,attr_availability_expected_platform,expected platform in '@_originallyDefinedIn' attribute,,,
test/ASTGenParity/Parse/missing/original_defined_in_attr.swift,missing,24,1,error,attr_availability_need_platform_version,expected at least one platform version in '@_originallyDefinedIn' attribute,,,
test/ASTGenParity/Parse/missing/original_defined_in_attr.swift,missing,24,38,warning,attr_availability_wildcard_ignored,* as platform name has no effect in '@_originallyDefinedIn' attribute,,,
test/ASTGenParity/Parse/missing/original_defined_in_attr.swift,missing,26,49,warning,attr_availability_wildcard_ignored,* as platform name has no effect in '@_originallyDefinedIn' attribute,,,
test/ASTGenParity/Parse/missing/ownership_modifiers.swift,message-differs,40,41,error,function_type_argument_label,function types cannot have argument labels; use '_' before 'borrowing',error,'borrowing' before a parameter name is not allowed,
test/ASTGenParity/Parse/missing/ownership_modifiers.swift,message-differs,41,41,error,function_type_argument_label,function types cannot have argument labels; use '_' before 'consuming',error,'consuming' before a parameter name is not allowed,
test/ASTGenParity/Parse/missing/ownership_modifiers.swift,message-differs,42,38,error,function_type_argument_label,function types cannot have argument labels; use '_' before '__shared',error,'__shared' before a parameter name is not allowed,
test/ASTGenParity/Parse/missing/ownership_modifiers.swift,message-differs,43,37,error,function_type_argument_label,function types cannot have argument labels; use '_' before '__owned',error,'__owned' before a parameter name is not allowed,
test/ASTGenParity/Parse/missing/ownership_modifiers.swift,missing,12,23,error,parameter_specifier_repeated,"parameter may have at most one of the 'inout', 'borrowing', or 'consuming' specifiers",,,
test/ASTGenParity/Parse/missing/ownership_modifiers.swift,missing,13,25,error,parameter_specifier_repeated,"parameter may have at most one of the 'inout', 'borrowing', or 'consuming' specifiers",,,
test/ASTGenParity/Parse/missing/ownership_modifiers.swift,missing,14,26,error,parameter_specifier_repeated,"parameter may have at most one of the 'inout', 'borrowing', or 'consuming' specifiers",,,
test/ASTGenParity/Parse/missing/ownership_modifiers.swift,missing,26,27,error,parameter_specifier_repeated,"parameter may have at most one of the 'inout', 'borrowing', or 'consuming' specifiers",,,
test/ASTGenParity/Parse/missing/ownership_modifiers.swift,missing,27,29,error,parameter_specifier_repeated,"parameter may have at most one of the 'inout', 'borrowing', or 'consuming' specifiers",,,
test/ASTGenParity/Parse/missing/ownership_modifiers.swift,extra,40,41,,,,note,move 'borrowing' in front of type,
test/ASTGenParity/Parse/missing/ownership_modifiers.swift,extra,41,41,,,,note,move 'consuming' in front of type,
test/ASTGenParity/Parse/missing/ownership_modifiers.swift,extra,42,38,,,,note,move '__shared' in front of type,
test/ASTGenParity/Parse/missing/ownership_modifiers.swift,extra,43,37,,,,note,move '__owned' in front of type,
test/ASTGenParity/Parse/mixed/parameter_specifier_before_param_name.swift,message-differs,13,10,error,parameter_specifier_as_attr_disallowed,"'inout' before a parameter name is not allowed, place it before the parameter type instead",error,'inout' before a parameter name is not allowed,
test/ASTGenParity/Parse/mixed/parameter_specifier_before_param_name.swift,message-differs,15,10,error,parameter_specifier_as_attr_disallowed,"'borrowing' before a parameter name is not allowed, place it before the parameter type instead",error,'borrowing' before a parameter name is not allowed,
test/ASTGenParity/Parse/mixed/parameter_specifier_before_param_name.swift,wrong-severity,23,10,warning,parameter_specifier_as_attr_disallowed,"'sending' before a parameter name is not allowed, place it before the parameter type instead; this is an error in the Swift 6 language mode",error,'sending' before a parameter name is not allowed,
test/ASTGenParity/Parse/mixed/parameter_specifier_before_param_name.swift,missing,18,10,warning,parameter_specifier_as_attr_disallowed,"'isolated' before a parameter name is not allowed, place it before the parameter type instead; this is an error in the Swift 6 language mode",,,
test/ASTGenParity/Parse/mixed/parameter_specifier_before_param_name.swift,missing,20,10,warning,parameter_specifier_as_attr_disallowed,"'_const' before a parameter name is not allowed, place it before the parameter type instead; this is an error in the Swift 6 language mode",,,
test/ASTGenParity/Parse/mixed/parameter_specifier_before_param_name.swift,extra,13,10,,,,note,move 'inout' in front of type,
test/ASTGenParity/Parse/mixed/parameter_specifier_before_param_name.swift,extra,15,10,,,,note,move 'borrowing' in front of type,
test/ASTGenParity/Parse/mixed/parameter_specifier_before_param_name.swift,extra,23,10,,,,note,move 'sending' in front of type,
test/ASTGenParity/Parse/missing/pattern_borrow_bindings.swift,missing,41,10,warning,borrowing_syntax_change,'borrowing' in pattern matches is deprecated; use 'let',,,
test/ASTGenParity/Parse/missing/pattern_borrow_bindings.swift,missing,44,19,warning,borrowing_syntax_change,'borrowing' in pattern matches is deprecated; use 'let',,,
test/ASTGenParity/Parse/missing/pattern_borrow_bindings.swift,missing,47,10,warning,borrowing_syntax_change,'borrowing' in pattern matches is deprecated; use 'let',,,
test/ASTGenParity/Parse/missing/pattern_borrow_bindings.swift,missing,47,20,error,borrowing_subpattern_unsupported,'borrowing' pattern modifier must be directly applied to pattern variable name,,,
test/ASTGenParity/Parse/missing/pattern_borrow_bindings.swift,missing,50,10,warning,borrowing_syntax_change,'borrowing' in pattern matches is deprecated; use 'let',,,
test/ASTGenParity/Parse/missing/pattern_borrow_bindings.swift,missing,53,10,warning,borrowing_syntax_change,'borrowing' in pattern matches is deprecated; use 'let',,,
test/ASTGenParity/Parse/passing/pattern_without_variables.swift,matched,42,14,error,getset_nontrivial_pattern,getter/setter can only be defined for a single variable,error,getter/setter can only be defined for a single variable,
test/ASTGenParity/Parse/passing/pattern_without_variables_reference_bindings.swift,matched,52,14,error,getset_nontrivial_pattern,getter/setter can only be defined for a single variable,error,getter/setter can only be defined for a single variable,
test/ASTGenParity/Parse/extra/pound_assert.swift,message-differs,3,15,error,pound_assert_expected_string_literal,expected a string literal,error,expected string literal,
test/ASTGenParity/Parse/extra/pound_assert.swift,message-differs,5,15,error,forbidden_interpolated_string,'#assert' message cannot be an interpolated string literal,error,argument cannot be an interpolated string literal,
test/ASTGenParity/Parse/extra/pound_assert.swift,message-differs,9,9,error,pound_assert_expected_expression,expected a condition expression,error,expected value in macro expansion,
test/ASTGenParity/Parse/extra/pound_assert.swift,matched,12,10,note,opening_paren,to match this opening '(',note,to match this opening '(',
test/ASTGenParity/Parse/extra/pound_assert.swift,matched,17,10,note,opening_paren,to match this opening '(',note,to match this opening '(',
test/ASTGenParity/Parse/extra/pound_assert.swift,wrong-column,7,9,error,pound_assert_expected_lparen,expected '(' in #assert directive,error,consecutive statements on a line must be separated by newline or ';',
test/ASTGenParity/Parse/extra/pound_assert.swift,wrong-column,12,15,error,pound_assert_expected_rparen,expected ')' in #assert directive,error,expected ')' to end macro expansion,
test/ASTGenParity/Parse/extra/pound_assert.swift,wrong-column,17,30,error,pound_assert_expected_rparen,expected ')' in #assert directive,error,expected ')' to end macro expansion,
test/ASTGenParity/Parse/extra/pound_assert.swift,extra,7,8,,,,note,insert newline,
test/ASTGenParity/Parse/extra/pound_assert.swift,extra,7,8,,,,note,insert ';',
test/ASTGenParity/Parse/extra/pound_assert.swift,extra,7,13,,,,error,"unexpected code ', ""error message"")' in source file",
test/ASTGenParity/Parse/extra/pound_assert.swift,extra,9,9,,,,note,insert value,
test/ASTGenParity/Parse/extra/pound_assert.swift,extra,12,70,,,,note,insert ')',
test/ASTGenParity/Parse/extra/pound_assert.swift,extra,17,85,,,,note,insert ')',
test/ASTGenParity/Parse/mixed/raw_string_errors.swift,matched,3,22,error,lex_invalid_closing_delimiter,too many '#' characters in closing delimiter,error,too many '#' characters in closing delimiter,
test/ASTGenParity/Parse/mixed/raw_string_errors.swift,message-differs,8,13,error,lex_invalid_escape_delimiter,too many '#' characters in delimited escape,error,too many '#' characters to start string interpolation,
test/ASTGenParity/Parse/mixed/raw_string_errors.swift,matched,12,26,error,lex_invalid_closing_delimiter,too many '#' characters in closing delimiter,error,too many '#' characters in closing delimiter,
test/ASTGenParity/Parse/mixed/raw_string_errors.swift,matched,20,24,error,lex_invalid_closing_delimiter,too many '#' characters in closing delimiter,error,too many '#' characters in closing delimiter,
test/ASTGenParity/Parse/mixed/raw_string_errors.swift,matched,25,14,error,lex_illegal_multiline_string_start,multi-line string literal content must begin on a new line,error,multi-line string literal content must begin on a new line,
test/ASTGenParity/Parse/mixed/raw_string_errors.swift,matched,27,5,error,lex_illegal_multiline_string_end,multi-line string literal closing delimiter must begin on a new line,error,multi-line string literal closing delimiter must begin on a new line,
test/ASTGenParity/Parse/mixed/raw_string_errors.swift,matched,31,13,error,lex_illegal_multiline_string_start,multi-line string literal content must begin on a new line,error,multi-line string literal content must begin on a new line,
test/ASTGenParity/Parse/mixed/raw_string_errors.swift,matched,35,15,error,lex_illegal_multiline_string_start,multi-line string literal content must begin on a new line,error,multi-line string literal content must begin on a new line,
test/ASTGenParity/Parse/mixed/raw_string_errors.swift,wrong-column,17,9,error,lex_unterminated_string,unterminated string literal,error,"expected '""####' to end string literal",
test/ASTGenParity/Parse/mixed/raw_string_errors.swift,wrong-severity,3,22,error,expected_separator,"expected ',' separator",note,remove extraneous delimiters,
test/ASTGenParity/Parse/mixed/raw_string_errors.swift,wrong-severity,8,13,error,lex_invalid_escape,invalid escape sequence in literal,note,remove extraneous delimiters,
test/ASTGenParity/Parse/mixed/raw_string_errors.swift,wrong-severity,12,26,error,statement_same_line_without_semi,consecutive statements on a line must be separated by ';',note,remove extraneous delimiters,
test/ASTGenParity/Parse/mixed/raw_string_errors.swift,wrong-severity,20,24,error,statement_same_line_without_semi,consecutive statements on a line must be separated by ';',note,remove extraneous delimiters,
test/ASTGenParity/Parse/mixed/raw_string_errors.swift,missing,3,23,error,macro_expansion_expr_expected_macro_identifier,expected a macro identifier for a pound literal expression,,,
test/ASTGenParity/Parse/mixed/raw_string_errors.swift,missing,12,27,error,macro_expansion_expr_expected_macro_identifier,expected a macro identifier for a pound literal expression,,,
test/ASTGenParity/Parse/mixed/raw_string_errors.swift,missing,20,25,error,macro_expansion_expr_expected_macro_identifier,expected a macro identifier for a pound literal expression,,,
test/ASTGenParity/Parse/mixed/raw_string_errors.swift,extra,17,25,,,,note,"insert '""####'",
test/ASTGenParity/Parse/mixed/raw_string_errors.swift,extra,25,14,,,,note,insert newline,
test/ASTGenParity/Parse/mixed/raw_string_errors.swift,extra,27,5,,,,note,insert newline,
test/ASTGenParity/Parse/mixed/raw_string_errors.swift,extra,31,13,,,,note,insert newline,
test/ASTGenParity/Parse/mixed/raw_string_errors.swift,extra,35,15,,,,note,insert newline,
test/ASTGenParity/Parse/ifconfig/rdar129195380.swift,message-differs,8,3,error,unexpected_rbrace_in_conditional_compilation_block,unexpected '}' in conditional compilation block,error,unexpected brace in conditional compilation clause,in_ifconfig_clause
test/ASTGenParity/Parse/ifconfig/rdar129195380.swift,matched,23,10,note,opening_brace,to match this opening '{',note,to match this opening '{',
test/ASTGenParity/Parse/ifconfig/rdar129195380.swift,message-differs,25,3,error,unexpected_rbrace_in_conditional_compilation_block,unexpected '}' in conditional compilation block,error,unexpected brace in conditional compilation clause,in_ifconfig_clause
test/ASTGenParity/Parse/ifconfig/rdar129195380.swift,message-differs,31,3,error,unexpected_rbrace_in_conditional_compilation_block,unexpected '}' in conditional compilation block,error,unexpected brace in conditional compilation clause,in_ifconfig_clause
test/ASTGenParity/Parse/ifconfig/rdar129195380.swift,missing,49,1,error,expected_close_to_if_directive,expected #else or #endif at end of conditional compilation block,,,at_eof
test/ASTGenParity/Parse/ifconfig/rdar129195380.swift,missing,49,1,error,expected_rbrace_struct,expected '}' in struct,,,at_eof
test/ASTGenParity/Parse/ifconfig/rdar129195380.swift,extra,10,14,,,,note,to match this opening '{',in_ifconfig_clause
test/ASTGenParity/Parse/ifconfig/rdar129195380.swift,extra,10,15,,,,error,expected '}' to end function,in_ifconfig_clause
test/ASTGenParity/Parse/ifconfig/rdar129195380.swift,extra,10,15,,,,note,insert '}',in_ifconfig_clause
test/ASTGenParity/Parse/ifconfig/rdar129195380.swift,extra,12,3,,,,error,unexpected brace in conditional compilation clause,in_ifconfig_clause
test/ASTGenParity/Parse/ifconfig/rdar129195380.swift,extra,14,3,,,,error,unexpected brace in conditional compilation clause,in_ifconfig_clause
test/ASTGenParity/Parse/ifconfig/rdar129195380.swift,extra,27,3,,,,error,unexpected brace in conditional compilation clause,in_ifconfig_clause
test/ASTGenParity/Parse/ifconfig/rdar129195380.swift,extra,29,3,,,,error,unexpected brace in conditional compilation clause,in_ifconfig_clause
test/ASTGenParity/Parse/ifconfig/rdar129195380.swift,extra,34,1,,,,error,unexpected brace in conditional compilation clause,in_ifconfig_clause
test/ASTGenParity/Parse/ifconfig/rdar129195380.swift,extra,36,15,,,,error,expected '#endif' in conditional compilation block,in_ifconfig_clause
test/ASTGenParity/Parse/ifconfig/rdar129195380.swift,extra,36,15,,,,note,insert '#endif',in_ifconfig_clause
test/ASTGenParity/Parse/ifconfig/rdar129195380.swift,extra,36,15,,,,error,expected '}' to end struct,in_ifconfig_clause
test/ASTGenParity/Parse/ifconfig/rdar129195380.swift,extra,36,15,,,,note,insert '}',in_ifconfig_clause
test/ASTGenParity/Parse/missing/recovery.swift,message-differs,11,3,error,expected_expr,expected expression,error,"unexpected code ') this line is invalid, but we will stop at the keyword below...' in function",
test/ASTGenParity/Parse/missing/recovery.swift,message-differs,17,3,error,expected_expr,expected expression,error,"unexpected code ') this line is invalid, but we will stop at the declaration...' in function",
test/ASTGenParity/Parse/missing/recovery.swift,matched,29,20,note,opening_angle,to match this opening '<',note,to match this opening '<',
test/ASTGenParity/Parse/missing/recovery.swift,message-differs,29,25,error,expected_rangle_generic_arg_list,expected '>' to complete generic argument list,error,expected '=' in variable,
test/ASTGenParity/Parse/missing/recovery.swift,message-differs,45,1,error,extra_rbrace,extraneous '}' at top level,error,unexpected brace in source file,
test/ASTGenParity/Parse/missing/recovery.swift,message-differs,169,6,error,expected_pattern,expected pattern,error,"expected pattern, 'in', and expression in 'for' statement",
test/ASTGenParity/Parse/missing/recovery.swift,message-differs,169,6,error,expected_foreach_container,expected Sequence expression for for-each loop,error,expected '{' in 'for' statement,
test/ASTGenParity/Parse/missing/recovery.swift,message-differs,173,7,error,expected_pattern,expected pattern,error,"expected pattern, 'in', and expression in 'for' statement",
test/ASTGenParity/Parse/missing/recovery.swift,message-differs,178,6,error,expected_pattern,expected pattern,error,"expected pattern, 'in', and expression in 'for' statement",
test/ASTGenParity/Parse/missing/recovery.swift,message-differs,184,9,error,expected_foreach_in,expected 'in' after for-each pattern,error,expected 'in' and expression in 'for' statement,
test/ASTGenParity/Parse/missing/recovery.swift,message-differs,189,13,error,expected_foreach_in,expected 'in' after for-each pattern,error,expected 'in' and expression in 'for' statement,
test/ASTGenParity/Parse/missing/recovery.swift,message-differs,194,7,error,expected_pattern,expected pattern,error,keyword 'in' cannot be used as an identifier here,
test/ASTGenParity/Parse/missing/recovery.swift,message-differs,194,10,error,expected_foreach_container,expected Sequence expression for for-each loop,error,expected 'in' and expression in 'for' statement,
test/ASTGenParity/Parse/missing/recovery.swift,message-differs,198,7,error,expected_pattern,expected pattern,error,expected pattern and 'in' in 'for' statement,
test/ASTGenParity/Parse/missing/recovery.swift,message-differs,204,7,error,expected_pattern,expected pattern,error,keyword 'for' cannot be used as an identifier here,
test/ASTGenParity/Parse/missing/recovery.swift,matched,207,12,error,expected_foreach_container,expected Sequence expression for for-each loop,error,expected Sequence expression for for-each loop,
test/ASTGenParity/Parse/missing/recovery.swift,message-differs,217,6,error,expected_pattern,expected pattern,error,"expected pattern, 'in', and expression in 'for' statement",in_ifconfig_clause
test/ASTGenParity/Parse/missing/recovery.swift,message-differs,217,6,note,opening_brace,to match this opening '{',note,"insert pattern, 'in', and expression",in_ifconfig_clause
test/ASTGenParity/Parse/missing/recovery.swift,matched,217,7,note,opening_brace,to match this opening '{',note,to match this opening '{',in_ifconfig_clause
test/ASTGenParity/Parse/missing/recovery.swift,message-differs,223,6,error,expected_pattern,expected pattern,error,"expected pattern, 'in', and expression in 'for' statement",in_ifconfig_clause
test/ASTGenParity/Parse/missing/recovery.swift,message-differs,231,21,error,expected_foreach_lbrace,expected '{' to start the body of for-each loop,error,unexpected code 'whe' in 'for' statement,
test/ASTGenParity/Parse/missing/recovery.swift,matched,244,10,error,expected_switch_expr,expected expression in 'switch' statement,error,expected expression in 'switch' statement,
test/ASTGenParity/Parse/missing/recovery.swift,matched,691,8,error,initializer_has_name,initializers cannot have a name,error,initializers cannot have a name,
test/ASTGenParity/Parse/missing/recovery.swift,matched,695,8,error,initializer_has_name,initializers cannot have a name,error,initializers cannot have a name,
test/ASTGenParity/Parse/missing/recovery.swift,matched,696,9,error,initializer_has_name,initializers cannot have a name,error,initializers cannot have a name,
test/ASTGenParity/Parse/missing/recovery.swift,matched,697,8,error,initializer_has_name,initializers cannot have a name,error,initializers cannot have a name,
test/ASTGenParity/Parse/missing/recovery.swift,matched,698,9,error,initializer_has_name,initializers cannot have a name,error,initializers cannot have a name,
test/ASTGenParity/Parse/missing/recovery.swift,message-differs,716,9,error,expected_prefix_operator,unary operator cannot be separated from its operand,error,unexpected code in function,
test/ASTGenParity/Parse/missing/recovery.swift,matched,724,16,error,expected_comma_stmtcondition,"expected ',' joining parts of a multi-clause condition",error,"expected ',' joining parts of a multi-clause condition",
test/ASTGenParity/Parse/missing/recovery.swift,message-differs,733,17,error,expected_binding_keyword,expected 'var' in conditional,error,expected 'var' in optional binding,
test/ASTGenParity/Parse/missing/recovery.swift,message-differs,746,8,error,statement_same_line_without_semi,consecutive statements on a line must be separated by ';',error,unexpected code '? = e' in function,
test/ASTGenParity/Parse/missing/recovery.swift,matched,752,16,error,string_literal_no_atsign,string literals in Swift are not preceded by an '@' sign,error,string literals in Swift are not preceded by an '@' sign,
test/ASTGenParity/Parse/missing/recovery.swift,message-differs,757,20,error,lex_invalid_curly_quote,"unicode curly quote found, replace with '""'",error,"unicode curly quote found; use '""' instead",
test/ASTGenParity/Parse/missing/recovery.swift,message-differs,760,20,error,lex_invalid_curly_quote,"unicode curly quote found, replace with '""'",error,"unicode curly quote found; use '""' instead",
test/ASTGenParity/Parse/missing/recovery.swift,matched,764,5,error,lex_invalid_character,invalid character in source file,error,invalid character in source file,
test/ASTGenParity/Parse/missing/recovery.swift,matched,788,8,error,lex_unary_equal,'=' must have consistent whitespace on both sides,error,'=' must have consistent whitespace on both sides,
test/ASTGenParity/Parse/missing/recovery.swift,matched,793,13,error,lex_unary_equal,'=' must have consistent whitespace on both sides,error,'=' must have consistent whitespace on both sides,
test/ASTGenParity/Parse/missing/recovery.swift,matched,794,20,error,lex_unary_equal,'=' must have consistent whitespace on both sides,error,'=' must have consistent whitespace on both sides,
test/ASTGenParity/Parse/missing/recovery.swift,matched,826,16,error,identifier_within_operator_name,'·' is considered an identifier and must not appear within an operator name,error,'·' is considered an identifier and must not appear within an operator name,
test/ASTGenParity/Parse/missing/recovery.swift,message-differs,830,17,error,operator_name_invalid_char,'@' is not allowed in operator names,error,'@-class' is not allowed in operator names,
test/ASTGenParity/Parse/missing/recovery.swift,message-differs,831,18,error,identifier_within_operator_name,'фф' is considered an identifier and must not appear within an operator name,error,'фф--class' is not allowed in operator names,
test/ASTGenParity/Parse/missing/recovery.swift,matched,838,14,note,opening_bracket,to match this opening '[',note,to match this opening '[',
test/ASTGenParity/Parse/missing/recovery.swift,message-differs,838,16,error,expected_rsquare_expr_list,expected ']' in expression list,error,expected ']' to end subscript,
test/ASTGenParity/Parse/missing/recovery.swift,matched,845,8,error,extra_whitespace_period,extraneous whitespace after '.' is not permitted,error,extraneous whitespace after '.' is not permitted,
test/ASTGenParity/Parse/missing/recovery.swift,matched,859,21,error,expected_assignment_instead_of_comparison_operator,expected '=' instead of '==' to assign default value for parameter,error,expected '=' instead of '==' to assign default value for parameter,
test/ASTGenParity/Parse/missing/recovery.swift,matched,862,43,error,requires_comma,"expected ',' to separate the requirements of this 'where' clause",error,"expected ',' to separate the requirements of this 'where' clause",
test/ASTGenParity/Parse/missing/recovery.swift,message-differs,866,3,error,expected_expr,expected expression,error,unexpected code '?(' in function,
test/ASTGenParity/Parse/missing/recovery.swift,message-differs,872,16,error,expected_pattern,expected pattern,error,"expected pattern, '=', and expression in pattern matching",
test/ASTGenParity/Parse/missing/recovery.swift,message-differs,872,16,error,conditional_var_initializer_required,variable binding in a condition requires an initializer,error,expected '{' in 'if' statement,
test/ASTGenParity/Parse/missing/recovery.swift,matched,875,24,error,expected_lbrace_or_if_after_else,expected '{' or 'if' after 'else',error,expected '{' or 'if' after 'else',
test/ASTGenParity/Parse/missing/recovery.swift,wrong-column,82,3,error,missing_condition_after_if,missing condition in 'if' statement,error,missing condition in 'if' statement,
test/ASTGenParity/Parse/missing/recovery.swift,wrong-column,83,4,error,expected_lbrace_after_if,expected '{' after 'if' condition,error,expected '{' in 'if' statement,
test/ASTGenParity/Parse/missing/recovery.swift,wrong-column,88,3,error,missing_condition_after_if,missing condition in 'if' statement,error,missing condition in 'if' statement,
test/ASTGenParity/Parse/missing/recovery.swift,wrong-column,93,10,error,missing_condition_after_if,missing condition in 'if' statement,error,missing condition in 'if' statement,
test/ASTGenParity/Parse/missing/recovery.swift,wrong-column,98,3,error,missing_condition_after_if,missing condition in 'if' statement,error,missing condition in 'if' statement,
test/ASTGenParity/Parse/missing/recovery.swift,wrong-column,101,3,error,missing_condition_after_if,missing condition in 'if' statement,error,missing condition in 'if' statement,
test/ASTGenParity/Parse/missing/recovery.swift,wrong-column,105,3,error,missing_condition_after_if,missing condition in 'if' statement,error,missing condition in 'if' statement,
test/ASTGenParity/Parse/missing/recovery.swift,wrong-column,109,8,error,expected_condition_while,"expected expression, var, or let in 'while' condition",error,expected expression in 'while' statement,
test/ASTGenParity/Parse/missing/recovery.swift,wrong-column,111,3,error,missing_condition_after_while,missing condition in 'while' statement,error,missing condition in 'while' statement,
test/ASTGenParity/Parse/missing/recovery.swift,wrong-column,114,3,error,missing_condition_after_while,missing condition in 'while' statement,error,missing condition in 'while' statement,
test/ASTGenParity/Parse/missing/recovery.swift,wrong-column,120,3,error,missing_condition_after_while,missing condition in 'while' statement,error,missing condition in 'while' statement,
test/ASTGenParity/Parse/missing/recovery.swift,wrong-column,123,3,error,missing_condition_after_while,missing condition in 'while' statement,error,missing condition in 'while' statement,
test/ASTGenParity/Parse/missing/recovery.swift,wrong-column,127,3,error,missing_condition_after_while,missing condition in 'while' statement,error,missing condition in 'while' statement,
test/ASTGenParity/Parse/missing/recovery.swift,wrong-column,144,3,error,expected_while_after_repeat_body,expected 'while' after body of 'repeat' statement,error,expected 'while' and condition in 'repeat' statement,
test/ASTGenParity/Parse/missing/recovery.swift,wrong-column,150,3,error,c_style_for_stmt_removed,C-style for statement was removed in Swift 3,error,"expected pattern, 'in', and expression in 'for' statement",
test/ASTGenParity/Parse/missing/recovery.swift,wrong-column,153,3,error,c_style_for_stmt_removed,C-style for statement was removed in Swift 3,error,"expected pattern, 'in', and expression in 'for' statement",
test/ASTGenParity/Parse/missing/recovery.swift,wrong-column,157,3,error,c_style_for_stmt_removed,C-style for statement was removed in Swift 3,error,"expected pattern, 'in', and expression in 'for' statement",
test/ASTGenParity/Parse/missing/recovery.swift,wrong-column,160,3,error,c_style_for_stmt_removed,C-style for statement was removed in Swift 3,error,expected 'in' and expression in 'for' statement,
test/ASTGenParity/Parse/missing/recovery.swift,wrong-column,204,7,error,expected_foreach_container,expected Sequence expression for for-each loop,error,expected Sequence expression for for-each loop,
test/ASTGenParity/Parse/missing/recovery.swift,wrong-column,217,6,error,expected_foreach_container,expected Sequence expression for for-each loop,error,expected '}' to end closure,in_ifconfig_clause
test/ASTGenParity/Parse/missing/recovery.swift,wrong-column,237,6,error,expected_pattern,expected pattern,error,"expected pattern, 'in', and expression in 'for' statement",
test/ASTGenParity/Parse/missing/recovery.swift,wrong-column,237,6,error,expected_foreach_container,expected Sequence expression for for-each loop,error,expected '{' in 'for' statement,
test/ASTGenParity/Parse/missing/recovery.swift,wrong-column,238,4,error,expected_foreach_lbrace,expected '{' to start the body of for-each loop,error,standalone ';' statements are not allowed,
test/ASTGenParity/Parse/missing/recovery.swift,wrong-column,245,4,error,expected_lbrace_after_switch,expected '{' after 'switch' subject expression,error,expected '{' in 'switch' statement,
test/ASTGenParity/Parse/missing/recovery.swift,wrong-column,248,9,error,expected_switch_expr,expected expression in 'switch' statement,error,unexpected code before conditional compilation clause,
test/ASTGenParity/Parse/missing/recovery.swift,wrong-column,688,16,error,initializer_decl_wrong_scope,initializers may only be declared within a type,error,unexpected code 'func F() { init<( } )' in 'switch' statement,
test/ASTGenParity/Parse/missing/recovery.swift,wrong-column,702,8,error,expected_lparen_initializer,expected '(' for initializer parameters,error,expected '(' to start parameter clause,
test/ASTGenParity/Parse/missing/recovery.swift,wrong-column,789,9,error,lex_unary_equal,'=' must have consistent whitespace on both sides,error,'=' must have consistent whitespace on both sides,
test/ASTGenParity/Parse/missing/recovery.swift,wrong-column,846,8,error,expected_member_name,expected member name following '.',error,expected name in member access,
test/ASTGenParity/Parse/missing/recovery.swift,wrong-column,847,6,error,expected_member_name,expected member name following '.',error,expected name in member access,
test/ASTGenParity/Parse/missing/recovery.swift,wrong-column,852,27,error,expected_member_name,expected member name following '.',error,expected name in member access,
test/ASTGenParity/Parse/missing/recovery.swift,wrong-column,883,1,error,expected_decl,expected declaration,error,expected '}' to end function,
test/ASTGenParity/Parse/missing/recovery.swift,wrong-severity,169,6,error,expected_foreach_lbrace,expected '{' to start the body of for-each loop,note,"insert pattern, 'in', and expression",
test/ASTGenParity/Parse/missing/recovery.swift,wrong-severity,173,7,error,expected_foreach_container,expected Sequence expression for for-each loop,note,"insert pattern, 'in', and expression",
test/ASTGenParity/Parse/missing/recovery.swift,wrong-severity,178,6,error,expected_foreach_container,expected Sequence expression for for-each loop,note,"insert pattern, 'in', and expression",
test/ASTGenParity/Parse/missing/recovery.swift,wrong-severity,184,9,error,expected_foreach_container,expected Sequence expression for for-each loop,note,insert 'in' and expression,
test/ASTGenParity/Parse/missing/recovery.swift,wrong-severity,189,13,error,expected_foreach_container,expected Sequence expression for for-each loop,note,insert 'in' and expression,
test/ASTGenParity/Parse/missing/recovery.swift,wrong-severity,204,7,error,expected_foreach_lbrace,expected '{' to start the body of for-each loop,note,"if this name is unavoidable, use backticks to escape it",
test/ASTGenParity/Parse/missing/recovery.swift,wrong-severity,223,6,error,expected_foreach_container,expected Sequence expression for for-each loop,note,"insert pattern, 'in', and expression",in_ifconfig_clause
test/ASTGenParity/Parse/missing/recovery.swift,wrong-severity,872,16,error,expected_lbrace_after_if,expected '{' after 'if' condition,note,"insert pattern, '=', and expression",
test/ASTGenParity/Parse/missing/recovery.swift,missing,66,8,error,static_func_decl_global_scope,static methods may only be declared on a type,,,
test/ASTGenParity/Parse/missing/recovery.swift,missing,68,15,error,decl_not_static,declaration cannot be marked 'static',,,
test/ASTGenParity/Parse/missing/recovery.swift,missing,69,14,error,decl_not_static,declaration cannot be marked 'static',,,
test/ASTGenParity/Parse/missing/recovery.swift,missing,70,17,error,decl_not_static,declaration cannot be marked 'static',,,
test/ASTGenParity/Parse/missing/recovery.swift,missing,71,18,error,decl_not_static,declaration cannot be marked 'static',,,
test/ASTGenParity/Parse/missing/recovery.swift,missing,98,14,error,statement_same_line_without_semi,consecutive statements on a line must be separated by ';',,,
test/ASTGenParity/Parse/missing/recovery.swift,missing,101,14,error,statement_same_line_without_semi,consecutive statements on a line must be separated by ';',,,
test/ASTGenParity/Parse/missing/recovery.swift,missing,101,16,error,statement_same_line_without_semi,consecutive statements on a line must be separated by ';',,,
test/ASTGenParity/Parse/missing/recovery.swift,missing,120,17,error,statement_same_line_without_semi,consecutive statements on a line must be separated by ';',,,
test/ASTGenParity/Parse/missing/recovery.swift,missing,123,17,error,statement_same_line_without_semi,consecutive statements on a line must be separated by ';',,,
test/ASTGenParity/Parse/missing/recovery.swift,missing,123,19,error,statement_same_line_without_semi,consecutive statements on a line must be separated by ';',,,
test/ASTGenParity/Parse/missing/recovery.swift,missing,132,5,error,missing_condition_after_while,missing condition in 'while' statement,,,
test/ASTGenParity/Parse/missing/recovery.swift,missing,138,5,error,missing_condition_after_while,missing condition in 'while' statement,,,
test/ASTGenParity/Parse/missing/recovery.swift,missing,138,10,error,statement_same_line_without_semi,consecutive statements on a line must be separated by ';',,,
test/ASTGenParity/Parse/missing/recovery.swift,missing,218,1,error,expected_closure_rbrace,expected '}' at end of closure,,,ifconfig_condition
test/ASTGenParity/Parse/missing/recovery.swift,missing,218,1,error,expected_rbrace_in_brace_stmt,expected '}' at end of brace statement,,,ifconfig_condition
test/ASTGenParity/Parse/missing/recovery.swift,missing,252,10,error,expected_switch_expr,expected expression in 'switch' statement,,,
test/ASTGenParity/Parse/missing/recovery.swift,missing,256,10,error,expected_switch_expr,expected expression in 'switch' statement,,,
test/ASTGenParity/Parse/missing/recovery.swift,missing,261,10,error,expected_switch_expr,expected expression in 'switch' statement,,,
test/ASTGenParity/Parse/missing/recovery.swift,missing,261,12,error,stmt_in_switch_not_covered_by_case,all statements inside a switch must be covered by a 'case' or 'default',,,
test/ASTGenParity/Parse/missing/recovery.swift,missing,261,16,error,statement_same_line_without_semi,consecutive statements on a line must be separated by ';',,,
test/ASTGenParity/Parse/missing/recovery.swift,missing,262,5,error,case_outside_of_switch,'case' label can only appear inside a 'switch' statement,,,
test/ASTGenParity/Parse/missing/recovery.swift,missing,265,10,error,expected_switch_expr,expected expression in 'switch' statement,,,
test/ASTGenParity/Parse/missing/recovery.swift,missing,265,12,error,stmt_in_switch_not_covered_by_case,all statements inside a switch must be covered by a 'case' or 'default',,,
test/ASTGenParity/Parse/missing/recovery.swift,missing,265,16,error,statement_same_line_without_semi,consecutive statements on a line must be separated by ';',,,
test/ASTGenParity/Parse/missing/recovery.swift,missing,265,18,error,statement_same_line_without_semi,consecutive statements on a line must be separated by ';',,,
test/ASTGenParity/Parse/missing/recovery.swift,missing,266,5,error,case_outside_of_switch,'case' label can only appear inside a 'switch' statement,,,
test/ASTGenParity/Parse/missing/recovery.swift,missing,272,23,error,expected_lbrace_struct,expected '{' in struct,,,
test/ASTGenParity/Parse/missing/recovery.swift,missing,273,20,error,expected_lbrace_enum,expected '{' in enum,,,
test/ASTGenParity/Parse/missing/recovery.swift,missing,274,21,error,expected_lbrace_class,expected '{' in class,,,
test/ASTGenParity/Parse/missing/recovery.swift,missing,275,27,error,expected_lbrace_protocol,expected '{' in protocol type,,,
test/ASTGenParity/Parse/missing/recovery.swift,missing,276,26,error,expected_lbrace_extension,expected '{' in extension,,,
test/ASTGenParity/Parse/missing/recovery.swift,missing,278,23,error,expected_lbrace_struct,expected '{' in struct,,,
test/ASTGenParity/Parse/missing/recovery.swift,missing,279,20,error,expected_lbrace_enum,expected '{' in enum,,,
test/ASTGenParity/Parse/missing/recovery.swift,missing,280,21,error,expected_lbrace_class,expected '{' in class,,,
test/ASTGenParity/Parse/missing/recovery.swift,missing,281,27,error,expected_lbrace_protocol,expected '{' in protocol type,,,
test/ASTGenParity/Parse/missing/recovery.swift,missing,282,26,error,expected_lbrace_extension,expected '{' in extension,,,
test/ASTGenParity/Parse/missing/recovery.swift,missing,286,16,error,repeated_identifier,found an unexpected second identifier in protocol declaration; is there an accidental break?,,,
test/ASTGenParity/Parse/missing/recovery.swift,missing,286,16,note,join_identifiers,join the identifiers together,,,
test/ASTGenParity/Parse/missing/recovery.swift,missing,286,16,note,join_identifiers_camel_case,join the identifiers together with camel-case,,,
test/ASTGenParity/Parse/missing/recovery.swift,missing,291,11,error,repeated_identifier,found an unexpected second identifier in class declaration; is there an accidental break?,,,
test/ASTGenParity/Parse/missing/recovery.swift,missing,291,11,note,join_identifiers,join the identifiers together,,,
test/ASTGenParity/Parse/missing/recovery.swift,missing,295,9,error,repeated_identifier,found an unexpected second identifier in enum declaration; is there an accidental break?,,,
test/ASTGenParity/Parse/missing/recovery.swift,missing,295,9,note,join_identifiers,join the identifiers together,,,
test/ASTGenParity/Parse/missing/recovery.swift,missing,299,10,error,repeated_identifier,found an unexpected second identifier in enum 'case' declaration; is there an accidental break?,,,
test/ASTGenParity/Parse/missing/recovery.swift,missing,299,10,note,join_identifiers,join the identifiers together,,,
test/ASTGenParity/Parse/missing/recovery.swift,missing,299,10,note,join_identifiers_camel_case,join the identifiers together with camel-case,,,
test/ASTGenParity/Parse/missing/recovery.swift,missing,307,11,error,repeated_identifier,found an unexpected second identifier in struct declaration; is there an accidental break?,,,
test/ASTGenParity/Parse/missing/recovery.swift,missing,307,11,note,join_identifiers,join the identifiers together,,,
test/ASTGenParity/Parse/missing/recovery.swift,missing,311,17,error,repeated_identifier,found an unexpected second identifier in variable declaration; is there an accidental break?,,,
test/ASTGenParity/Parse/missing/recovery.swift,missing,311,17,note,join_identifiers,join the identifiers together,,,
test/ASTGenParity/Parse/missing/recovery.swift,missing,311,17,note,join_identifiers_camel_case,join the identifiers together with camel-case,,,
test/ASTGenParity/Parse/missing/recovery.swift,missing,318,11,error,repeated_identifier,found an unexpected second identifier in variable declaration; is there an accidental break?,,,
test/ASTGenParity/Parse/missing/recovery.swift,missing,318,11,note,join_identifiers,join the identifiers together,,,
test/ASTGenParity/Parse/missing/recovery.swift,missing,318,11,note,join_identifiers_camel_case,join the identifiers together with camel-case,,,
test/ASTGenParity/Parse/missing/recovery.swift,missing,328,10,error,repeated_identifier,found an unexpected second identifier in constant declaration; is there an accidental break?,,,
test/ASTGenParity/Parse/missing/recovery.swift,missing,328,10,note,join_identifiers,join the identifiers together,,,
test/ASTGenParity/Parse/missing/recovery.swift,missing,328,10,note,join_identifiers_camel_case,join the identifiers together with camel-case,,,
test/ASTGenParity/Parse/missing/recovery.swift,missing,339,11,error,expected_type,expected type,,,
test/ASTGenParity/Parse/missing/recovery.swift,missing,343,15,error,expected_member_name,expected member name following '.',,,
test/ASTGenParity/Parse/missing/recovery.swift,missing,348,16,error,expected_type,expected type,,,
test/ASTGenParity/Parse/missing/recovery.swift,missing,353,16,error,expected_type,expected type,,,
test/ASTGenParity/Parse/missing/recovery.swift,missing,358,15,note,opening_angle,to match this opening '<',,,
test/ASTGenParity/Parse/missing/recovery.swift,missing,358,19,error,expected_rangle_generic_arg_list,expected '>' to complete generic argument list,,,
test/ASTGenParity/Parse/missing/recovery.swift,missing,363,15,note,opening_angle,to match this opening '<',,,
test/ASTGenParity/Parse/missing/recovery.swift,missing,364,19,error,expected_rangle_generic_arg_list,expected '>' to complete generic argument list,,,
test/ASTGenParity/Parse/missing/recovery.swift,missing,370,20,error,expected_type,expected type,,,
test/ASTGenParity/Parse/missing/recovery.swift,missing,375,20,note,opening_angle,to match this opening '<',,,
test/ASTGenParity/Parse/missing/recovery.swift,missing,375,32,error,expected_rangle_protocol,expected '>' to complete protocol-constrained type,,,
test/ASTGenParity/Parse/missing/recovery.swift,missing,380,12,error,expected_type,expected type,,,
test/ASTGenParity/Parse/missing/recovery.swift,missing,385,20,note,opening_angle,to match this opening '<',,,
test/ASTGenParity/Parse/missing/recovery.swift,missing,385,32,error,expected_rangle_protocol,expected '>' to complete protocol-constrained type,,,
test/ASTGenParity/Parse/missing/recovery.swift,missing,390,33,error,expected_type,expected type,,,
test/ASTGenParity/Parse/missing/recovery.swift,missing,394,38,error,expected_type,expected type,,,
test/ASTGenParity/Parse/missing/recovery.swift,missing,395,37,note,opening_angle,to match this opening '<',,,
test/ASTGenParity/Parse/missing/recovery.swift,missing,395,39,error,expected_rangle_protocol,expected '>' to complete protocol-constrained type,,,
test/ASTGenParity/Parse/missing/recovery.swift,missing,399,40,error,expected_type,expected type,,,
test/ASTGenParity/Parse/missing/recovery.swift,missing,403,25,error,expected_identifier_for_type,expected identifier for type name,,,
test/ASTGenParity/Parse/missing/recovery.swift,missing,407,8,note,note_in_decl_of,in declaration of 'ErrorTypeInVarDecl13',,,
test/ASTGenParity/Parse/missing/recovery.swift,missing,408,11,error,declaration_same_line_without_semi,consecutive declarations on a line must be separated by ';',,,
test/ASTGenParity/Parse/missing/recovery.swift,missing,408,12,error,expected_type,expected type,,,
test/ASTGenParity/Parse/missing/recovery.swift,missing,408,12,error,expected_decl,expected declaration,,,
test/ASTGenParity/Parse/missing/recovery.swift,missing,413,25,error,expected_identifier_for_type,expected identifier for type name,,,
test/ASTGenParity/Parse/missing/recovery.swift,missing,417,43,error,expected_identifier_for_type,expected identifier for type name,,,
test/ASTGenParity/Parse/missing/recovery.swift,missing,420,35,error,expected_generics_parameter_name,expected an identifier to name generic parameter,,,
test/ASTGenParity/Parse/missing/recovery.swift,missing,420,35,error,expected_lbrace_struct,expected '{' in struct,,,
test/ASTGenParity/Parse/missing/recovery.swift,missing,422,34,note,opening_angle,to match this opening '<',,,
test/ASTGenParity/Parse/missing/recovery.swift,missing,422,36,error,expected_rangle_generics_param,expected '>' to complete generic parameter list,,,
test/ASTGenParity/Parse/missing/recovery.swift,missing,422,36,error,expected_lbrace_struct,expected '{' in struct,,,
test/ASTGenParity/Parse/missing/recovery.swift,missing,424,37,error,expected_generics_parameter_name,expected an identifier to name generic parameter,,,
test/ASTGenParity/Parse/missing/recovery.swift,missing,424,37,error,expected_lbrace_struct,expected '{' in struct,,,
test/ASTGenParity/Parse/missing/recovery.swift,missing,427,35,error,expected_generics_parameter_name,expected an identifier to name generic parameter,,,
test/ASTGenParity/Parse/missing/recovery.swift,missing,432,34,note,opening_angle,to match this opening '<',,,
test/ASTGenParity/Parse/missing/recovery.swift,missing,432,36,error,expected_rangle_generics_param,expected '>' to complete generic parameter list,,,
test/ASTGenParity/Parse/missing/recovery.swift,missing,437,37,error,expected_generics_parameter_name,expected an identifier to name generic parameter,,,
test/ASTGenParity/Parse/missing/recovery.swift,missing,442,17,error,expected_type_function_result,expected type for function result,,,
test/ASTGenParity/Parse/missing/recovery.swift,missing,447,15,error,new_array_syntax,array types are now written with the brackets around the element type,,,
test/ASTGenParity/Parse/missing/recovery.swift,missing,447,16,error,expected_expr_after_unary_operator,expected expression after unary operator,,,
test/ASTGenParity/Parse/missing/recovery.swift,missing,447,17,error,expected_expr,expected expression,,,
test/ASTGenParity/Parse/missing/recovery.swift,missing,454,15,note,opening_bracket,to match this opening '[',,,
test/ASTGenParity/Parse/missing/recovery.swift,missing,454,16,error,expected_prefix_operator,unary operator cannot be separated from its operand,,,
test/ASTGenParity/Parse/missing/recovery.swift,missing,454,17,error,expected_rbracket_array_type,expected ']' in array type,,,
test/ASTGenParity/Parse/missing/recovery.swift,missing,457,3,error,expected_expr,expected expression,,,
test/ASTGenParity/Parse/missing/recovery.swift,missing,461,15,note,opening_bracket,to match this opening '[',,,
test/ASTGenParity/Parse/missing/recovery.swift,missing,461,16,error,expected_rbracket_array_type,expected ']' in array type,,,
test/ASTGenParity/Parse/missing/recovery.swift,missing,463,3,error,expected_expr,expected expression,,,
test/ASTGenParity/Parse/missing/recovery.swift,missing,468,15,note,opening_bracket,to match this opening '[',,,
test/ASTGenParity/Parse/missing/recovery.swift,missing,468,17,error,expected_rbracket_array_type,expected ']' in array type,,,
test/ASTGenParity/Parse/missing/recovery.swift,missing,469,15,error,extra_rbracket,unexpected ']' in type; did you mean to write an array type?,,,
test/ASTGenParity/Parse/missing/recovery.swift,missing,473,8,note,note_in_decl_of,in declaration of 'ErrorTypeInVarDeclArrayType5',,,
test/ASTGenParity/Parse/missing/recovery.swift,missing,474,20,error,extra_rbracket,unexpected ']' in type; did you mean to write an array type?,,,
test/ASTGenParity/Parse/missing/recovery.swift,missing,475,14,note,opening_angle,to match this opening '<',,,
test/ASTGenParity/Parse/missing/recovery.swift,missing,475,18,error,expected_rangle_generic_arg_list,expected '>' to complete generic argument list,,,
test/ASTGenParity/Parse/missing/recovery.swift,missing,476,19,error,extra_rbracket,unexpected ']' in type; did you mean to write an array type?,,,
test/ASTGenParity/Parse/missing/recovery.swift,missing,477,14,error,extra_rbracket,unexpected ']' in type; did you mean to write an array type?,,,
test/ASTGenParity/Parse/missing/recovery.swift,missing,477,15,error,declaration_same_line_without_semi,consecutive declarations on a line must be separated by ';',,,
test/ASTGenParity/Parse/missing/recovery.swift,missing,477,15,error,expected_decl,expected declaration,,,
test/ASTGenParity/Parse/missing/recovery.swift,missing,479,15,error,extra_rbracket,unexpected ']' in type; did you mean to write an array type?,,,
test/ASTGenParity/Parse/missing/recovery.swift,missing,480,16,error,extra_rbracket,unexpected ']' in type; did you mean to write an array type?,,,
test/ASTGenParity/Parse/missing/recovery.swift,missing,481,24,error,extra_rbracket,unexpected ']' in type; did you mean to write an array type?,,,
test/ASTGenParity/Parse/missing/recovery.swift,missing,485,17,error,extra_colon,unexpected ':' in type; did you mean to write a dictionary type?,,,
test/ASTGenParity/Parse/missing/recovery.swift,missing,485,18,error,expected_dictionary_value_type,expected dictionary value type,,,
test/ASTGenParity/Parse/missing/recovery.swift,missing,487,17,error,extra_colon,unexpected ':' in type; did you mean to write a dictionary type?,,,
test/ASTGenParity/Parse/missing/recovery.swift,missing,488,17,error,extra_colon,unexpected ':' in type; did you mean to write a dictionary type?,,,
test/ASTGenParity/Parse/missing/recovery.swift,missing,489,17,error,extra_colon,unexpected ':' in type; did you mean to write a dictionary type?,,,
test/ASTGenParity/Parse/missing/recovery.swift,missing,493,20,note,opening_bracket,to match this opening '[',,,
test/ASTGenParity/Parse/missing/recovery.swift,missing,496,4,error,expected_rbracket_array_type,expected ']' in array type,,,
test/ASTGenParity/Parse/missing/recovery.swift,missing,497,20,error,extra_rbracket,unexpected ']' in type; did you mean to write an array type?,,,
test/ASTGenParity/Parse/missing/recovery.swift,missing,503,20,note,opening_bracket,to match this opening '[',,,
test/ASTGenParity/Parse/missing/recovery.swift,missing,503,23,error,expected_rbracket_array_type,expected ']' in array type,,,
test/ASTGenParity/Parse/missing/recovery.swift,missing,509,20,error,new_array_syntax,array types are now written with the brackets around the element type,,,
test/ASTGenParity/Parse/missing/recovery.swift,missing,515,20,error,new_array_syntax,array types are now written with the brackets around the element type,,,
test/ASTGenParity/Parse/missing/recovery.swift,missing,522,20,error,new_array_syntax,array types are now written with the brackets around the element type,,,
test/ASTGenParity/Parse/missing/recovery.swift,missing,528,8,note,note_in_decl_of,in declaration of 'ErrorInFunctionSignatureResultArrayType11',,,
test/ASTGenParity/Parse/missing/recovery.swift,missing,529,20,note,opening_bracket,to match this opening '[',,,
test/ASTGenParity/Parse/missing/recovery.swift,missing,529,24,error,expected_rbracket_array_type,expected ']' in array type,,,
test/ASTGenParity/Parse/missing/recovery.swift,missing,529,29,error,declaration_same_line_without_semi,consecutive declarations on a line must be separated by ';',,,
test/ASTGenParity/Parse/missing/recovery.swift,missing,529,29,error,expected_decl,expected declaration,,,
test/ASTGenParity/Parse/missing/recovery.swift,missing,536,17,error,expected_init_value,expected initial value after '=',,,
test/ASTGenParity/Parse/missing/recovery.swift,missing,542,4,error,expected_member_name,expected member name following '.',,,
test/ASTGenParity/Parse/missing/recovery.swift,missing,546,7,error,invalid_float_literal_missing_leading_zero,'.42' is not a valid floating point literal; it must be written '0.42',,,
test/ASTGenParity/Parse/missing/recovery.swift,missing,553,10,error,expected_member_name,expected member name following '.',,,
test/ASTGenParity/Parse/missing/recovery.swift,missing,560,8,note,note_in_decl_of,in declaration of 'BracesInsideNominalDecl1',,,
test/ASTGenParity/Parse/missing/recovery.swift,missing,561,3,error,expected_decl,expected declaration,,,
test/ASTGenParity/Parse/missing/recovery.swift,missing,573,5,error,expected_keyword_in_decl,expected 'func' keyword in instance method declaration,,,
test/ASTGenParity/Parse/missing/recovery.swift,missing,573,11,error,expected_parameter_name,expected parameter name followed by ':',,,
test/ASTGenParity/Parse/missing/recovery.swift,missing,579,5,error,expected_keyword_in_decl,expected 'func' keyword in instance method declaration,,,
test/ASTGenParity/Parse/missing/recovery.swift,missing,579,11,error,expected_parameter_name,expected parameter name followed by ':',,,
test/ASTGenParity/Parse/missing/recovery.swift,missing,589,3,error,expected_keyword_in_decl,expected 'func' keyword in instance method declaration,,,
test/ASTGenParity/Parse/missing/recovery.swift,missing,605,30,error,expected_colon_class,expected ':' to begin inheritance clause,,,
test/ASTGenParity/Parse/missing/recovery.swift,missing,608,30,error,expected_colon_class,expected ':' to begin inheritance clause,,,
test/ASTGenParity/Parse/missing/recovery.swift,missing,611,33,error,expected_colon_class,expected ':' to begin inheritance clause,,,
test/ASTGenParity/Parse/missing/recovery.swift,missing,614,30,error,expected_colon_class,expected ':' to begin inheritance clause,,,
test/ASTGenParity/Parse/missing/recovery.swift,missing,617,33,error,expected_colon_class,expected ':' to begin inheritance clause,,,
test/ASTGenParity/Parse/missing/recovery.swift,missing,620,30,error,expected_colon_class,expected ':' to begin inheritance clause,,,
test/ASTGenParity/Parse/missing/recovery.swift,missing,623,33,error,expected_colon_class,expected ':' to begin inheritance clause,,,
test/ASTGenParity/Parse/missing/recovery.swift,missing,637,46,error,expected_parameter_name,expected parameter name followed by ':',,,
test/ASTGenParity/Parse/missing/recovery.swift,missing,639,25,error,expected_parameter_name,expected parameter name followed by ':',,,
test/ASTGenParity/Parse/missing/recovery.swift,missing,644,46,error,expected_parameter_name,expected parameter name followed by ':',,,
test/ASTGenParity/Parse/missing/recovery.swift,missing,646,25,error,expected_parameter_name,expected parameter name followed by ':',,,
test/ASTGenParity/Parse/missing/recovery.swift,missing,655,11,error,parameter_unnamed,unnamed parameters must be written with the empty name '_',,,
test/ASTGenParity/Parse/missing/recovery.swift,missing,657,11,error,parameter_unnamed,unnamed parameters must be written with the empty name '_',,,
test/ASTGenParity/Parse/missing/recovery.swift,missing,665,14,error,expected_generics_parameter_name,expected an identifier to name generic parameter,,,
test/ASTGenParity/Parse/missing/recovery.swift,missing,665,14,error,expected_lbrace_class,expected '{' in class,,,
test/ASTGenParity/Parse/missing/recovery.swift,missing,667,1,error,extra_rbrace,extraneous '}' at top level,,,
test/ASTGenParity/Parse/missing/recovery.swift,missing,675,12,note,opening_bracket,to match this opening '[',,,in_ifconfig_clause
test/ASTGenParity/Parse/missing/recovery.swift,missing,675,16,error,statement_same_line_without_semi,consecutive statements on a line must be separated by ';',,,in_ifconfig_clause
test/ASTGenParity/Parse/missing/recovery.swift,missing,675,16,error,expected_expr,expected expression,,,in_ifconfig_clause
test/ASTGenParity/Parse/missing/recovery.swift,missing,676,3,error,expected_rbracket_array_type,expected ']' in array type,,,in_ifconfig_clause
test/ASTGenParity/Parse/missing/recovery.swift,missing,688,17,error,expected_generics_parameter_name,expected an identifier to name generic parameter,,,
test/ASTGenParity/Parse/missing/recovery.swift,missing,688,19,error,expected_lparen_initializer,expected '(' for initializer parameters,,,
test/ASTGenParity/Parse/missing/recovery.swift,missing,688,20,error,statement_same_line_without_semi,consecutive statements on a line must be separated by ';',,,
test/ASTGenParity/Parse/missing/recovery.swift,missing,688,21,error,expected_expr,expected expression,,,
test/ASTGenParity/Parse/missing/recovery.swift,missing,688,22,error,extra_rbrace,extraneous '}' at top level,,,
test/ASTGenParity/Parse/missing/recovery.swift,missing,716,8,error,statement_same_line_without_semi,consecutive statements on a line must be separated by ';',,,
test/ASTGenParity/Parse/missing/recovery.swift,missing,746,8,error,expected_expr,expected expression,,,
test/ASTGenParity/Parse/missing/recovery.swift,missing,757,35,error,lex_invalid_curly_quote,"unicode curly quote found, replace with '""'",,,
test/ASTGenParity/Parse/missing/recovery.swift,missing,881,1,note,note_in_extension_of,in extension of 'Outer.Inner<Never>',,,
test/ASTGenParity/Parse/missing/recovery.swift,extra,29,24,,,,error,expected '>' to end generic argument clause,
test/ASTGenParity/Parse/missing/recovery.swift,extra,29,24,,,,note,insert '>',
test/ASTGenParity/Parse/missing/recovery.swift,extra,29,25,,,,note,insert '=',
test/ASTGenParity/Parse/missing/recovery.swift,extra,29,38,,,,error,unexpected code 'this greater: >' in subscript,
test/ASTGenParity/Parse/missing/recovery.swift,extra,29,56,,,,error,expected expression after operator,
test/ASTGenParity/Parse/missing/recovery.swift,extra,29,56,,,,note,insert expression,
test/ASTGenParity/Parse/missing/recovery.swift,extra,29,56,,,,error,"unexpected code ', b : Int' in function",
test/ASTGenParity/Parse/missing/recovery.swift,extra,83,60,,,,note,insert '{',
test/ASTGenParity/Parse/missing/recovery.swift,extra,105,185,,,,error,expected '}' to end 'if' statement,
test/ASTGenParity/Parse/missing/recovery.swift,extra,105,185,,,,note,insert '}',
test/ASTGenParity/Parse/missing/recovery.swift,extra,109,84,,,,note,insert expression,
test/ASTGenParity/Parse/missing/recovery.swift,extra,109,84,,,,error,expected '{' in 'while' statement,
test/ASTGenParity/Parse/missing/recovery.swift,extra,109,84,,,,note,insert '{',
test/ASTGenParity/Parse/missing/recovery.swift,extra,127,193,,,,error,expected '}' to end 'while' statement,
test/ASTGenParity/Parse/missing/recovery.swift,extra,127,193,,,,note,insert '}',
test/ASTGenParity/Parse/missing/recovery.swift,extra,144,76,,,,note,insert 'while' and condition,
test/ASTGenParity/Parse/missing/recovery.swift,extra,150,7,,,,note,"insert pattern, 'in', and expression",
test/ASTGenParity/Parse/missing/recovery.swift,extra,150,7,,,,error,unexpected ';' separator,
test/ASTGenParity/Parse/missing/recovery.swift,extra,150,7,,,,note,remove ';',
test/ASTGenParity/Parse/missing/recovery.swift,extra,153,7,,,,note,"insert pattern, 'in', and expression",
test/ASTGenParity/Parse/missing/recovery.swift,extra,153,7,,,,error,unexpected ';' separator,
test/ASTGenParity/Parse/missing/recovery.swift,extra,153,7,,,,note,remove ';',
test/ASTGenParity/Parse/missing/recovery.swift,extra,157,7,,,,note,"insert pattern, 'in', and expression",
test/ASTGenParity/Parse/missing/recovery.swift,extra,157,7,,,,error,unexpected code '; true' in 'for' statement,
test/ASTGenParity/Parse/missing/recovery.swift,extra,160,13,,,,note,insert 'in' and expression,
test/ASTGenParity/Parse/missing/recovery.swift,extra,160,13,,,,error,unexpected code '= 0; true' in 'for' statement,
test/ASTGenParity/Parse/missing/recovery.swift,extra,169,6,,,,note,insert '{',
test/ASTGenParity/Parse/missing/recovery.swift,extra,194,7,,,,note,"if this name is unavoidable, use backticks to escape it",
test/ASTGenParity/Parse/missing/recovery.swift,extra,194,10,,,,note,insert 'in' and expression,
test/ASTGenParity/Parse/missing/recovery.swift,extra,198,7,,,,note,insert pattern and 'in',
test/ASTGenParity/Parse/missing/recovery.swift,extra,204,14,,,,note,insert expression,
test/ASTGenParity/Parse/missing/recovery.swift,extra,207,12,,,,note,insert expression,
test/ASTGenParity/Parse/missing/recovery.swift,extra,217,6,,,,note,to match this opening '{',in_ifconfig_clause
test/ASTGenParity/Parse/missing/recovery.swift,extra,217,57,,,,note,insert '}',in_ifconfig_clause
test/ASTGenParity/Parse/missing/recovery.swift,extra,217,57,,,,error,expected '}' to end 'for' statement,in_ifconfig_clause
test/ASTGenParity/Parse/missing/recovery.swift,extra,217,57,,,,note,insert '}',in_ifconfig_clause
test/ASTGenParity/Parse/missing/recovery.swift,extra,237,102,,,,note,"insert pattern, 'in', and expression",
test/ASTGenParity/Parse/missing/recovery.swift,extra,237,102,,,,note,insert '{',
test/ASTGenParity/Parse/missing/recovery.swift,extra,238,3,,,,note,remove ';',
test/ASTGenParity/Parse/missing/recovery.swift,extra,238,74,,,,error,expected '}' to end 'for' statement,
test/ASTGenParity/Parse/missing/recovery.swift,extra,238,74,,,,note,insert '}',
test/ASTGenParity/Parse/missing/recovery.swift,extra,238,74,,,,error,expected '}' to end 'for' statement,
test/ASTGenParity/Parse/missing/recovery.swift,extra,238,74,,,,note,insert '}',
test/ASTGenParity/Parse/missing/recovery.swift,extra,244,10,,,,note,insert expression,
test/ASTGenParity/Parse/missing/recovery.swift,extra,245,73,,,,note,insert '{',
test/ASTGenParity/Parse/missing/recovery.swift,extra,674,1,,,,error,unexpected code in conditional compilation block,in_ifconfig_clause
test/ASTGenParity/Parse/missing/recovery.swift,extra,691,8,,,,note,remove 'x',
test/ASTGenParity/Parse/missing/recovery.swift,extra,695,8,,,,note,remove 'a',
test/ASTGenParity/Parse/missing/recovery.swift,extra,696,9,,,,note,remove 'c',
test/ASTGenParity/Parse/missing/recovery.swift,extra,697,8,,,,note,remove 'e<T>',
test/ASTGenParity/Parse/missing/recovery.swift,extra,698,9,,,,note,remove 'g<T>',
test/ASTGenParity/Parse/missing/recovery.swift,extra,702,7,,,,note,insert '(',
test/ASTGenParity/Parse/missing/recovery.swift,extra,702,16,,,,error,expected ')' to end parameter clause,
test/ASTGenParity/Parse/missing/recovery.swift,extra,702,16,,,,note,insert ')',
test/ASTGenParity/Parse/missing/recovery.swift,extra,724,16,,,,note,"replace 'where' with ','",
test/ASTGenParity/Parse/missing/recovery.swift,extra,733,17,,,,note,insert 'var',
test/ASTGenParity/Parse/missing/recovery.swift,extra,752,16,,,,note,remove '@',
test/ASTGenParity/Parse/missing/recovery.swift,extra,757,20,,,,note,"replace curly quotes with '""'",
test/ASTGenParity/Parse/missing/recovery.swift,extra,760,20,,,,note,"replace curly quotes with '""'",
test/ASTGenParity/Parse/missing/recovery.swift,extra,788,8,,,,note,insert whitespace,
test/ASTGenParity/Parse/missing/recovery.swift,extra,789,10,,,,note,insert whitespace,
test/ASTGenParity/Parse/missing/recovery.swift,extra,793,13,,,,note,insert whitespace,
test/ASTGenParity/Parse/missing/recovery.swift,extra,794,20,,,,note,insert whitespace,
test/ASTGenParity/Parse/missing/recovery.swift,extra,826,19,,,,error,operator should not be declared with body,
test/ASTGenParity/Parse/missing/recovery.swift,extra,826,19,,,,note,remove operator body,
test/ASTGenParity/Parse/missing/recovery.swift,extra,827,32,,,,error,consecutive statements on a line must be separated by newline or ';',
test/ASTGenParity/Parse/missing/recovery.swift,extra,827,32,,,,note,insert newline,
test/ASTGenParity/Parse/missing/recovery.swift,extra,827,32,,,,note,insert ';',
test/ASTGenParity/Parse/missing/recovery.swift,extra,830,17,,,,note,remove '@-class',
test/ASTGenParity/Parse/missing/recovery.swift,extra,831,18,,,,note,remove 'фф--class',
test/ASTGenParity/Parse/missing/recovery.swift,extra,838,16,,,,note,insert ']',
test/ASTGenParity/Parse/missing/recovery.swift,extra,845,8,,,,note,remove whitespace,
test/ASTGenParity/Parse/missing/recovery.swift,extra,846,9,,,,note,insert name,
test/ASTGenParity/Parse/missing/recovery.swift,extra,847,7,,,,note,insert name,
test/ASTGenParity/Parse/missing/recovery.swift,extra,852,28,,,,note,insert name,
test/ASTGenParity/Parse/missing/recovery.swift,extra,859,21,,,,note,replace '==' with '=',
test/ASTGenParity/Parse/missing/recovery.swift,extra,862,43,,,,note,"replace '&&' with ','",
test/ASTGenParity/Parse/missing/recovery.swift,extra,868,33,,,,note,to match this opening '{',
test/ASTGenParity/Parse/missing/recovery.swift,extra,872,16,,,,note,insert '{',
test/ASTGenParity/Parse/missing/recovery.swift,extra,874,33,,,,note,to match this opening '{',
test/ASTGenParity/Parse/missing/recovery.swift,extra,882,12,,,,error,expected declaration after attribute,
test/ASTGenParity/Parse/missing/recovery.swift,extra,882,12,,,,note,insert declaration,
test/ASTGenParity/Parse/missing/recovery.swift,extra,883,45,,,,note,insert '}',
test/ASTGenParity/Parse/missing/recovery.swift,extra,883,45,,,,error,expected '}' to end function,
test/ASTGenParity/Parse/missing/recovery.swift,extra,883,45,,,,note,insert '}',
test/ASTGenParity/Parse/missing/recovery_library.swift,message-differs,7,1,error,extra_rbrace,extraneous '}' at top level,error,unexpected braces in source file,
test/ASTGenParity/Parse/missing/recovery_library.swift,message-differs,12,1,error,extra_rbrace,extraneous '}' at top level,error,unexpected braces in source file,
test/ASTGenParity/Parse/missing/recovery_library.swift,message-differs,20,1,error,extra_rbrace,extraneous '}' at top level,error,unexpected braces in source file,
test/ASTGenParity/Parse/missing/recovery_library.swift,missing,8,1,error,extra_rbrace,extraneous '}' at top level,,,
test/ASTGenParity/Parse/missing/recovery_library.swift,missing,13,1,error,extra_rbrace,extraneous '}' at top level,,,
test/ASTGenParity/Parse/missing/recovery_library.swift,missing,21,1,error,extra_rbrace,extraneous '}' at top level,,,
test/ASTGenParity/Parse/passing/self_rebinding.swift,matched,48,13,error,keyword_cant_be_identifier,keyword 'self' cannot be used as an identifier here,error,keyword 'self' cannot be used as an identifier here,
test/ASTGenParity/Parse/passing/self_rebinding.swift,matched,48,13,note,backticks_to_escape,"if this name is unavoidable, use backticks to escape it",note,"if this name is unavoidable, use backticks to escape it",
test/ASTGenParity/Parse/missing/sending.swift,missing,35,50,error,sending_before_parameter_specifier,'sending' must be placed after specifier 'consuming',,,
test/ASTGenParity/Parse/missing/sending.swift,missing,35,81,error,sending_before_parameter_specifier,'sending' must be placed after specifier 'inout',,,
test/ASTGenParity/Parse/missing/sending.swift,missing,39,55,error,sending_before_parameter_specifier,'sending' must be placed after specifier 'consuming',,,
test/ASTGenParity/Parse/missing/sending.swift,missing,39,81,error,sending_before_parameter_specifier,'sending' must be placed after specifier 'inout',,,
test/ASTGenParity/Parse/missing/sending.swift,missing,43,39,error,sending_cannot_be_used_with_borrowing,'sending' cannot be used together with 'borrowing',,,
test/ASTGenParity/Parse/extra/string_literal_eof1.swift,wrong-column,6,5,error,lex_unterminated_string,unterminated string literal,error,expected value and ')' in string literal,
test/ASTGenParity/Parse/extra/string_literal_eof1.swift,wrong-column,6,10,error,string_interpolation_unclosed,cannot find ')' to match opening '(' in string interpolation,error,"expected '""' to end string literal",
test/ASTGenParity/Parse/extra/string_literal_eof1.swift,extra,6,5,,,,note,"to match this opening '""'",
test/ASTGenParity/Parse/extra/string_literal_eof1.swift,extra,6,11,,,,note,insert value and ')',
test/ASTGenParity/Parse/extra/string_literal_eof1.swift,extra,6,11,,,,note,"insert '""'",
test/ASTGenParity/Parse/extra/string_literal_eof2.swift,wrong-column,6,5,error,lex_unterminated_string,unterminated string literal,error,"expected '""' to end string literal",
test/ASTGenParity/Parse/extra/string_literal_eof2.swift,wrong-column,6,10,error,string_interpolation_unclosed,cannot find ')' to match opening '(' in string interpolation,error,expected ')' in string literal,
test/ASTGenParity/Parse/extra/string_literal_eof2.swift,extra,6,5,,,,note,"to match this opening '""'",
test/ASTGenParity/Parse/extra/string_literal_eof2.swift,extra,6,10,,,,note,to match this opening '(',
test/ASTGenParity/Parse/extra/string_literal_eof2.swift,extra,6,11,,,,note,"to match this opening '""'",
test/ASTGenParity/Parse/extra/string_literal_eof2.swift,extra,6,15,,,,note,"insert '""'",
test/ASTGenParity/Parse/extra/string_literal_eof2.swift,extra,6,15,,,,note,insert ')',
test/ASTGenParity/Parse/extra/string_literal_eof2.swift,extra,6,15,,,,error,"expected '""' to end string literal",
test/ASTGenParity/Parse/extra/string_literal_eof2.swift,extra,6,15,,,,note,"insert '""'",
test/ASTGenParity/Parse/extra/string_literal_eof3.swift,message-differs,5,11,error,lex_invalid_escape,invalid escape sequence in literal,error,"expected '""' to end string literal",
test/ASTGenParity/Parse/extra/string_literal_eof3.swift,message-differs,10,11,error,lex_invalid_escape,invalid escape sequence in literal,error,"expected '""' to end string literal",
test/ASTGenParity/Parse/extra/string_literal_eof3.swift,wrong-column,5,5,error,lex_unterminated_string,unterminated string literal,error,invalid escape sequence in literal,
test/ASTGenParity/Parse/extra/string_literal_eof3.swift,wrong-column,10,5,error,lex_unterminated_string,unterminated string literal,error,invalid escape sequence in literal,
test/ASTGenParity/Parse/extra/string_literal_eof3.swift,extra,5,5,,,,note,"to match this opening '""'",
test/ASTGenParity/Parse/extra/string_literal_eof3.swift,extra,5,11,,,,note,"insert '""'",
test/ASTGenParity/Parse/extra/string_literal_eof3.swift,extra,10,5,,,,note,"to match this opening '""'",
test/ASTGenParity/Parse/extra/string_literal_eof3.swift,extra,10,11,,,,note,"insert '""'",
test/ASTGenParity/Parse/extra/string_literal_eof4.swift,wrong-severity,5,5,error,lex_unterminated_string,unterminated string literal,note,"to match this opening '""""""'",
test/ASTGenParity/Parse/extra/string_literal_eof4.swift,extra,15,1,,,,error,"expected '""""""' to end string literal",at_eof
test/ASTGenParity/Parse/extra/string_literal_eof4.swift,extra,15,1,,,,note,"insert '""""""'",at_eof
test/ASTGenParity/Parse/extra/string_literal_eof5.swift,wrong-column,8,6,error,string_interpolation_unclosed,cannot find ')' to match opening '(' in string interpolation,error,expected value and ')' in string literal,
test/ASTGenParity/Parse/extra/string_literal_eof5.swift,wrong-severity,6,5,error,lex_unterminated_string,unterminated string literal,note,"to match this opening '""""""'",
test/ASTGenParity/Parse/extra/string_literal_eof5.swift,extra,8,7,,,,note,insert value and ')',
test/ASTGenParity/Parse/extra/string_literal_eof5.swift,extra,18,1,,,,error,"expected '""""""' to end string literal",at_eof
test/ASTGenParity/Parse/extra/string_literal_eof5.swift,extra,18,1,,,,note,"insert '""""""'",at_eof
test/ASTGenParity/Parse/extra/string_literal_eof6.swift,message-differs,8,11,error,lex_unterminated_string,unterminated string literal,error,"expected '""' to end string literal",
test/ASTGenParity/Parse/extra/string_literal_eof6.swift,wrong-column,8,6,error,string_interpolation_unclosed,cannot find ')' to match opening '(' in string interpolation,error,expected ')' in string literal,
test/ASTGenParity/Parse/extra/string_literal_eof6.swift,wrong-severity,6,5,error,lex_unterminated_string,unterminated string literal,note,"to match this opening '""""""'",
test/ASTGenParity/Parse/extra/string_literal_eof6.swift,extra,8,6,,,,note,to match this opening '(',
test/ASTGenParity/Parse/extra/string_literal_eof6.swift,extra,8,7,,,,note,"to match this opening '""'",
test/ASTGenParity/Parse/extra/string_literal_eof6.swift,extra,8,11,,,,note,"insert '""'",
test/ASTGenParity/Parse/extra/string_literal_eof6.swift,extra,8,11,,,,note,insert ')',
test/ASTGenParity/Parse/extra/string_literal_eof6.swift,extra,19,1,,,,error,"expected '""""""' to end string literal",at_eof
test/ASTGenParity/Parse/extra/string_literal_eof6.swift,extra,19,1,,,,note,"insert '""""""'",at_eof
test/ASTGenParity/Parse/extra/string_literal_eof7.swift,message-differs,7,11,error,lex_unterminated_string,unterminated string literal,error,"expected '""' to end string literal",
test/ASTGenParity/Parse/extra/string_literal_eof7.swift,wrong-severity,5,5,error,lex_unterminated_string,unterminated string literal,note,"to match this opening '""""""'",
test/ASTGenParity/Parse/extra/string_literal_eof7.swift,wrong-severity,7,6,error,string_interpolation_unclosed,cannot find ')' to match opening '(' in string interpolation,note,to match this opening '(',
test/ASTGenParity/Parse/extra/string_literal_eof7.swift,extra,7,7,,,,note,"to match this opening '""'",
test/ASTGenParity/Parse/extra/string_literal_eof7.swift,extra,7,11,,,,note,"insert '""'",
test/ASTGenParity/Parse/extra/string_literal_eof7.swift,extra,8,5,,,,error,unexpected code 'baz' in string literal,
test/ASTGenParity/Parse/extra/string_literal_eof7.swift,extra,8,8,,,,error,expected ')' in string literal,
test/ASTGenParity/Parse/extra/string_literal_eof7.swift,extra,8,8,,,,note,insert ')',
test/ASTGenParity/Parse/extra/string_literal_eof7.swift,extra,20,1,,,,error,"expected '""""""' to end string literal",at_eof
test/ASTGenParity/Parse/extra/string_literal_eof7.swift,extra,20,1,,,,note,"insert '""""""'",at_eof
test/ASTGenParity/Parse/wrong-column/structure_overflow.swift,wrong-column,5,256,error,structure_overflow,structure nesting level exceeded maximum of 256,error,parsing has exceeded the maximum nesting level,
test/ASTGenParity/Parse/wrong-column/structure_overflow_paren_exprs.swift,wrong-column,7,1019,error,structure_overflow,structure nesting level exceeded maximum of 256,error,parsing has exceeded the maximum nesting level,
test/ASTGenParity/Parse/extra/subscripting.swift,message-differs,164,22,error,expected_arrow_subscript,expected '->' for subscript element type,error,expected '->' and return type in subscript,
test/ASTGenParity/Parse/extra/subscripting.swift,message-differs,177,20,error,expected_arrow_subscript,expected '->' for subscript element type,error,unexpected code '(j: Int)' in subscript,
test/ASTGenParity/Parse/extra/subscripting.swift,matched,213,13,error,subscript_has_name,subscripts cannot have a name,error,subscripts cannot have a name,
test/ASTGenParity/Parse/extra/subscripting.swift,matched,219,13,error,subscript_has_name,subscripts cannot have a name,error,subscripts cannot have a name,
test/ASTGenParity/Parse/extra/subscripting.swift,matched,222,13,error,subscript_has_name,subscripts cannot have a name,error,subscripts cannot have a name,
test/ASTGenParity/Parse/extra/subscripting.swift,wrong-column,113,12,error,expected_lparen_subscript,expected '(' for subscript parameters,error,expected '(' to start parameter clause,
test/ASTGenParity/Parse/extra/subscripting.swift,wrong-column,124,13,error,expected_lparen_subscript,expected '(' for subscript parameters,error,expected parameter clause in subscript,
test/ASTGenParity/Parse/extra/subscripting.swift,wrong-column,130,22,error,expected_arrow_subscript,expected '->' for subscript element type,error,expected '->' in subscript,
test/ASTGenParity/Parse/extra/subscripting.swift,wrong-column,142,25,error,expected_type_subscript,expected subscripting element type,error,expected return type in subscript,
test/ASTGenParity/Parse/extra/subscripting.swift,wrong-column,154,21,error,expected_arrow_subscript,expected '->' for subscript element type,error,expected '->' and return type in subscript,
test/ASTGenParity/Parse/extra/subscripting.swift,wrong-column,203,28,error,expected_lbrace_subscript,expected '{' in subscript to specify getter and setter implementation,error,expected '{' in subscript,
test/ASTGenParity/Parse/extra/subscripting.swift,wrong-column,228,13,error,expected_lparen_subscript,expected '(' for subscript parameters,error,expected '(' to start parameter clause,
test/ASTGenParity/Parse/extra/subscripting.swift,wrong-severity,164,22,error,expected_type_subscript,expected subscripting element type,note,insert '->' and return type,
test/ASTGenParity/Parse/extra/subscripting.swift,missing,154,21,error,expected_type_subscript,expected subscripting element type,,,
test/ASTGenParity/Parse/extra/subscripting.swift,missing,173,28,error,expected_lbrace_subscript,expected '{' in subscript to specify getter and setter implementation,,,
test/ASTGenParity/Parse/extra/subscripting.swift,missing,177,21,error,function_type_argument_label,function types cannot have argument labels; use '_' before 'j',,,
test/ASTGenParity/Parse/extra/subscripting.swift,missing,187,9,error,class_subscript_not_in_class,class subscripts are only allowed within classes; use 'static' to declare a static subscript,,,
test/ASTGenParity/Parse/extra/subscripting.swift,missing,195,9,error,decl_already_static,'static' cannot appear after another 'static' or 'class' keyword,,,
test/ASTGenParity/Parse/extra/subscripting.swift,missing,233,1,error,extra_rbrace,extraneous '}' at top level,,,
test/ASTGenParity/Parse/extra/subscripting.swift,extra,113,72,,,,note,insert '(',
test/ASTGenParity/Parse/extra/subscripting.swift,extra,114,9,,,,error,expected '(' to start function type,
test/ASTGenParity/Parse/extra/subscripting.swift,extra,114,9,,,,note,insert '(',
test/ASTGenParity/Parse/extra/subscripting.swift,extra,114,12,,,,error,expected ')' in function type,
test/ASTGenParity/Parse/extra/subscripting.swift,extra,114,12,,,,note,insert ')',
test/ASTGenParity/Parse/extra/subscripting.swift,extra,115,12,,,,error,expected ')' to end parameter clause,
test/ASTGenParity/Parse/extra/subscripting.swift,extra,115,12,,,,note,insert ')',
test/ASTGenParity/Parse/extra/subscripting.swift,extra,115,13,,,,error,expected '->' and return type in subscript,
test/ASTGenParity/Parse/extra/subscripting.swift,extra,115,13,,,,note,insert '->' and return type,
test/ASTGenParity/Parse/extra/subscripting.swift,extra,124,12,,,,note,insert parameter clause,
test/ASTGenParity/Parse/extra/subscripting.swift,extra,130,84,,,,note,insert '->',
test/ASTGenParity/Parse/extra/subscripting.swift,extra,142,81,,,,note,insert return type,
test/ASTGenParity/Parse/extra/subscripting.swift,extra,154,84,,,,note,insert '->' and return type,
test/ASTGenParity/Parse/extra/subscripting.swift,extra,203,119,,,,note,insert '{',
test/ASTGenParity/Parse/extra/subscripting.swift,extra,213,13,,,,note,remove 'x',
test/ASTGenParity/Parse/extra/subscripting.swift,extra,219,13,,,,note,remove 'x',
test/ASTGenParity/Parse/extra/subscripting.swift,extra,222,13,,,,note,remove 'x',
test/ASTGenParity/Parse/extra/subscripting.swift,extra,228,12,,,,note,insert '(',
test/ASTGenParity/Parse/extra/subscripting.swift,extra,228,19,,,,error,expected '(' to start function type,
test/ASTGenParity/Parse/extra/subscripting.swift,extra,228,19,,,,note,insert '(',
test/ASTGenParity/Parse/extra/subscripting.swift,extra,228,22,,,,error,expected ')' in function type,
test/ASTGenParity/Parse/extra/subscripting.swift,extra,228,22,,,,note,insert ')',
test/ASTGenParity/Parse/extra/subscripting.swift,extra,228,29,,,,error,expected ')' to end parameter clause,
test/ASTGenParity/Parse/extra/subscripting.swift,extra,228,29,,,,note,insert ')',
test/ASTGenParity/Parse/extra/subscripting.swift,extra,228,30,,,,error,expected '->' and return type in subscript,
test/ASTGenParity/Parse/extra/subscripting.swift,extra,228,30,,,,note,insert '->' and return type,
test/ASTGenParity/Parse/extra/super.swift,message-differs,51,11,error,expected_identifier_after_super_dot_expr,expected identifier or 'init' after super '.' expression,error,expected name in member access,
test/ASTGenParity/Parse/extra/super.swift,extra,51,11,,,,note,insert name,
test/ASTGenParity/Parse/extra/swift3_warnings_swift4_errors_version_4.swift,message-differs,12,8,error,deprecated_any_composition,'protocol<>' syntax has been removed; use 'Any' instead,error,expected type in type annotation,
test/ASTGenParity/Parse/extra/swift3_warnings_swift4_errors_version_4.swift,message-differs,13,8,error,deprecated_protocol_composition_single,'protocol<...>' composition syntax has been removed and is not needed here,error,expected type in type annotation,
test/ASTGenParity/Parse/extra/swift3_warnings_swift4_errors_version_4.swift,message-differs,14,8,error,deprecated_protocol_composition,'protocol<...>' composition syntax has been removed; join the type constraints using '&',error,expected type in type annotation,
test/ASTGenParity/Parse/extra/swift3_warnings_swift4_errors_version_4.swift,message-differs,18,36,error,expected_separator,"expected ',' separator",error,unexpected code '() -> ())' in function,
test/ASTGenParity/Parse/extra/swift3_warnings_swift4_errors_version_4.swift,message-differs,23,21,error,deprecated_operator_body,operator should no longer be declared with body,error,operator should not be declared with body,
test/ASTGenParity/Parse/extra/swift3_warnings_swift4_errors_version_4.swift,message-differs,24,22,error,deprecated_operator_body,operator should no longer be declared with body,error,operator should not be declared with body,
test/ASTGenParity/Parse/extra/swift3_warnings_swift4_errors_version_4.swift,message-differs,25,20,error,deprecated_operator_body,operator should no longer be declared with body,error,operator should not be declared with body,
test/ASTGenParity/Parse/extra/swift3_warnings_swift4_errors_version_4.swift,message-differs,26,21,error,deprecated_operator_body_use_group,operator should no longer be declared with body; use a precedence group instead,error,operator should not be declared with body,
test/ASTGenParity/Parse/extra/swift3_warnings_swift4_errors_version_4.swift,wrong-column,18,36,error,parameter_unnamed,unnamed parameters must be written with the empty name '_',error,expected ')' to end parameter clause,
test/ASTGenParity/Parse/extra/swift3_warnings_swift4_errors_version_4.swift,missing,4,8,error,operator_static_in_protocol,operator '+' declared in protocol must be 'static',,,
test/ASTGenParity/Parse/extra/swift3_warnings_swift4_errors_version_4.swift,missing,16,13,error,unknown_attr_name,unknown attribute 'noescape',,,
test/ASTGenParity/Parse/extra/swift3_warnings_swift4_errors_version_4.swift,extra,12,8,,,,note,insert type,
test/ASTGenParity/Parse/extra/swift3_warnings_swift4_errors_version_4.swift,extra,12,16,,,,error,expected identifier in protocol,
test/ASTGenParity/Parse/extra/swift3_warnings_swift4_errors_version_4.swift,extra,12,16,,,,note,insert identifier,
test/ASTGenParity/Parse/extra/swift3_warnings_swift4_errors_version_4.swift,extra,12,17,,,,error,expected name in primary associated type clause,
test/ASTGenParity/Parse/extra/swift3_warnings_swift4_errors_version_4.swift,extra,12,17,,,,note,insert name,
test/ASTGenParity/Parse/extra/swift3_warnings_swift4_errors_version_4.swift,extra,12,96,,,,error,expected '{' in protocol,
test/ASTGenParity/Parse/extra/swift3_warnings_swift4_errors_version_4.swift,extra,12,96,,,,note,insert '{',
test/ASTGenParity/Parse/extra/swift3_warnings_swift4_errors_version_4.swift,extra,13,8,,,,note,insert type,
test/ASTGenParity/Parse/extra/swift3_warnings_swift4_errors_version_4.swift,extra,13,16,,,,error,expected identifier in protocol,
test/ASTGenParity/Parse/extra/swift3_warnings_swift4_errors_version_4.swift,extra,13,16,,,,note,insert identifier,
test/ASTGenParity/Parse/extra/swift3_warnings_swift4_errors_version_4.swift,extra,13,118,,,,error,expected '{' in protocol,
test/ASTGenParity/Parse/extra/swift3_warnings_swift4_errors_version_4.swift,extra,13,118,,,,note,insert '{',
test/ASTGenParity/Parse/extra/swift3_warnings_swift4_errors_version_4.swift,extra,14,8,,,,note,insert type,
test/ASTGenParity/Parse/extra/swift3_warnings_swift4_errors_version_4.swift,extra,14,16,,,,error,expected identifier in protocol,
test/ASTGenParity/Parse/extra/swift3_warnings_swift4_errors_version_4.swift,extra,14,16,,,,note,insert identifier,
test/ASTGenParity/Parse/extra/swift3_warnings_swift4_errors_version_4.swift,extra,14,135,,,,error,expected '{' in protocol,
test/ASTGenParity/Parse/extra/swift3_warnings_swift4_errors_version_4.swift,extra,14,135,,,,note,insert '{',
test/ASTGenParity/Parse/extra/swift3_warnings_swift4_errors_version_4.swift,extra,18,9,,,,note,to match this opening '(',
test/ASTGenParity/Parse/extra/swift3_warnings_swift4_errors_version_4.swift,extra,18,35,,,,note,insert ')',
test/ASTGenParity/Parse/extra/swift3_warnings_swift4_errors_version_4.swift,extra,23,21,,,,note,remove operator body,
test/ASTGenParity/Parse/extra/swift3_warnings_swift4_errors_version_4.swift,extra,24,22,,,,note,remove operator body,
test/ASTGenParity/Parse/extra/swift3_warnings_swift4_errors_version_4.swift,extra,25,20,,,,note,remove operator body,
test/ASTGenParity/Parse/extra/swift3_warnings_swift4_errors_version_4.swift,extra,26,21,,,,note,remove operator body,
test/ASTGenParity/Parse/extra/swift3_warnings_swift4_errors_version_4.swift,extra,28,2,,,,error,expected '}' to end protocol,
test/ASTGenParity/Parse/extra/swift3_warnings_swift4_errors_version_4.swift,extra,28,2,,,,note,insert '}',
test/ASTGenParity/Parse/extra/swift3_warnings_swift4_errors_version_4.swift,extra,28,2,,,,error,expected '}' to end protocol,
test/ASTGenParity/Parse/extra/swift3_warnings_swift4_errors_version_4.swift,extra,28,2,,,,note,insert '}',
test/ASTGenParity/Parse/extra/swift3_warnings_swift4_errors_version_4.swift,extra,28,2,,,,error,expected '}' to end protocol,
test/ASTGenParity/Parse/extra/swift3_warnings_swift4_errors_version_4.swift,extra,28,2,,,,note,insert '}',
test/ASTGenParity/Parse/missing/switch.swift,missing,10,10,error,expected_switch_expr,expected expression in 'switch' statement,,,
test/ASTGenParity/Parse/missing/switch.swift,missing,10,15,error,expected_identifier_in_decl,expected identifier in function declaration,,,
test/ASTGenParity/Parse/missing/switch.swift,missing,14,11,error,expected_lbrace_after_switch,expected '{' after 'switch' subject expression,,,
test/ASTGenParity/Parse/missing/switch.swift,missing,19,9,error,expected_pattern,expected pattern,,,
test/ASTGenParity/Parse/missing/switch.swift,missing,19,9,error,expected_case_colon,expected ':' after 'case',,,
test/ASTGenParity/Parse/missing/switch.swift,missing,25,19,error,expected_case_where_expr,expected expression for 'where' guard of 'case',,,
test/ASTGenParity/Parse/missing/switch.swift,missing,25,19,error,expected_case_colon,expected ':' after 'case',,,
test/ASTGenParity/Parse/missing/switch.swift,missing,31,13,error,expected_case_colon,expected ':' after 'case',,,
test/ASTGenParity/Parse/missing/switch.swift,missing,37,10,error,expected_case_colon,expected ':' after 'default',,,
test/ASTGenParity/Parse/missing/switch.swift,missing,75,1,error,case_stmt_without_body,'case' label in a 'switch' must have at least one executable statement,,,
test/ASTGenParity/Parse/missing/switch.swift,missing,76,9,error,extra_case_keyword,extraneous 'case' keyword in pattern,,,
test/ASTGenParity/Parse/missing/switch.swift,missing,81,1,error,case_stmt_without_body,'case' label in a 'switch' must have at least one executable statement,,,
test/ASTGenParity/Parse/missing/switch.swift,missing,89,1,error,case_stmt_without_body,'case' label in a 'switch' must have at least one executable statement,,,
test/ASTGenParity/Parse/missing/switch.swift,missing,95,1,error,case_stmt_without_body,'default' label in a 'switch' must have at least one executable statement,,,
test/ASTGenParity/Parse/missing/switch.swift,missing,100,3,error,illegal_semi_stmt,';' statements are not allowed,,,
test/ASTGenParity/Parse/missing/switch.swift,missing,108,3,error,stmt_in_switch_not_covered_by_case,all statements inside a switch must be covered by a 'case' or 'default',,,
test/ASTGenParity/Parse/missing/switch.swift,missing,111,1,error,case_after_default,additional 'case' blocks cannot appear after the 'default' block of a 'switch',,,
test/ASTGenParity/Parse/missing/switch.swift,missing,120,1,error,case_after_default,additional 'case' blocks cannot appear after the 'default' block of a 'switch',,,
test/ASTGenParity/Parse/missing/switch.swift,missing,125,3,error,stmt_in_switch_not_covered_by_case,all statements inside a switch must be covered by a 'case' or 'default',,,
test/ASTGenParity/Parse/missing/switch.swift,missing,129,3,error,stmt_in_switch_not_covered_by_case,all statements inside a switch must be covered by a 'case' or 'default',,,
test/ASTGenParity/Parse/missing/switch.swift,missing,134,1,error,case_stmt_without_body,'default' label in a 'switch' must have at least one executable statement,,,
test/ASTGenParity/Parse/missing/switch.swift,missing,135,1,error,case_after_default,additional 'case' blocks cannot appear after the 'default' block of a 'switch',,,
test/ASTGenParity/Parse/missing/switch.swift,missing,140,1,error,case_stmt_without_body,'default' label in a 'switch' must have at least one executable statement,,,
test/ASTGenParity/Parse/missing/switch.swift,missing,141,1,error,case_after_default,additional 'case' blocks cannot appear after the 'default' block of a 'switch',,,
test/ASTGenParity/Parse/missing/switch.swift,missing,146,9,error,default_with_where,'default' cannot be used with a 'where' guard expression,,,
test/ASTGenParity/Parse/missing/switch.swift,missing,151,1,error,case_stmt_without_body,'case' label in a 'switch' must have at least one executable statement,,,
test/ASTGenParity/Parse/missing/switch.swift,missing,155,1,error,case_stmt_without_body,'case' label in a 'switch' must have at least one executable statement,,,
test/ASTGenParity/Parse/missing/switch.swift,missing,163,1,error,case_stmt_without_body,'case' label in a 'switch' must have at least one executable statement,,,
test/ASTGenParity/Parse/missing/switch.swift,missing,167,1,error,case_outside_of_switch,'case' label can only appear inside a 'switch' statement,,,
test/ASTGenParity/Parse/missing/switch.swift,missing,169,1,error,case_outside_of_switch,'default' label can only appear inside a 'switch' statement,,,
test/ASTGenParity/Parse/missing/switch.swift,missing,200,11,error,extra_var_in_multiple_pattern_list,'a' must be bound in every pattern,,,
test/ASTGenParity/Parse/missing/switch.swift,missing,203,19,error,extra_var_in_multiple_pattern_list,'a' must be bound in every pattern,,,
test/ASTGenParity/Parse/missing/switch.swift,missing,206,11,error,extra_var_in_multiple_pattern_list,'a' must be bound in every pattern,,,
test/ASTGenParity/Parse/missing/switch.swift,missing,206,26,error,extra_var_in_multiple_pattern_list,'b' must be bound in every pattern,,,
test/ASTGenParity/Parse/missing/switch.swift,missing,209,1,error,case_stmt_without_body,'case' label in a 'switch' must have at least one executable statement,,,
test/ASTGenParity/Parse/missing/switch.swift,missing,213,1,error,case_stmt_without_body,'case' label in a 'switch' must have at least one executable statement,,,
test/ASTGenParity/Parse/missing/switch.swift,missing,217,1,error,case_stmt_without_body,'case' label in a 'switch' must have at least one executable statement,,,
test/ASTGenParity/Parse/missing/switch.swift,missing,224,19,error,extra_var_in_multiple_pattern_list,'a' must be bound in every pattern,,,
test/ASTGenParity/Parse/missing/switch.swift,missing,241,1,error,case_stmt_without_body,'case' label in a 'switch' must have at least one executable statement,,,
test/ASTGenParity/Parse/missing/switch.swift,missing,248,12,error,extra_var_in_multiple_pattern_list,'a' must be bound in every pattern,,,
test/ASTGenParity/Parse/missing/switch.swift,missing,340,5,error,case_stmt_without_body,'case' label in a 'switch' must have at least one executable statement,,,
test/ASTGenParity/Parse/missing/switch.swift,missing,363,1,error,case_stmt_without_body,'case' label in a 'switch' must have at least one executable statement,,,
test/ASTGenParity/Parse/missing/switch.swift,missing,369,1,error,case_stmt_without_body,'case' label in a 'switch' must have at least one executable statement,,,
test/ASTGenParity/Parse/missing/switch.swift,missing,377,10,error,case_stmt_without_body,'case' label in a 'switch' must have at least one executable statement,,,
test/ASTGenParity/Parse/missing/switch.swift,missing,383,10,error,case_stmt_without_body,'default' label in a 'switch' must have at least one executable statement,,,
test/ASTGenParity/Parse/missing/switch.swift,missing,390,1,error,case_after_default,additional 'case' blocks cannot appear after the 'default' block of a 'switch',,,
test/ASTGenParity/Parse/missing/switch.swift,missing,399,10,error,case_after_default,additional 'case' blocks cannot appear after the 'default' block of a 'switch',,,
test/ASTGenParity/Parse/missing/switch.swift,missing,408,10,error,case_after_default,additional 'case' blocks cannot appear after the 'default' block of a 'switch',,,
test/ASTGenParity/Parse/missing/switch.swift,missing,415,18,error,default_with_where,'default' cannot be used with a 'where' guard expression,,,
test/ASTGenParity/Parse/missing/switch.swift,missing,434,1,error,case_after_default,additional 'case' blocks cannot appear after the 'default' block of a 'switch',,,
test/ASTGenParity/Parse/missing/switch.swift,missing,480,18,error,default_with_where,'default' cannot be used with a 'where' guard expression,,,
test/ASTGenParity/Parse/missing/switch.swift,missing,496,2,error,unknown_attr_name,unknown attribute 'garbage',,,
test/ASTGenParity/Parse/missing/switch.swift,missing,503,2,error,unknown_attr_name,unknown attribute 'garbage',,,
test/ASTGenParity/Parse/missing/switch.swift,missing,503,11,error,unknown_attr_name,unknown attribute 'moreGarbage',,,
test/ASTGenParity/Parse/missing/switch.swift,missing,507,2,error,unknown_attr_name,unknown attribute 'unknown',,,
test/ASTGenParity/Parse/missing/switch.swift,missing,511,4,error,unknown_attr_name,unknown attribute 'unknown',,,
test/ASTGenParity/Parse/missing/switch.swift,missing,517,9,error,unexpected_lparen_in_attribute,unexpected '(' in attribute 'unknown',,,
test/ASTGenParity/Parse/missing/switch.swift,missing,523,1,note,previous_attribute,attribute already specified here,,,
test/ASTGenParity/Parse/missing/switch.swift,missing,524,1,error,duplicate_attribute,duplicate attribute,,,
test/ASTGenParity/Parse/missing/switch.swift,missing,529,11,error,unknown_attr_name,unknown attribute 'garbage',,,
test/ASTGenParity/Parse/missing/switch.swift,missing,574,10,error,case_after_default,additional 'case' blocks cannot appear after the 'default' block of a 'switch',,,
test/ASTGenParity/Parse/missing/switch.swift,missing,595,10,error,case_after_default,additional 'case' blocks cannot appear after the 'default' block of a 'switch',,,
test/ASTGenParity/Parse/missing/switch.swift,missing,617,10,error,case_after_default,additional 'case' blocks cannot appear after the 'default' block of a 'switch',,,
test/ASTGenParity/Parse/missing/switch.swift,missing,634,19,error,expected_case_colon,expected ':' after 'default',,,
test/ASTGenParity/Parse/missing/switch.swift,missing,643,4,error,unknown_attr_name,unknown attribute 'unknown',,,
test/ASTGenParity/Parse/missing/switch.swift,missing,644,3,error,expected_decl,expected declaration,,,
test/ASTGenParity/Parse/missing/switch.swift,missing,650,9,note,opening_bracket,to match this opening '[',,,
test/ASTGenParity/Parse/missing/switch.swift,missing,650,11,error,expected_rsquare_array_expr,expected ']' in container literal expression,,,
test/ASTGenParity/Parse/extra/switch_incomplete.swift,matched,6,10,note,opening_brace,to match this opening '{',note,to match this opening '{',
test/ASTGenParity/Parse/extra/switch_incomplete.swift,missing,17,1,error,expected_rbrace_switch,expected '}' at end of 'switch' statement,,,at_eof
test/ASTGenParity/Parse/extra/switch_incomplete.swift,extra,7,77,,,,error,expected '}' to end 'switch' statement,
test/ASTGenParity/Parse/extra/switch_incomplete.swift,extra,7,77,,,,note,insert '}',
test/ASTGenParity/Parse/mixed/toplevel_library_invalid.swift,matched,4,1,error,illegal_top_level_expr,expressions are not allowed at the top level,error,expressions are not allowed at the top level,
test/ASTGenParity/Parse/mixed/toplevel_library_invalid.swift,matched,5,1,error,illegal_top_level_expr,expressions are not allowed at the top level,error,expressions are not allowed at the top level,
test/ASTGenParity/Parse/mixed/toplevel_library_invalid.swift,matched,7,1,error,illegal_top_level_expr,expressions are not allowed at the top level,error,expressions are not allowed at the top level,
test/ASTGenParity/Parse/mixed/toplevel_library_invalid.swift,matched,8,1,error,illegal_top_level_expr,expressions are not allowed at the top level,error,expressions are not allowed at the top level,
test/ASTGenParity/Parse/mixed/toplevel_library_invalid.swift,message-differs,15,6,error,expected_foreach_in,expected 'in' after for-each pattern,error,"expected 'in', expression, and body in 'for' statement",
test/ASTGenParity/Parse/mixed/toplevel_library_invalid.swift,wrong-column,15,6,error,expected_foreach_container,expected Sequence expression for for-each loop,error,statements are not allowed at the top level,
test/ASTGenParity/Parse/mixed/toplevel_library_invalid.swift,wrong-severity,15,6,error,expected_foreach_lbrace,expected '{' to start the body of for-each loop,note,"insert 'in', expression, and body",
test/ASTGenParity/Parse/extra/trailing-comma-experimental.swift,message-differs,42,8,error,expected_condition_if,"expected expression, var, or let in 'if' condition",error,missing condition in 'if' statement,
test/ASTGenParity/Parse/extra/trailing-comma-experimental.swift,message-differs,46,11,error,expected_condition_guard,"expected expression, var, let or case in 'guard' condition",error,expected expression in 'guard' statement,
test/ASTGenParity/Parse/extra/trailing-comma-experimental.swift,message-differs,50,17,error,expected_expr_conditional,expected expression in conditional,error,expected expression in 'guard' statement,
test/ASTGenParity/Parse/extra/trailing-comma-experimental.swift,message-differs,52,17,error,expected_else_after_guard,expected 'else' after 'guard' condition,error,expected 'else' in 'guard' statement,
test/ASTGenParity/Parse/extra/trailing-comma-experimental.swift,wrong-column,40,5,error,missing_condition_after_if,missing condition in 'if' statement,error,missing condition in 'if' statement,
test/ASTGenParity/Parse/extra/trailing-comma-experimental.swift,wrong-column,44,5,error,missing_condition_after_guard,missing condition in 'guard' statement,error,expected condition in 'guard' statement,
test/ASTGenParity/Parse/extra/trailing-comma-experimental.swift,wrong-column,74,53,error,expected_type,expected type,error,"expected left-hand type, '==', and right-hand type in same type requirement",
test/ASTGenParity/Parse/extra/trailing-comma-experimental.swift,wrong-column,84,30,error,expected_type,expected type,error,expected type in inherited type,
test/ASTGenParity/Parse/extra/trailing-comma-experimental.swift,extra,44,11,,,,note,insert condition,
test/ASTGenParity/Parse/extra/trailing-comma-experimental.swift,extra,46,11,,,,note,insert expression,
test/ASTGenParity/Parse/extra/trailing-comma-experimental.swift,extra,50,17,,,,note,insert expression,
test/ASTGenParity/Parse/extra/trailing-comma-experimental.swift,extra,52,17,,,,note,insert 'else',
test/ASTGenParity/Parse/extra/trailing-comma-experimental.swift,extra,74,90,,,,note,"insert left-hand type, '==', and right-hand type",
test/ASTGenParity/Parse/extra/trailing-comma-experimental.swift,extra,84,67,,,,note,insert type,
test/ASTGenParity/Parse/missing/trailing-comma.swift,missing,7,13,note,opening_bracket,to match this opening '[',,,
test/ASTGenParity/Parse/missing/trailing-comma.swift,missing,7,17,error,expected_rbracket_array_type,expected ']' in array type,,,
test/ASTGenParity/Parse/missing/trailing-comma.swift,missing,7,18,error,expected_pattern,expected pattern,,,
test/ASTGenParity/Parse/missing/trailing-comma.swift,missing,67,9,error,expected_expr_in_expr_list,expected expression in list of expressions,,,
test/ASTGenParity/Parse/missing/trailing-comma.swift,missing,73,22,error,avail_query_expected_platform_name,expected platform name,,,
test/ASTGenParity/Parse/missing/trailing-comma.swift,missing,77,46,error,unexpected_separator,"unexpected ',' separator",,,
test/ASTGenParity/Parse/missing/trailing-comma.swift,missing,80,2,error,attr_expected_rparen,expected ')' in 'inline' attribute,,,
test/ASTGenParity/Parse/missing/trailing-comma.swift,missing,80,14,error,expected_decl,expected declaration,,,
test/ASTGenParity/Parse/missing/trailing-comma.swift,missing,83,19,error,avail_query_expected_platform_name,expected platform name,,,
test/ASTGenParity/Parse/missing/trailing-comma.swift,missing,83,19,error,expected_decl,expected declaration,,,
test/ASTGenParity/Parse/missing/trailing-comma.swift,missing,86,39,error,unexpected_separator,"unexpected ',' separator",,,
test/ASTGenParity/Parse/missing/trailing-comma.swift,missing,95,44,error,storage_restrictions_attr_expected_name,expected property name in '@storageRestrictions' list,,,
test/ASTGenParity/Parse/missing/trailing-comma.swift,missing,105,27,warning,attr_differentiable_expected_reverse,'@differentiable' has been renamed to '@differentiable(reverse)' and will be removed in the next release,,,
test/ASTGenParity/Parse/missing/trailing-comma.swift,missing,105,38,error,expected_separator,"expected ',' separator",,,
test/ASTGenParity/Parse/missing/trailing-comma.swift,missing,105,38,error,parameter_unnamed,unnamed parameters must be written with the empty name '_',,,
test/ASTGenParity/Parse/missing/trailing-comma.swift,missing,107,28,error,unexpected_separator,"unexpected ',' separator",,,
test/ASTGenParity/Parse/missing/trailing-comma.swift,missing,110,33,error,unexpected_separator,"unexpected ',' separator",,,
test/ASTGenParity/Parse/missing/trailing-comma.swift,missing,120,15,error,expected_pattern,expected pattern,,,
test/ASTGenParity/Parse/missing/trailing-comma.swift,missing,128,45,error,expected_type,expected type,,,
test/ASTGenParity/Parse/missing/trailing-comma.swift,missing,132,23,error,expected_type,expected type,,,
test/ASTGenParity/Parse/missing/trailing-comma.swift,missing,134,26,error,expected_type,expected type,,,
test/ASTGenParity/Parse/missing/trailing-comma.swift,missing,134,32,error,expected_lbrace_struct,expected '{' in struct,,,
test/ASTGenParity/Parse/missing/trailing-comma.swift,missing,138,13,error,expected_lbrace_after_if,expected '{' after 'if' condition,,,
test/ASTGenParity/Parse/missing/trailing-comma.swift,missing,140,13,error,expected_expr_conditional,expected expression in conditional,,,
test/ASTGenParity/Parse/missing/trailing-comma.swift,missing,142,16,error,expected_lbrace_after_while,expected '{' after 'while' condition,,,
test/ASTGenParity/Parse/missing/trailing-comma.swift,missing,144,22,error,avail_query_expected_platform_name,expected platform name,,,
test/ASTGenParity/Parse/missing/trailing-comma.swift,missing,147,33,error,avail_query_expected_platform_name,expected platform name,,,
test/ASTGenParity/Parse/missing/trailing-comma.swift,missing,147,33,error,expected_decl,expected declaration,,,
test/ASTGenParity/Parse/missing/trailing-comma.swift,missing,148,63,error,unexpected_separator,"unexpected ',' separator",,,
test/ASTGenParity/Parse/missing/trailing-comma.swift,missing,149,32,error,unexpected_separator,"unexpected ',' separator",,,
test/ASTGenParity/Parse/extra/trailing-semi.swift,matched,10,3,error,unexpected_separator,unexpected ';' separator,error,unexpected ';' separator,
test/ASTGenParity/Parse/extra/trailing-semi.swift,matched,11,17,error,unexpected_separator,unexpected ';' separator,error,unexpected ';' separator,
test/ASTGenParity/Parse/extra/trailing-semi.swift,matched,13,3,error,unexpected_separator,unexpected ';' separator,error,unexpected ';' separator,
test/ASTGenParity/Parse/extra/trailing-semi.swift,matched,14,3,error,unexpected_separator,unexpected ';' separator,error,unexpected ';' separator,
test/ASTGenParity/Parse/extra/trailing-semi.swift,message-differs,20,19,error,declaration_same_line_without_semi,consecutive declarations on a line must be separated by ';',error,consecutive declarations on a line must be separated by newline or ';',
test/ASTGenParity/Parse/extra/trailing-semi.swift,message-differs,22,20,error,declaration_same_line_without_semi,consecutive declarations on a line must be separated by ';',error,consecutive declarations on a line must be separated by newline or ';',in_ifconfig_clause
test/ASTGenParity/Parse/extra/trailing-semi.swift,message-differs,24,20,error,declaration_same_line_without_semi,consecutive declarations on a line must be separated by ';',error,consecutive declarations on a line must be separated by newline or ';',in_ifconfig_clause
test/ASTGenParity/Parse/extra/trailing-semi.swift,message-differs,26,20,error,declaration_same_line_without_semi,consecutive declarations on a line must be separated by ';',error,consecutive declarations on a line must be separated by newline or ';',in_ifconfig_clause
test/ASTGenParity/Parse/extra/trailing-semi.swift,message-differs,37,15,error,declaration_same_line_without_semi,consecutive declarations on a line must be separated by ';',error,consecutive declarations on a line must be separated by newline or ';',
test/ASTGenParity/Parse/extra/trailing-semi.swift,missing,14,4,error,unexpected_separator,unexpected ';' separator,,,
test/ASTGenParity/Parse/extra/trailing-semi.swift,extra,10,3,,,,note,remove ';',
test/ASTGenParity/Parse/extra/trailing-semi.swift,extra,11,17,,,,note,remove ';',
test/ASTGenParity/Parse/extra/trailing-semi.swift,extra,13,3,,,,note,remove ';',
test/ASTGenParity/Parse/extra/trailing-semi.swift,extra,14,3,,,,note,remove ';;',
test/ASTGenParity/Parse/extra/trailing-semi.swift,extra,20,19,,,,note,insert newline,
test/ASTGenParity/Parse/extra/trailing-semi.swift,extra,20,19,,,,note,insert ';',
test/ASTGenParity/Parse/extra/trailing-semi.swift,extra,22,20,,,,note,insert newline,in_ifconfig_clause
test/ASTGenParity/Parse/extra/trailing-semi.swift,extra,22,20,,,,note,insert ';',in_ifconfig_clause
test/ASTGenParity/Parse/extra/trailing-semi.swift,extra,24,20,,,,note,insert newline,in_ifconfig_clause
test/ASTGenParity/Parse/extra/trailing-semi.swift,extra,24,20,,,,note,insert ';',in_ifconfig_clause
test/ASTGenParity/Parse/extra/trailing-semi.swift,extra,26,20,,,,note,insert newline,in_ifconfig_clause
test/ASTGenParity/Parse/extra/trailing-semi.swift,extra,26,20,,,,note,insert ';',in_ifconfig_clause
test/ASTGenParity/Parse/extra/trailing-semi.swift,extra,37,15,,,,note,insert newline,
test/ASTGenParity/Parse/extra/trailing-semi.swift,extra,37,15,,,,note,insert ';',
test/ASTGenParity/Parse/extra/trailing_closures.swift,message-differs,89,12,error,lex_editor_placeholder,editor placeholder in source file,error,expected '{' to start closure,
test/ASTGenParity/Parse/extra/trailing_closures.swift,message-differs,113,18,error,statement_same_line_without_semi,consecutive statements on a line must be separated by ';',error,consecutive statements on a line must be separated by newline or ';',
test/ASTGenParity/Parse/extra/trailing_closures.swift,matched,113,19,error,case_outside_of_switch,'default' label can only appear inside a 'switch' statement,error,'default' label can only appear inside a 'switch' statement,
test/ASTGenParity/Parse/extra/trailing_closures.swift,missing,114,30,error,labeled_block_needs_do,labeled block needs 'do',,,
test/ASTGenParity/Parse/extra/trailing_closures.swift,missing,131,19,error,nonisolated_closure_parameter_parentheses,the parameter list of a 'nonisolated' closure requires parentheses,,,
test/ASTGenParity/Parse/extra/trailing_closures.swift,extra,82,53,,,,note,to match this opening '{',
test/ASTGenParity/Parse/extra/trailing_closures.swift,extra,89,12,,,,note,insert '{',
test/ASTGenParity/Parse/extra/trailing_closures.swift,extra,89,12,,,,error,editor placeholder in source file,
test/ASTGenParity/Parse/extra/trailing_closures.swift,extra,113,18,,,,note,insert newline,
test/ASTGenParity/Parse/extra/trailing_closures.swift,extra,113,18,,,,note,insert ';',
test/ASTGenParity/Parse/extra/trailing_closures.swift,extra,134,2,,,,error,expected '}' to end function,
test/ASTGenParity/Parse/extra/trailing_closures.swift,extra,134,2,,,,note,insert '}',
test/ASTGenParity/Parse/missing/try.swift,missing,86,1,error,try_on_var_let,'try' must be placed on the initial value expression,,,
test/ASTGenParity/Parse/missing/try.swift,missing,87,1,error,try_on_var_let,'try' must be placed on the initial value expression,,,
test/ASTGenParity/Parse/missing/try.swift,missing,88,1,error,try_on_var_let,'try' must be placed on the initial value expression,,,
test/ASTGenParity/Parse/missing/try.swift,missing,89,1,error,try_on_var_let,'try' must be placed on the initial value expression,,,
test/ASTGenParity/Parse/missing/try.swift,missing,90,1,error,try_on_var_let,'try' must be placed on the initial value expression,,,
test/ASTGenParity/Parse/missing/try.swift,missing,94,7,note,note_in_decl_of,in declaration of 'TryDecl',,,
test/ASTGenParity/Parse/missing/try.swift,missing,95,3,error,try_on_var_let,'try' must be placed on the initial value expression,,,
test/ASTGenParity/Parse/missing/try.swift,missing,97,3,error,try_on_var_let,'try' must be placed on the initial value expression,,,
test/ASTGenParity/Parse/missing/try.swift,missing,100,3,error,expected_decl,expected declaration,,,
test/ASTGenParity/Parse/missing/try.swift,missing,105,3,error,try_on_stmt,'try' cannot be used with 'while',,,
test/ASTGenParity/Parse/missing/try.swift,missing,106,5,error,try_on_stmt,'try' cannot be used with 'break',,,
test/ASTGenParity/Parse/missing/try.swift,missing,109,3,error,try_must_come_after_stmt,'try' must be placed on the thrown expression,,,
test/ASTGenParity/Parse/missing/try.swift,missing,109,12,error,expected_expr_throw,expected expression in 'throw' statement,,,
test/ASTGenParity/Parse/missing/try.swift,missing,112,3,error,try_on_stmt,'try' cannot be used with 'return',,,
test/ASTGenParity/Parse/missing/try.swift,missing,115,3,error,try_must_come_after_stmt,'try' must be placed on the thrown expression,,,
test/ASTGenParity/Parse/missing/try.swift,missing,117,3,error,try_must_come_after_stmt,'try' must be placed on the returned expression,,,
test/ASTGenParity/Parse/missing/try_swift5.swift,missing,86,1,error,try_on_var_let,'try' must be placed on the initial value expression,,,
test/ASTGenParity/Parse/missing/try_swift5.swift,missing,87,1,error,try_on_var_let,'try' must be placed on the initial value expression,,,
test/ASTGenParity/Parse/missing/try_swift5.swift,missing,88,1,error,try_on_var_let,'try' must be placed on the initial value expression,,,
test/ASTGenParity/Parse/missing/try_swift5.swift,missing,89,1,error,try_on_var_let,'try' must be placed on the initial value expression,,,
test/ASTGenParity/Parse/missing/try_swift5.swift,missing,90,1,error,try_on_var_let,'try' must be placed on the initial value expression,,,
test/ASTGenParity/Parse/missing/try_swift5.swift,missing,94,7,note,note_in_decl_of,in declaration of 'TryDecl',,,
test/ASTGenParity/Parse/missing/try_swift5.swift,missing,95,3,error,try_on_var_let,'try' must be placed on the initial value expression,,,
test/ASTGenParity/Parse/missing/try_swift5.swift,missing,97,3,error,try_on_var_let,'try' must be placed on the initial value expression,,,
test/ASTGenParity/Parse/missing/try_swift5.swift,missing,100,3,error,expected_decl,expected declaration,,,
test/ASTGenParity/Parse/missing/try_swift5.swift,missing,105,3,error,try_on_stmt,'try' cannot be used with 'while',,,
test/ASTGenParity/Parse/missing/try_swift5.swift,missing,106,5,error,try_on_stmt,'try' cannot be used with 'break',,,
test/ASTGenParity/Parse/missing/try_swift5.swift,missing,109,3,error,try_must_come_after_stmt,'try' must be placed on the thrown expression,,,
test/ASTGenParity/Parse/missing/try_swift5.swift,missing,109,12,error,expected_expr_throw,expected expression in 'throw' statement,,,
test/ASTGenParity/Parse/missing/try_swift5.swift,missing,112,3,error,try_on_stmt,'try' cannot be used with 'return',,,
test/ASTGenParity/Parse/missing/try_swift5.swift,missing,115,3,error,try_must_come_after_stmt,'try' must be placed on the thrown expression,,,
test/ASTGenParity/Parse/missing/try_swift5.swift,missing,117,3,error,try_must_come_after_stmt,'try' must be placed on the returned expression,,,
test/ASTGenParity/Parse/extra/type_expr.swift,message-differs,341,21,error,async_or_throws_in_wrong_position,'throws' may only occur before '->',error,'throws' must precede '->',
test/ASTGenParity/Parse/extra/type_expr.swift,message-differs,346,33,error,expected_closure_in,expected 'in' after the closure signature,error,expected 'in' in closure signature,
test/ASTGenParity/Parse/extra/type_expr.swift,message-differs,514,19,error,function_type_no_parens,single argument function types require parentheses,error,expected '(' to start function type,
test/ASTGenParity/Parse/extra/type_expr.swift,wrong-column,342,16,error,async_or_throws_in_wrong_position,'throws' may only occur before '->',error,expected '->' in array element,
test/ASTGenParity/Parse/extra/type_expr.swift,missing,38,22,error,protocol_method_with_body,protocol methods must not have bodies,,,
test/ASTGenParity/Parse/extra/type_expr.swift,missing,39,19,error,protocol_method_with_body,protocol methods must not have bodies,,,
test/ASTGenParity/Parse/extra/type_expr.swift,missing,43,10,error,protocol_init_with_body,protocol initializers must not have bodies,,,
test/ASTGenParity/Parse/extra/type_expr.swift,missing,342,27,error,statement_same_line_without_semi,consecutive statements on a line must be separated by ';',,,
test/ASTGenParity/Parse/extra/type_expr.swift,extra,341,21,,,,note,move 'throws' in front of '->',
test/ASTGenParity/Parse/extra/type_expr.swift,extra,342,23,,,,note,insert '->',
test/ASTGenParity/Parse/extra/type_expr.swift,extra,346,33,,,,note,insert 'in',
test/ASTGenParity/Parse/extra/type_expr.swift,extra,514,19,,,,note,insert '(',
test/ASTGenParity/Parse/extra/type_expr.swift,extra,514,23,,,,error,expected ')' in function type,
test/ASTGenParity/Parse/extra/type_expr.swift,extra,514,23,,,,note,insert ')',
test/ASTGenParity/Parse/extra/type_parameter_packs.swift,matched,6,18,error,associatedtype_cannot_be_variadic,associated types cannot be variadic,error,associated types cannot be variadic,
test/ASTGenParity/Parse/extra/type_parameter_packs.swift,matched,7,18,error,associatedtype_cannot_be_variadic,associated types cannot be variadic,error,associated types cannot be variadic,
test/ASTGenParity/Parse/extra/type_parameter_packs.swift,message-differs,7,24,error,associated_type_generic_parameter_list,associated types must not have a generic parameter list,error,expected 'func' in function,
test/ASTGenParity/Parse/extra/type_parameter_packs.swift,matched,10,19,error,associatedtype_cannot_be_variadic,associated types cannot be variadic,error,associated types cannot be variadic,
test/ASTGenParity/Parse/extra/type_parameter_packs.swift,message-differs,11,19,error,associated_type_generic_parameter_list,associated types must not have a generic parameter list,error,consecutive declarations on a line must be separated by newline or ';',
test/ASTGenParity/Parse/extra/type_parameter_packs.swift,message-differs,11,22,error,associatedtype_cannot_be_variadic,associated types cannot be variadic,error,expected parameter clause in function signature,
test/ASTGenParity/Parse/extra/type_parameter_packs.swift,wrong-column,38,19,error,type_parameter_pack_ellipsis,ellipsis operator cannot be used with a type parameter pack,error,ellipsis operator cannot be used with a type parameter pack,
test/ASTGenParity/Parse/extra/type_parameter_packs.swift,wrong-column,41,28,error,type_parameter_pack_ellipsis,ellipsis operator cannot be used with a type parameter pack,error,ellipsis operator cannot be used with a type parameter pack,
test/ASTGenParity/Parse/extra/type_parameter_packs.swift,extra,6,18,,,,note,remove 'each',
test/ASTGenParity/Parse/extra/type_parameter_packs.swift,extra,7,18,,,,note,remove 'each',
test/ASTGenParity/Parse/extra/type_parameter_packs.swift,extra,7,24,,,,note,insert 'func',
test/ASTGenParity/Parse/extra/type_parameter_packs.swift,extra,7,27,,,,error,expected parameter clause in function signature,
test/ASTGenParity/Parse/extra/type_parameter_packs.swift,extra,7,27,,,,note,insert parameter clause,
test/ASTGenParity/Parse/extra/type_parameter_packs.swift,extra,10,19,,,,note,remove '...',
test/ASTGenParity/Parse/extra/type_parameter_packs.swift,extra,11,19,,,,note,insert newline,
test/ASTGenParity/Parse/extra/type_parameter_packs.swift,extra,11,19,,,,note,insert ';',
test/ASTGenParity/Parse/extra/type_parameter_packs.swift,extra,11,19,,,,error,expected 'func' in function,
test/ASTGenParity/Parse/extra/type_parameter_packs.swift,extra,11,19,,,,note,insert 'func',
test/ASTGenParity/Parse/extra/type_parameter_packs.swift,extra,11,22,,,,note,insert parameter clause,
test/ASTGenParity/Parse/extra/type_parameter_packs.swift,extra,11,22,,,,error,unexpected code '...' in protocol,
test/ASTGenParity/Parse/extra/type_parameter_packs.swift,extra,38,16,,,,note,replace '...' with 'each',
test/ASTGenParity/Parse/extra/type_parameter_packs.swift,extra,41,25,,,,note,remove '...',
test/ASTGenParity/Parse/extra/typealias.swift,message-differs,12,16,error,expected_equal_in_typealias,expected '=' in type alias declaration,error,expected '=' in typealias declaration,
test/ASTGenParity/Parse/extra/typealias.swift,message-differs,13,15,error,expected_equal_in_typealias,expected '=' in type alias declaration,error,expected '=' in typealias declaration,
test/ASTGenParity/Parse/extra/typealias.swift,message-differs,14,16,error,expected_equal_in_typealias,expected '=' in type alias declaration,error,expected '=' in typealias declaration,
test/ASTGenParity/Parse/extra/typealias.swift,message-differs,15,15,error,expected_equal_in_typealias,expected '=' in type alias declaration,error,expected '=' in typealias declaration,
test/ASTGenParity/Parse/extra/typealias.swift,message-differs,21,21,error,expected_equal_in_typealias,expected '=' in type alias declaration,error,expected '=' in typealias declaration,
test/ASTGenParity/Parse/extra/typealias.swift,message-differs,26,21,error,expected_equal_in_typealias,expected '=' in type alias declaration,error,expected '=' in typealias declaration,
test/ASTGenParity/Parse/extra/typealias.swift,message-differs,28,21,error,expected_equal_in_typealias,expected '=' in type alias declaration,error,expected '=' in typealias declaration,
test/ASTGenParity/Parse/extra/typealias.swift,message-differs,28,26,error,statement_same_line_without_semi,consecutive statements on a line must be separated by ';',error,"unexpected code ', Float' in source file",
test/ASTGenParity/Parse/extra/typealias.swift,message-differs,32,23,error,expected_type_in_typealias,expected type in type alias declaration,error,expected type in typealias declaration,
test/ASTGenParity/Parse/extra/typealias.swift,matched,34,11,error,keyword_cant_be_identifier,keyword 'switch' cannot be used as an identifier here,error,keyword 'switch' cannot be used as an identifier here,
test/ASTGenParity/Parse/extra/typealias.swift,matched,34,11,note,backticks_to_escape,"if this name is unavoidable, use backticks to escape it",note,"if this name is unavoidable, use backticks to escape it",
test/ASTGenParity/Parse/extra/typealias.swift,wrong-column,19,20,error,expected_equal_in_typealias,expected '=' in type alias declaration,error,expected '=' and type in typealias declaration,
test/ASTGenParity/Parse/extra/typealias.swift,wrong-column,21,22,error,expected_type_in_typealias,expected type in type alias declaration,error,expected type in typealias declaration,
test/ASTGenParity/Parse/extra/typealias.swift,wrong-column,24,22,error,expected_type_in_typealias,expected type in type alias declaration,error,expected type in typealias declaration,
test/ASTGenParity/Parse/extra/typealias.swift,missing,28,26,error,expected_expr,expected expression,,,
test/ASTGenParity/Parse/extra/typealias.swift,extra,12,16,,,,note,replace ':' with '=',
test/ASTGenParity/Parse/extra/typealias.swift,extra,13,15,,,,note,replace ':' with '=',
test/ASTGenParity/Parse/extra/typealias.swift,extra,14,16,,,,note,replace ':' with '=',
test/ASTGenParity/Parse/extra/typealias.swift,extra,15,15,,,,note,replace ':' with '=',
test/ASTGenParity/Parse/extra/typealias.swift,extra,19,81,,,,note,insert '=' and type,
test/ASTGenParity/Parse/extra/typealias.swift,extra,21,21,,,,note,replace ':' with '=',
test/ASTGenParity/Parse/extra/typealias.swift,extra,21,83,,,,note,insert type,
test/ASTGenParity/Parse/extra/typealias.swift,extra,24,84,,,,note,insert type,
test/ASTGenParity/Parse/extra/typealias.swift,extra,26,21,,,,note,replace ':' with '=',
test/ASTGenParity/Parse/extra/typealias.swift,extra,28,21,,,,note,replace ':' with '=',
test/ASTGenParity/Parse/extra/typealias.swift,extra,32,23,,,,note,insert type,
test/ASTGenParity/Parse/extra/typealias.swift,extra,32,23,,,,error,unexpected code '=' in source file,
test/ASTGenParity/Parse/mixed/typed_throws.swift,message-differs,28,32,error,expected_thrown_error_type,expected thrown error type after 'throws(',error,expected thrown type in throws clause,
test/ASTGenParity/Parse/mixed/typed_throws.swift,missing,31,35,error,rethrows_with_thrown_error,'rethrows' cannot be combined with a specific thrown error type,,,
test/ASTGenParity/Parse/mixed/typed_throws.swift,extra,28,32,,,,note,insert thrown type,
test/ASTGenParity/Parse/mixed/unclosed-string-interpolation.swift,message-differs,13,17,error,lex_unterminated_string,unterminated string literal,error,expected ')' in string literal,
test/ASTGenParity/Parse/mixed/unclosed-string-interpolation.swift,wrong-column,5,5,error,lex_unterminated_string,unterminated string literal,error,expected ')' in string literal,
test/ASTGenParity/Parse/mixed/unclosed-string-interpolation.swift,wrong-column,9,15,error,lex_unterminated_string,unterminated string literal,error,"expected '""' to end string literal",
test/ASTGenParity/Parse/mixed/unclosed-string-interpolation.swift,wrong-column,13,27,error,string_interpolation_unclosed,cannot find ')' to match opening '(' in string interpolation,error,unexpected code 'let equation1 =' in string literal,
test/ASTGenParity/Parse/mixed/unclosed-string-interpolation.swift,wrong-severity,5,14,error,string_interpolation_unclosed,cannot find ')' to match opening '(' in string interpolation,note,to match this opening '(',
test/ASTGenParity/Parse/mixed/unclosed-string-interpolation.swift,wrong-severity,9,23,error,string_interpolation_unclosed,cannot find ')' to match opening '(' in string interpolation,note,to match this opening '(',
test/ASTGenParity/Parse/mixed/unclosed-string-interpolation.swift,missing,17,9,error,lex_unterminated_string,unterminated string literal,,,
test/ASTGenParity/Parse/mixed/unclosed-string-interpolation.swift,missing,17,11,error,string_interpolation_unclosed,cannot find ')' to match opening '(' in string interpolation,,,
test/ASTGenParity/Parse/mixed/unclosed-string-interpolation.swift,missing,21,11,error,lex_unterminated_string,unterminated string literal,,,
test/ASTGenParity/Parse/mixed/unclosed-string-interpolation.swift,missing,21,13,error,string_interpolation_unclosed,cannot find ')' to match opening '(' in string interpolation,,,
test/ASTGenParity/Parse/mixed/unclosed-string-interpolation.swift,missing,25,19,error,lex_unterminated_string,unterminated string literal,,,
test/ASTGenParity/Parse/mixed/unclosed-string-interpolation.swift,missing,25,33,error,string_interpolation_unclosed,cannot find ')' to match opening '(' in string interpolation,,,
test/ASTGenParity/Parse/mixed/unclosed-string-interpolation.swift,missing,31,5,error,lex_unterminated_string,unterminated string literal,,,
test/ASTGenParity/Parse/mixed/unclosed-string-interpolation.swift,missing,32,2,error,string_interpolation_unclosed,cannot find ')' to match opening '(' in string interpolation,,,
test/ASTGenParity/Parse/mixed/unclosed-string-interpolation.swift,extra,5,19,,,,note,insert ')',
test/ASTGenParity/Parse/mixed/unclosed-string-interpolation.swift,extra,9,24,,,,note,"to match this opening '""'",
test/ASTGenParity/Parse/mixed/unclosed-string-interpolation.swift,extra,9,25,,,,note,"insert '""'",
test/ASTGenParity/Parse/mixed/unclosed-string-interpolation.swift,extra,13,17,,,,note,insert ')',
test/ASTGenParity/Parse/mixed/unclosed-string-interpolation.swift,extra,13,18,,,,error,unexpected code in source file,
test/ASTGenParity/Parse/ifconfig/unknown_platform.swift,extra,4,5,,,,error,invalid conditional compilation expression,ifconfig_condition
test/ASTGenParity/Parse/ifconfig/unknown_platform.swift,extra,17,24,,,,error,invalid conditional compilation expression,ifconfig_condition
test/ASTGenParity/Parse/ifconfig/unknown_platform.swift,extra,22,23,,,,error,invalid conditional compilation expression,ifconfig_condition
test/ASTGenParity/Parse/ifconfig/unknown_platform.swift,extra,27,18,,,,error,invalid conditional compilation expression,ifconfig_condition
test/ASTGenParity/Parse/ifconfig/upcoming_feature.swift,extra,4,5,,,,error,'hasFeature' requires a single unlabeled argument for the feature,ifconfig_condition
test/ASTGenParity/Parse/passing/utf16_bom.swift,message-differs,2,1,error,lex_utf16_bom_marker,input files must be encoded as UTF-8 instead of UTF-16,error,invalid UTF-8 found in source file,
test/ASTGenParity/Parse/mixed/validate_new_parser_diagnostics.swift,message-differs,13,17,error,async_or_throws_in_wrong_position,'async' may only occur before '->',error,'async throws' must precede '->',
test/ASTGenParity/Parse/mixed/validate_new_parser_diagnostics.swift,missing,13,23,error,async_or_throws_in_wrong_position,'throws' may only occur before '->',,,
test/ASTGenParity/Parse/mixed/validate_new_parser_diagnostics.swift,extra,13,17,,,,note,move 'async throws' in front of '->',
